intent_id,strategy_decision_id,signal_close_utc,decision_time_utc,execution_time_utc,split,strategy_reason,target_weight,pre_trade_equity_cad,requested_delta_cad,rebalance_band_cad,outcome,trade_id,remaining_btc_after_attempt
intent_b59b5bd3b2924ac31284868e,e65cd7aae8e57a4694252445754a2a98590dd4b0207cfb7e87297ce047926c1b,2018-09-20T00:00:00Z,2018-09-20T00:15:00Z,2018-09-20T00:16:00Z,development,non_positive_momentum,0,1000,0,50,within_band,,
intent_6ec114425101d5213845c73d,8a29c2dcf78665337b6077107329386a438db3dd15990245fb20f62be44a12cf,2018-09-21T00:00:00Z,2018-09-21T00:15:00Z,2018-09-21T00:15:00Z,development,below_trend,0,1000,0,50,no_fill_reference_unavailable,,
intent_702f3ea8ffcd185fb024a4b1,5b01d57a814ff5f5d44d20bc5a6eeb892c1f0979e04043854771338d325f6a2e,2018-09-22T00:00:00Z,2018-09-22T00:15:00Z,2018-09-22T00:16:00Z,development,below_trend,0,1000,0,50,within_band,,
intent_9334b8631b822fe724593fc9,8820b649e5e70334ab587a0a11777746547e77d772d2dc3586c6d12516ac7099,2018-09-23T00:00:00Z,2018-09-23T00:15:00Z,2018-09-23T00:18:00Z,development,below_trend,0,1000,0,50,within_band,,
intent_38d24405cf45cbf9d254e0b7,329eb85e5ec81d428faa2ed87432e65defbb5ed1f42d0f90533a905d836f605d,2018-09-24T00:00:00Z,2018-09-24T00:15:00Z,2018-09-24T00:15:00Z,development,below_trend,0,1000,0,50,no_fill_reference_unavailable,,
intent_263364565c7216ffb27eb343,59dba5717c35bf3b3acda422a3406e93e3c8003ff2d0b4022aebb48d38c637c2,2018-09-25T00:00:00Z,2018-09-25T00:15:00Z,2018-09-25T00:18:00Z,development,below_trend,0,1000,0,50,within_band,,
intent_3278eef67b9a7f06e9702d36,740550086ae863f5d5b768e8bc52625f6fd499366cf5a2f2268b3b28d4265790,2018-09-26T00:00:00Z,2018-09-26T00:15:00Z,2018-09-26T00:15:00Z,development,below_trend,0,1000,0,50,no_fill_reference_unavailable,,
intent_92771346fc674b9e37f7a7b4,e17d0d70e288f438d97b2e95a7aed011108b94ceef59017633330f0ef0d97302,2018-09-27T00:00:00Z,2018-09-27T00:15:00Z,2018-09-27T00:20:00Z,development,below_trend,0,1000,0,50,within_band,,
intent_fbad08917997b607d94c3a78,b353155885d45da5f4850046819aaf402e648cd36f40db29065f4bb11472756e,2018-09-28T00:00:00Z,2018-09-28T00:15:00Z,2018-09-28T00:20:00Z,development,below_trend,0,1000,0,50,within_band,,
intent_c6dfb5b58bf43002675cb947,0ad669c5eb53c8853c820aed6cee5095478076d375069c2b7fe6564c32516501,2018-09-29T00:00:00Z,2018-09-29T00:15:00Z,2018-09-29T00:15:00Z,development,below_trend,0,1000,0,50,no_fill_reference_unavailable,,
intent_411cb0c4c3fae60a64dca757,8637b176e031d0b6f87e1e8e77a53d7003210523eae0d8ed261178149a1e1fcc,2018-09-30T00:00:00Z,2018-09-30T00:15:00Z,2018-09-30T00:15:00Z,development,below_trend,0,1000,0,50,no_fill_reference_unavailable,,
intent_1a456ab25489286d9b47da48,483c3df857906e8dd2b4e857345a3ae229cc1688e3885382f647316bb144baba,2018-10-01T00:00:00Z,2018-10-01T00:15:00Z,2018-10-01T00:15:00Z,development,non_positive_momentum,0,1000,0,50,no_fill_reference_unavailable,,
intent_ae3b5e2c5c80cc256cf1d310,6634e16909eb9b20028801b95abcefb041e11cf572a3086483d174d7dd8ce46e,2018-10-02T00:00:00Z,2018-10-02T00:15:00Z,2018-10-02T00:15:00Z,development,below_trend,0,1000,0,50,no_fill_reference_unavailable,,
intent_dc54dafa687c1c3e414ed296,d5a838f0953f10333fca520f3f4421f9159bc9de3b4c68170aec5220d0af9365,2018-10-03T00:00:00Z,2018-10-03T00:15:00Z,2018-10-03T00:15:00Z,development,non_positive_momentum,0,1000,0,50,no_fill_reference_unavailable,,
intent_a0957ff3edfdf187fb5b46f4,702d9c029bebdd40feb76078d1e1f13683ad7c30762c6c0cd0a792b40893caa1,2018-10-04T00:00:00Z,2018-10-04T00:15:00Z,2018-10-04T00:19:00Z,development,non_positive_momentum,0,1000,0,50,within_band,,
intent_500bd2adb51253cd8be743f6,dee4de93564a8572b3cbcf41772ec83738bea344f0bd963388fcb0c0f625631d,2018-10-05T00:00:00Z,2018-10-05T00:15:00Z,2018-10-05T00:15:00Z,development,non_positive_momentum,0,1000,0,50,no_fill_reference_unavailable,,
intent_88b157344051a2c4b371fbf8,7cae274af450778195c1e3427946736807af859d0df256bf9cfb1db0d779a987,2018-10-06T00:00:00Z,2018-10-06T00:15:00Z,2018-10-06T00:19:00Z,development,non_positive_momentum,0,1000,0,50,within_band,,
intent_7d0bc580805280b0c6f3eb34,6b047d21e133bd188b438ebc6f8316051d10e8925e9a8d7f81d9d3c0f2c97dc7,2018-10-07T00:00:00Z,2018-10-07T00:15:00Z,2018-10-07T00:15:00Z,development,non_positive_momentum,0,1000,0,50,no_fill_reference_unavailable,,
intent_8b48c85844016ee00427b363,771fda3ff7c0244952a4972413b4504ae8c06808e7f2bee0207226b99e66f6e7,2018-10-08T00:00:00Z,2018-10-08T00:15:00Z,2018-10-08T00:19:00Z,development,non_positive_momentum,0,1000,0,50,within_band,,
intent_38dad8e91e3658b4f3565851,70b4a4863715cde9b44e88957f651683bf064324b5eaaa20d6a4e69c779fc1b3,2018-10-09T00:00:00Z,2018-10-09T00:15:00Z,2018-10-09T00:18:00Z,development,below_trend,0,1000,0,50,within_band,,
intent_ab63e763c0ef7733ff082d05,e04e42dff771fe8f4ab465f60389c2df6252a6e7a568bcaab3c339be2e7f4205,2018-10-10T00:00:00Z,2018-10-10T00:15:00Z,2018-10-10T00:15:00Z,development,below_trend,0,1000,0,50,no_fill_reference_unavailable,,
intent_5fffefc6d820184105f0ea1d,c55619e477f0e4e1ec4767d00b66c578f14ed55e6ff2d0aaac24b4b8e3b4ccd5,2018-10-11T00:00:00Z,2018-10-11T00:15:00Z,2018-10-11T00:16:00Z,development,below_trend,0,1000,0,50,within_band,,
intent_3618b30e99ef4cccfe343901,b4985ef7fd97509ba7c6222ed3a920715c0c56a49d8df3298ab5b7d1a5236f4f,2018-10-12T00:00:00Z,2018-10-12T00:15:00Z,2018-10-12T00:15:00Z,development,below_trend,0,1000,0,50,no_fill_reference_unavailable,,
intent_2b9d51e208a00374616c39a1,3a8d67bc53b88b1c65014555ad3004e952d4ff695c38b889c68d46a24dcc626c,2018-10-13T00:00:00Z,2018-10-13T00:15:00Z,2018-10-13T00:16:00Z,development,below_trend,0,1000,0,50,within_band,,
intent_3d30130ecceefa99b364b30f,71af3e6097159fb3ca0eaf1eaec79b198ad12f937ce2fc55797c5f854d8eb65c,2018-10-14T00:00:00Z,2018-10-14T00:15:00Z,2018-10-14T00:15:00Z,development,below_trend,0,1000,0,50,no_fill_reference_unavailable,,
intent_d3d6109e6ab171e9f14d6b23,08fe8e753c6d445cd992e06fc1d46fc7be15ae2d52279db3830c58ae533e8669,2018-10-15T00:00:00Z,2018-10-15T00:15:00Z,2018-10-15T00:16:00Z,development,non_positive_momentum,0,1000,0,50,within_band,,
intent_9d84caf5c4dd3c51216937e1,78c325291743453627e9ec9a9c281837b255b85141478cced0ac724f291836ba,2018-10-16T00:00:00Z,2018-10-16T00:15:00Z,2018-10-16T00:17:00Z,development,non_positive_momentum,0,1000,0,50,within_band,,
intent_90bd4ea84a2321eed59d3d1e,9740a9c7112c79be8158206ed393400cc24c8524561e09f8dd56821805343c28,2018-10-17T00:00:00Z,2018-10-17T00:15:00Z,2018-10-17T00:17:00Z,development,non_positive_momentum,0,1000,0,50,within_band,,
intent_790926d5ec4ceb3611b6e016,2c2b53b29fd0348207b137b2e0b05b25bb0c371f55bf364ef6f602395fb355ca,2018-10-18T00:00:00Z,2018-10-18T00:15:00Z,2018-10-18T00:18:00Z,development,non_positive_momentum,0,1000,0,50,within_band,,
intent_3fc65a6663a3d3cd4c26b24b,7f3264e41ffb6bfa92dec272a56570b9536da966fe5ca0dd2ae8436d110b10e9,2018-10-19T00:00:00Z,2018-10-19T00:15:00Z,2018-10-19T00:15:00Z,development,non_positive_momentum,0,1000,0,50,no_fill_reference_unavailable,,
intent_7b4733f7b5c347cc0955c25c,641d5b1b2a038be6536df5566d50f76e74e22a2c193d4b22e5728c452a73bb93,2018-10-20T00:00:00Z,2018-10-20T00:15:00Z,2018-10-20T00:17:00Z,development,non_positive_momentum,0,1000,0,50,within_band,,
intent_8792f38eeef52e3ba2d59a1d,3f7bb360fe770acf50912fe2440f9eb08796a05a045311c12d1e88b358fb2546,2018-10-21T00:00:00Z,2018-10-21T00:15:00Z,2018-10-21T00:20:00Z,development,non_positive_momentum,0,1000,0,50,within_band,,
intent_cd2123bb9d9cf413b4ad7d4e,34f7e3037662e9e72c600af0d972e25961f7368cf7ecd12195c60e5294d1eed3,2018-10-22T00:00:00Z,2018-10-22T00:15:00Z,2018-10-22T00:15:00Z,development,non_positive_momentum,0,1000,0,50,no_fill_reference_unavailable,,
intent_0861ba65f4ef9f5d33c38884,3224794fb9176a58b3b08fa5fa3b3ac4314ce2e5d1999a6d1cdf67c22ebeedbe,2018-10-23T00:00:00Z,2018-10-23T00:15:00Z,2018-10-23T00:18:00Z,development,non_positive_momentum,0,1000,0,50,within_band,,
intent_50b45d5fb72a7923e151dfaa,e41529bf486ea3e25ed1794fb2519df03679e703636d31d7271dc184c25b322c,2018-10-24T00:00:00Z,2018-10-24T00:15:00Z,2018-10-24T00:17:00Z,development,non_positive_momentum,0,1000,0,50,within_band,,
intent_4e44ffab827cd480ed924d83,e3dd7445f4050247298d5bcd44b94968b6e80bbcd531755e29314b252e7d9cff,2018-10-25T00:00:00Z,2018-10-25T00:15:00Z,2018-10-25T00:17:00Z,development,non_positive_momentum,0,1000,0,50,within_band,,
intent_d3d02aef314f5ca27bb0a600,05d81f339bbdfdfd9f3a75ca09e2cf8aaf909f65fe25fd2ec57c83982da638a3,2018-10-26T00:00:00Z,2018-10-26T00:15:00Z,2018-10-26T00:16:00Z,development,non_positive_momentum,0,1000,0,50,within_band,,
intent_5d543e20ccc364687b129773,3424fc701b494067440afc15f92d6cfc5168834f59db07025389b4a3f2558c2a,2018-10-27T00:00:00Z,2018-10-27T00:15:00Z,2018-10-27T00:17:00Z,development,non_positive_momentum,0,1000,0,50,within_band,,
intent_f8ffef9d1248d995a303f699,d15ff434622bb312dae2029ec7a6e1084cd3604335470f647d8c7d0ab4c48456,2018-10-28T00:00:00Z,2018-10-28T00:15:00Z,2018-10-28T00:19:00Z,development,non_positive_momentum,0,1000,0,50,within_band,,
intent_94071b24dfd732ae986c96aa,5f1692a25100af0b299219bbf4cd6e4210e9e799db0a183e5abb0555b6e70ab5,2018-10-29T00:00:00Z,2018-10-29T00:15:00Z,2018-10-29T00:18:00Z,development,non_positive_momentum,0,1000,0,50,within_band,,
intent_da72c8a70bf2a4419b22609e,1fa9c1827de00b0e079a69e3f38dc92f9ce85191ee078b77c8e496c8b9aec1ff,2018-10-30T00:00:00Z,2018-10-30T00:15:00Z,2018-10-30T00:16:00Z,development,non_positive_momentum,0,1000,0,50,within_band,,
intent_26179cc040909a071ef4730a,bf0033a1545e7f7f92b36426d1bb2e4def0a5442271fa6961b0e2299860ffe0d,2018-10-31T00:00:00Z,2018-10-31T00:15:00Z,2018-10-31T00:16:00Z,development,non_positive_momentum,0,1000,0,50,within_band,,
intent_ec367ed3d57eca4ab4924a1e,3c6a11700c47a1b8b87af14e81b89872434d0bfa666830169a40d26f28ee22da,2018-11-01T00:00:00Z,2018-11-01T00:15:00Z,2018-11-01T00:16:00Z,development,non_positive_momentum,0,1000,0,50,within_band,,
intent_95abc39684ace8bfb6d3407c,3bfd14187c15abb06213b2a8116240783194c46eb3dcda861ba5bba9e679425d,2018-11-02T00:00:00Z,2018-11-02T00:15:00Z,2018-11-02T00:16:00Z,development,non_positive_momentum,0,1000,0,50,within_band,,
intent_796718d444d0cf29e5cb539d,088516ecba0b0ad96be9020291a5b1f5594a62971e74fda762786cf7c1b0a220,2018-11-03T00:00:00Z,2018-11-03T00:15:00Z,2018-11-03T00:16:00Z,development,non_positive_momentum,0,1000,0,50,within_band,,
intent_7644b9830709087736d7b5cc,11a7d36166001f972ed7a5f2a17da778abc81e2e629a732526702df772bf04b1,2018-11-04T00:00:00Z,2018-11-04T00:15:00Z,2018-11-04T00:16:00Z,development,non_positive_momentum,0,1000,0,50,within_band,,
intent_7233f4f410c831a8ad7a4497,897ddea4ca36b24d1a266d0f5625a5db7f7d35889b8834e19e22817f7e8cd293,2018-11-05T00:00:00Z,2018-11-05T00:15:00Z,2018-11-05T00:17:00Z,development,non_positive_momentum,0,1000,0,50,within_band,,
intent_3e94217675b43487f158463c,7e27bee401a915dbe890c495779ccabfc59ac6da2f740048f2bed4a268ab89b8,2018-11-06T00:00:00Z,2018-11-06T00:15:00Z,2018-11-06T00:17:00Z,development,non_positive_momentum,0,1000,0,50,within_band,,
intent_eb0ba4d20b402366ad31a702,40e90dfac7dd10a1ea6b6498a4360883b1cc625a62af77353cc3822273f8ddc2,2018-11-07T00:00:00Z,2018-11-07T00:15:00Z,2018-11-07T00:17:00Z,development,below_trend,0,1000,0,50,within_band,,
intent_46484969af1f9151c2c2b074,d9aa3d9a95ef2336aafa8a5d7e098dd16e881227d3ff19f0bdbaf5ccf3eec766,2018-11-08T00:00:00Z,2018-11-08T00:15:00Z,2018-11-08T00:17:00Z,development,non_positive_momentum,0,1000,0,50,within_band,,
intent_60ab86aea457290d5ae78867,488e3c87af7b1e4ac5b3f193e084472b8cfc69ca5de2cd032298943404aabc76,2018-11-09T00:00:00Z,2018-11-09T00:15:00Z,2018-11-09T00:16:00Z,development,below_trend,0,1000,0,50,within_band,,
intent_f1dfb0a249952162186988ab,6f2d3536b690ed3bce745ff5b02e001bbaab28d950d116c6ceb86311979192db,2018-11-10T00:00:00Z,2018-11-10T00:15:00Z,2018-11-10T00:16:00Z,development,non_positive_momentum,0,1000,0,50,within_band,,
intent_249d7191184137497cb5596f,e8aaa627a0cf9381a03f605cbb06cde59de131fc3dbf106e2c95dd053ec85187,2018-11-11T00:00:00Z,2018-11-11T00:15:00Z,2018-11-11T00:15:00Z,development,non_positive_momentum,0,1000,0,50,no_fill_reference_unavailable,,
intent_6a31333faf240afc82a379cb,a29f32bbc1c3383c80b9219868babe1ac2b11bdb63be01d0404a2f63cfb1f667,2018-11-12T00:00:00Z,2018-11-12T00:15:00Z,2018-11-12T00:17:00Z,development,below_trend,0,1000,0,50,within_band,,
intent_ca90bd6cf57e1723eaa34958,12e2bccc5a7b903e7ad26605ba7d1954bf499835df6da980b7e57029dc6048c8,2018-11-13T00:00:00Z,2018-11-13T00:15:00Z,2018-11-13T00:17:00Z,development,below_trend,0,1000,0,50,within_band,,
intent_757d6f02bf31c6fb724b3ffb,a6f7cb6581d296afad022c1bf18dca109e5f9d0370b5aa6aaca124c222dba3dc,2018-11-14T00:00:00Z,2018-11-14T00:15:00Z,2018-11-14T00:17:00Z,development,non_positive_momentum,0,1000,0,50,within_band,,
intent_fcf445b0a01fedfb199f3891,cfa0f8d4ed9c7a06b7f528a79dd8801d9b26a6f7e1e2a9a743be36ea8efa01b9,2018-11-15T00:00:00Z,2018-11-15T00:15:00Z,2018-11-15T00:18:00Z,development,non_positive_momentum,0,1000,0,50,within_band,,
intent_9d8102dd7d219cbb8d4df9ab,e218f4eda7e969d421c00529567bc43fcc854ea278851fa8f3ec1955d61d62d3,2018-11-16T00:00:00Z,2018-11-16T00:15:00Z,2018-11-16T00:17:00Z,development,non_positive_momentum,0,1000,0,50,within_band,,
intent_41e6ab6b42a766fac11fd03a,53d9311d9bebd435a1c116095ae2b316c04ba6b032a6d3c019719660ccea7ae2,2018-11-17T00:00:00Z,2018-11-17T00:15:00Z,2018-11-17T00:15:00Z,development,non_positive_momentum,0,1000,0,50,no_fill_reference_unavailable,,
intent_4c2de26217817cb1e535ee5d,790e920efcded621611cce641d82759c135529d7903e6ac8f3b5c4071c634279,2018-11-18T00:00:00Z,2018-11-18T00:15:00Z,2018-11-18T00:18:00Z,development,non_positive_momentum,0,1000,0,50,within_band,,
intent_c17279ac53a4c0c8a3204e9f,63256425b7752a0a06a4f6160655ca9dde7a48df0e28902300249b7b1f56d12d,2018-11-19T00:00:00Z,2018-11-19T00:15:00Z,2018-11-19T00:16:00Z,development,non_positive_momentum,0,1000,0,50,within_band,,
intent_ff421c143d2a9de2285ef53f,2af42d233ed0b19d73499ce4818380c6a6b2510c66f07ed8e56c7d749ae9e2e4,2018-11-20T00:00:00Z,2018-11-20T00:15:00Z,2018-11-20T00:16:00Z,development,non_positive_momentum,0,1000,0,50,within_band,,
intent_2d496c940cdcb141a2b93300,7eb102a0f03cfd191f33696f7ab33ec59840906ca7d1169f4eb4678030b68376,2018-11-21T00:00:00Z,2018-11-21T00:15:00Z,2018-11-21T00:16:00Z,development,non_positive_momentum,0,1000,0,50,within_band,,
intent_e9c5d56ed1b4d99b0c81a2e0,0806b5008c777ffb0f933bffdd5d70d591f59195f31a2724da847916f0daf980,2018-11-22T00:00:00Z,2018-11-22T00:15:00Z,2018-11-22T00:16:00Z,development,non_positive_momentum,0,1000,0,50,within_band,,
intent_440f23c246bc27f8f33a806f,5748505d0ccdb6f15d826de3e84274903f2f740d41c288b3598454dc4edb1b3c,2018-11-23T00:00:00Z,2018-11-23T00:15:00Z,2018-11-23T00:17:00Z,development,non_positive_momentum,0,1000,0,50,within_band,,
intent_b1d9d6c5630b9c9a8da0cf61,7ffe83b831a8905944641baad21002c2744ad0d1dcc7e561e37a0e16920d4f0e,2018-11-24T00:00:00Z,2018-11-24T00:15:00Z,2018-11-24T00:16:00Z,development,non_positive_momentum,0,1000,0,50,within_band,,
intent_56e4bfd21d5655351285199a,b01b725a83c1d476bb8dc9a3f6b27523b839644bb861c1423b7e0de98b83b801,2018-11-25T00:00:00Z,2018-11-25T00:15:00Z,2018-11-25T00:20:00Z,development,non_positive_momentum,0,1000,0,50,within_band,,
intent_09f353c96a8065c3b4b3cd81,f23ec78852733be639c853e69c499f08944498fac4c6554bf9e601e2c3bc73a2,2018-11-26T00:00:00Z,2018-11-26T00:15:00Z,2018-11-26T00:19:00Z,development,non_positive_momentum,0,1000,0,50,within_band,,
intent_d473899ccbfdd12809b03742,1f5a8139f0f05734a6ee85ea9bb24bb780e752a79413eea75d97eb61beeaac21,2018-11-27T00:00:00Z,2018-11-27T00:15:00Z,2018-11-27T00:18:00Z,development,non_positive_momentum,0,1000,0,50,within_band,,
intent_db1c45c931f4a1efead7dd1b,9b8458b90692e2c87b1d0ff5db674cdc8dc91387f049d4df6ff481ff126cbe17,2018-11-28T00:00:00Z,2018-11-28T00:15:00Z,2018-11-28T00:19:00Z,development,non_positive_momentum,0,1000,0,50,within_band,,
intent_bd00ddc2a78889683b6c6c83,804eb06890a1bc8500f6abfefe9fe66b71553ff0e30d56f791d56f0aee1e7d19,2018-11-29T00:00:00Z,2018-11-29T00:15:00Z,2018-11-29T00:16:00Z,development,non_positive_momentum,0,1000,0,50,within_band,,
intent_70ae29bf2af3cfca10109a1f,f5ddb570542943f5ed9013c766fcf6ffda00f3f9211fd5b59900942699c65c50,2018-11-30T00:00:00Z,2018-11-30T00:15:00Z,2018-11-30T00:16:00Z,development,non_positive_momentum,0,1000,0,50,within_band,,
intent_b972b3fe42f3b2dc4b7819f4,d37a4f5ddd66d6f66514facc6cf112c874c41123a83c3362be3d95caa1e1d117,2018-12-01T00:00:00Z,2018-12-01T00:15:00Z,2018-12-01T00:16:00Z,development,non_positive_momentum,0,1000,0,50,within_band,,
intent_012ae44c994547f7138d3b1c,308c6a5c59d15c9799717ede8104eca32587dcab154ea4521f8ff08d6f844f8c,2018-12-02T00:00:00Z,2018-12-02T00:15:00Z,2018-12-02T00:19:00Z,development,non_positive_momentum,0,1000,0,50,within_band,,
intent_385e030cc758123c43f3d115,550b717d3a366a3e504aff0e6c0216eb44c6a9b20a44211ef7c6e93ca2ea9181,2018-12-03T00:00:00Z,2018-12-03T00:15:00Z,2018-12-03T00:15:00Z,development,non_positive_momentum,0,1000,0,50,no_fill_reference_unavailable,,
intent_4fb0a697f6c7b638ec874411,7fa659c7984e1c3615caddd54def4252f6c28562a9fb19053e1536e208081eee,2018-12-04T00:00:00Z,2018-12-04T00:15:00Z,2018-12-04T00:16:00Z,development,non_positive_momentum,0,1000,0,50,within_band,,
intent_18ddc0a435886406d4204c60,2b30013273b713c6eab9a831f0f3702ab5bab7b72e2af0df483f4ef927570441,2018-12-05T00:00:00Z,2018-12-05T00:15:00Z,2018-12-05T00:15:00Z,development,non_positive_momentum,0,1000,0,50,no_fill_reference_unavailable,,
intent_2e85814230823741290ca9ac,94ba3000d341d1b288509e0b5bfa5eb4cb26abcffbf033d95688c087642a4e12,2018-12-06T00:00:00Z,2018-12-06T00:15:00Z,2018-12-06T00:20:00Z,development,non_positive_momentum,0,1000,0,50,within_band,,
intent_7ed8d7c4ddf61a12d544ae02,9b328410223af78dec7010170a6a17a7ed8d20625b198b57f791070be6324b76,2018-12-07T00:00:00Z,2018-12-07T00:15:00Z,2018-12-07T00:17:00Z,development,non_positive_momentum,0,1000,0,50,within_band,,
intent_f264a93a7deb17095ad58257,c7a9bbca742d2952e73f840b25473b4a129152e4b892f8d9e0baf2f3ee95017d,2018-12-08T00:00:00Z,2018-12-08T00:15:00Z,2018-12-08T00:20:00Z,development,non_positive_momentum,0,1000,0,50,within_band,,
intent_4f591accc9bfd9bffcbd1e6a,86b9b48e9240385724ad2b6bafd62bd30095fe2101fcb48da3fe94b751f65ef6,2018-12-09T00:00:00Z,2018-12-09T00:15:00Z,2018-12-09T00:15:00Z,development,non_positive_momentum,0,1000,0,50,no_fill_reference_unavailable,,
intent_ddb8bc148713fbf1fda6fbe0,8e64a4f49c95685958a3e9b2eaaa12aa7b7c7430e30ea95650d53676838dc6bb,2018-12-10T00:00:00Z,2018-12-10T00:15:00Z,2018-12-10T00:16:00Z,development,non_positive_momentum,0,1000,0,50,within_band,,
intent_a8fddee6fba66d2b684f4cd8,f79ab525c2b583762648f204869bd28f724912e9fbfbaff779d7acc1f835f45b,2018-12-11T00:00:00Z,2018-12-11T00:15:00Z,2018-12-11T00:16:00Z,development,non_positive_momentum,0,1000,0,50,within_band,,
intent_ccc035f7a1b27e0766d9a878,c81409d116a4d2ce4e22ae4bd201f5c6bc4dceb96059daa2338abcc11a218d46,2018-12-12T00:00:00Z,2018-12-12T00:15:00Z,2018-12-12T00:20:00Z,development,non_positive_momentum,0,1000,0,50,within_band,,
intent_879d015c961627f01f0c948e,0070c9f2a5fc14a3e6a987a49b6befdab562df77d8e5dff8a00e184a548a0a99,2018-12-13T00:00:00Z,2018-12-13T00:15:00Z,2018-12-13T00:16:00Z,development,non_positive_momentum,0,1000,0,50,within_band,,
intent_8703e67379cc46ea5c80cb02,e496ecddbcea7d62e0af0bc413008944355048e5c8ee970e24aae307a287a5bb,2018-12-14T00:00:00Z,2018-12-14T00:15:00Z,2018-12-14T00:18:00Z,development,non_positive_momentum,0,1000,0,50,within_band,,
intent_f2b81f3e7d11975efc0c678c,2b4a608ebe8766541ad9c83fd25b4aa9c6400b82e45f4d002e7f136bdec6b3f0,2018-12-15T00:00:00Z,2018-12-15T00:15:00Z,2018-12-15T00:15:00Z,development,non_positive_momentum,0,1000,0,50,no_fill_reference_unavailable,,
intent_561219a80e2d222c2a15fc1e,7edd78e6638a33eadcca5efa14ddfeb5afe2dbd722f269b33d0a863e61f03ad1,2018-12-16T00:00:00Z,2018-12-16T00:15:00Z,2018-12-16T00:17:00Z,development,non_positive_momentum,0,1000,0,50,within_band,,
intent_4781861b9777a1eebcaeaaf6,ca198a1a3ce0beba84081ca824026a06ef683080013d49ee2d65760814b552a7,2018-12-17T00:00:00Z,2018-12-17T00:15:00Z,2018-12-17T00:17:00Z,development,non_positive_momentum,0,1000,0,50,within_band,,
intent_4b0d6b4e32cf1c283a930ab9,742ccac8092cc10295a99eaf8e99d5b4f40b789732648baab42065d6c002d125,2018-12-18T00:00:00Z,2018-12-18T00:15:00Z,2018-12-18T00:16:00Z,development,non_positive_momentum,0,1000,0,50,within_band,,
intent_ccc6e3334c0eadd480308152,e5aba18a34d7aa4fa54b04c98188b732422481f2ad99e022e26481dfc7a75f1f,2018-12-19T00:00:00Z,2018-12-19T00:15:00Z,2018-12-19T00:18:00Z,development,non_positive_momentum,0,1000,0,50,within_band,,
intent_f9a65de0421d259397afdebe,fe8d0beb5fd6effd638383b6e4ea1ddafa69ad3b2cf5f928507a6043ebdc4073,2018-12-20T00:00:00Z,2018-12-20T00:15:00Z,2018-12-20T00:20:00Z,development,non_positive_momentum,0,1000,0,50,within_band,,
intent_66a145110148eadc19f4dd72,ab7199fdefa5967c74bd0aae29dd476c4ca7c80f0d068145be33ce4a2abed490,2018-12-21T00:00:00Z,2018-12-21T00:15:00Z,2018-12-21T00:16:00Z,development,non_positive_momentum,0,1000,0,50,within_band,,
intent_e3cc260d7cf114fd7f4a085f,8cf739d0c16219927b0a914d1f072c147ac48e892e9ad0bcfee1d8e2264513aa,2018-12-22T00:00:00Z,2018-12-22T00:15:00Z,2018-12-22T00:19:00Z,development,non_positive_momentum,0,1000,0,50,within_band,,
intent_767023c7d8a4851fae55b561,ac83db56f7963baf270544b3e8e184d07b89be221f0e26989e1c19396caea7ca,2018-12-23T00:00:00Z,2018-12-23T00:15:00Z,2018-12-23T00:19:00Z,development,non_positive_momentum,0,1000,0,50,within_band,,
intent_03ced214b0c8e0be01350cdb,22ae2ab1bfb6ba8fdade94c240180ae8cda5dbce37aee001c2bc5ab70e1714c6,2018-12-24T00:00:00Z,2018-12-24T00:15:00Z,2018-12-24T00:18:00Z,development,non_positive_momentum,0,1000,0,50,within_band,,
intent_ca07012310ea1e4b67d7ad0b,bae689ce4df0328a94dcbc3c54d81d37f372427511f8d76bd1a7e30d1bf8aa61,2018-12-25T00:00:00Z,2018-12-25T00:15:00Z,2018-12-25T00:20:00Z,development,non_positive_momentum,0,1000,0,50,within_band,,
intent_0b1f48ce77aeb07a38d823d9,f49e8ca859719292bced8fda62acbbc5628b67c321e09745723c613b6a076cbe,2018-12-26T00:00:00Z,2018-12-26T00:15:00Z,2018-12-26T00:15:00Z,development,non_positive_momentum,0,1000,0,50,no_fill_reference_unavailable,,
intent_26f4d4b5c9bb05db06415d4c,d76027519fca7a0cace935021220c787814d891ea0964358dec29c82fb31a36d,2018-12-27T00:00:00Z,2018-12-27T00:15:00Z,2018-12-27T00:15:00Z,development,non_positive_momentum,0,1000,0,50,no_fill_reference_unavailable,,
intent_0a4489a21353ab4ffde09f60,cd8d40e74468a28a038973509a2096ffa6981c9b3c4d6173a1bf294e814b20c6,2018-12-28T00:00:00Z,2018-12-28T00:15:00Z,2018-12-28T00:15:00Z,development,non_positive_momentum,0,1000,0,50,no_fill_reference_unavailable,,
intent_b20e07c7a73356058155552d,c503c664278229567748e3dd58ca7d2457ee23e14d91da5564436cbd1083ccf8,2018-12-29T00:00:00Z,2018-12-29T00:15:00Z,2018-12-29T00:20:00Z,development,non_positive_momentum,0,1000,0,50,within_band,,
intent_4c4fd5bb2271c46e0ac69fdc,1b2e4f1c2ce783043fd448b31c1d78658c6d699adbaeda46b8a2b8258c46eed9,2018-12-30T00:00:00Z,2018-12-30T00:15:00Z,2018-12-30T00:16:00Z,development,non_positive_momentum,0,1000,0,50,within_band,,
intent_ac8f5ee4abefa31381095e00,d1861f3ce4a9899bb2d2c3fb0dadcb9de31c5ad1d380d3220cceb184c099ccdc,2018-12-31T00:00:00Z,2018-12-31T00:15:00Z,2018-12-31T00:16:00Z,development,non_positive_momentum,0,1000,0,50,within_band,,
intent_a80dcd116969beb05851259c,17ebeeb96221555702075ef2bfb98fca7a62865b4dfec255e4a8da006aca40a3,2019-01-01T00:00:00Z,2019-01-01T00:15:00Z,2019-01-01T00:19:00Z,development,non_positive_momentum,0,1000,0,50,within_band,,
intent_fc8de42da9a0e343069737cf,18a85ebe69438cae2ba575f55d4169f0a09c55875b45147e3c0e15840fba4056,2019-01-02T00:00:00Z,2019-01-02T00:15:00Z,2019-01-02T00:20:00Z,development,non_positive_momentum,0,1000,0,50,within_band,,
intent_ed97eb4c6d38d730dc7ea0cd,10182aa6bacb46c3e502449458a3a52996dd91aec216eb1dc436e147036dbeb9,2019-01-03T00:00:00Z,2019-01-03T00:15:00Z,2019-01-03T00:16:00Z,development,non_positive_momentum,0,1000,0,50,within_band,,
intent_3cb143f9999f16fcdc2b8d13,459e1389926d9d8356cc42faa71718ed2d7af5403dcb73833608ea8d9e72615d,2019-01-04T00:00:00Z,2019-01-04T00:15:00Z,2019-01-04T00:15:00Z,development,non_positive_momentum,0,1000,0,50,no_fill_reference_unavailable,,
intent_b4ed620f24a464cbc36ef3c3,fb1d843fff64fce696115ad3c7f3425df3b0bb3cabb01274b08f3413d47c216f,2019-01-05T00:00:00Z,2019-01-05T00:15:00Z,2019-01-05T00:16:00Z,development,non_positive_momentum,0,1000,0,50,within_band,,
intent_d40c2a3a959dfbade762c7cd,0033354f7c2b64751a96133446a65cea43fb596b10d88a7b2cea7e405f79cd0d,2019-01-06T00:00:00Z,2019-01-06T00:15:00Z,2019-01-06T00:17:00Z,development,non_positive_momentum,0,1000,0,50,within_band,,
intent_fca2b10e5365aeb0633e2471,fcd5efe1b0c03a89fb734a23021906ed9f2c513dee4f589427c96209b5f8cefc,2019-01-07T00:00:00Z,2019-01-07T00:15:00Z,2019-01-07T00:16:00Z,development,non_positive_momentum,0,1000,0,50,within_band,,
intent_cd939048203e4708fd3631e6,4d5eb928b2b442028de0caaa714d91eeb7a991f2bd7fccd7bb51c5638d6e18f0,2019-01-08T00:00:00Z,2019-01-08T00:15:00Z,2019-01-08T00:15:00Z,development,non_positive_momentum,0,1000,0,50,no_fill_reference_unavailable,,
intent_16d0794ce850a7f6fa9fa401,7a9a57035071525bc210badf2eddfc0f0dbbc5f445233f147f6326fc0b1f5245,2019-01-09T00:00:00Z,2019-01-09T00:15:00Z,2019-01-09T00:18:00Z,development,non_positive_momentum,0,1000,0,50,within_band,,
intent_99028219d5a468859cc839c6,a712297e4a628af8b2844afea971dc5dfe5253e06176a9d5d42e7aa8840ee7f0,2019-01-10T00:00:00Z,2019-01-10T00:15:00Z,2019-01-10T00:19:00Z,development,non_positive_momentum,0,1000,0,50,within_band,,
intent_e47d1c092338e88d6ed92e5a,781e8b2ba235922a5da7f44e63a1c9ef9af10875895d98f53fce0034f2057ed7,2019-01-11T00:00:00Z,2019-01-11T00:15:00Z,2019-01-11T00:18:00Z,development,non_positive_momentum,0,1000,0,50,within_band,,
intent_4f6a3836ee0affe248174e58,a824a79c969af8e71e6b0591d56ee585ef756dc78907d1a3714c9c4b0be758c5,2019-01-12T00:00:00Z,2019-01-12T00:15:00Z,2019-01-12T00:18:00Z,development,non_positive_momentum,0,1000,0,50,within_band,,
intent_53519891ff51fd275d25eb69,5dd7c6675f72123800a9feff229193e227bfee00dae2b5db7106c2571de426fe,2019-01-13T00:00:00Z,2019-01-13T00:15:00Z,2019-01-13T00:20:00Z,development,non_positive_momentum,0,1000,0,50,within_band,,
intent_bca1c7fd54b6fef227dd5ca6,7709b857d8ef318807a81ed163589c6ad62d0cf2d0b302528430ed828bb3216e,2019-01-14T00:00:00Z,2019-01-14T00:15:00Z,2019-01-14T00:16:00Z,development,non_positive_momentum,0,1000,0,50,within_band,,
intent_ecd0b8cffeb3ce62fbfa5d44,a14a6f8b4b7938e6ecc9926209e79fa96346c32c28c20b996656ad2584771e26,2019-01-15T00:00:00Z,2019-01-15T00:15:00Z,2019-01-15T00:16:00Z,development,non_positive_momentum,0,1000,0,50,within_band,,
intent_d514b00ac7ed7e334e057c3d,704d8e5274ddfe458854a7d3353d1029a49dcf2ae260185f3ebb21e23484bfe5,2019-01-16T00:00:00Z,2019-01-16T00:15:00Z,2019-01-16T00:17:00Z,development,non_positive_momentum,0,1000,0,50,within_band,,
intent_2936ba94a8cc4cba737d54ae,1b24cc48d02d3c4c5dadebf40dbb83afc53b1cb5d7b1a2ebfbb3e428049bb244,2019-01-17T00:00:00Z,2019-01-17T00:15:00Z,2019-01-17T00:18:00Z,development,non_positive_momentum,0,1000,0,50,within_band,,
intent_10a6fd46ef6c87fdeeff671b,f5aa45228abb7918b51e38ec43f563b4eb4ae5bc1ef98e59623c254b2f01d9bd,2019-01-18T00:00:00Z,2019-01-18T00:15:00Z,2019-01-18T00:16:00Z,development,non_positive_momentum,0,1000,0,50,within_band,,
intent_7dfcc1ef7a76c1a63072e275,15c42161db2a2ab91c13577f20afffc2e762d50c1e09fb21a983c23067601c89,2019-01-19T00:00:00Z,2019-01-19T00:15:00Z,2019-01-19T00:16:00Z,development,non_positive_momentum,0,1000,0,50,within_band,,
intent_0f37ad6b6967dce43056b571,3db4e0a947b744512af2168862a5ef6d3f345280b1d53ec0b9eee720e709a789,2019-01-20T00:00:00Z,2019-01-20T00:15:00Z,2019-01-20T00:20:00Z,development,non_positive_momentum,0,1000,0,50,within_band,,
intent_ede9cb396887d3d3506e837d,fb230396753a15a59a38092edc3dc9c4722841d5ddf5733099f734e08653992a,2019-01-21T00:00:00Z,2019-01-21T00:15:00Z,2019-01-21T00:15:00Z,development,non_positive_momentum,0,1000,0,50,no_fill_reference_unavailable,,
intent_7be082a39a25104fd2e9de8e,3dad44837c235043d3782d024d2af18103ced8e1a70b45b9887031d3b40a2749,2019-01-22T00:00:00Z,2019-01-22T00:15:00Z,2019-01-22T00:17:00Z,development,non_positive_momentum,0,1000,0,50,within_band,,
intent_37c862230a13eef2e35557b5,2a356b4e3bdb2f22db935e1e26d9b0dde08188a0040c9de2ddb30850db96bbb5,2019-01-23T00:00:00Z,2019-01-23T00:15:00Z,2019-01-23T00:16:00Z,development,non_positive_momentum,0,1000,0,50,within_band,,
intent_56eb5ac88888add0d5b49eba,f17e58ede984dac8b9e2270eb0ea81cd94ded63d99dcb59eefd66ca4047471af,2019-01-24T00:00:00Z,2019-01-24T00:15:00Z,2019-01-24T00:16:00Z,development,non_positive_momentum,0,1000,0,50,within_band,,
intent_7e574d3db8843c508e357d9b,5bb37a823f3fa9d329d10137e4542c9f8ea378c94d6a735e2169927f0e505e42,2019-01-25T00:00:00Z,2019-01-25T00:15:00Z,2019-01-25T00:16:00Z,development,non_positive_momentum,0,1000,0,50,within_band,,
intent_c844396d46ea62ec77fc3fa3,ca02c89c26f38813cd7e2ddca2d36e9a4e6a65a0b78ac7f07423b7c4b8f20a95,2019-01-26T00:00:00Z,2019-01-26T00:15:00Z,2019-01-26T00:16:00Z,development,non_positive_momentum,0,1000,0,50,within_band,,
intent_1d4180ba3f23fff76d151c12,a3fe9688865fd59f41307dd90aa53727ff6e203423ad1096e01366730261deb3,2019-01-27T00:00:00Z,2019-01-27T00:15:00Z,2019-01-27T00:20:00Z,development,non_positive_momentum,0,1000,0,50,within_band,,
intent_7246057e24c6e1818b0bfb58,ff596c1e5706a1893675dc995ebd9ee765a3300f8b0e5c7f31251cbc01e6797d,2019-01-28T00:00:00Z,2019-01-28T00:15:00Z,2019-01-28T00:17:00Z,development,non_positive_momentum,0,1000,0,50,within_band,,
intent_d77afd669b1bce5ae3df3b24,1590e14b146e35731f9420683293d6d9a5da5fe0612c4cea96d75e4362824370,2019-01-29T00:00:00Z,2019-01-29T00:15:00Z,2019-01-29T00:16:00Z,development,non_positive_momentum,0,1000,0,50,within_band,,
intent_23a22e839d71d669c0cec34f,cf2c93eb1b13f83685876df58145d887d098f365e515cea8dd972fcd090faae1,2019-01-30T00:00:00Z,2019-01-30T00:15:00Z,2019-01-30T00:18:00Z,development,non_positive_momentum,0,1000,0,50,within_band,,
intent_63a6494f9fca30a84f6e38c4,179814b89b3b55ade8ab6e3d1f87708a255f94e80c81ef6ec3eadb710cc96df7,2019-01-31T00:00:00Z,2019-01-31T00:15:00Z,2019-01-31T00:15:00Z,development,non_positive_momentum,0,1000,0,50,no_fill_reference_unavailable,,
intent_1cf7c5a6c539f9c0ab94ea32,8c3e036f5482fe757c778ff6bbd5a0560ddd9e6a1b87f6a29ad58bc2fc769d97,2019-02-01T00:00:00Z,2019-02-01T00:15:00Z,2019-02-01T00:16:00Z,development,non_positive_momentum,0,1000,0,50,within_band,,
intent_396a450117c69445754b2a5b,96ba2d49b2a23e1aaa5aba0246ba37e7a0ee821feadfcd662fff2d7976434d70,2019-02-02T00:00:00Z,2019-02-02T00:15:00Z,2019-02-02T00:17:00Z,development,non_positive_momentum,0,1000,0,50,within_band,,
intent_8f7e188f5aa636c88f2e6ffb,e67e1f670f9ef14dc3fb2e0d2dd83f4ca73e1a17386dd6d07952b006493458da,2019-02-03T00:00:00Z,2019-02-03T00:15:00Z,2019-02-03T00:18:00Z,development,non_positive_momentum,0,1000,0,50,within_band,,
intent_df0000d89c408b97347212f3,8bd940f8955efef929e78b90a47efedc1091273350c1a00f448a672054125f43,2019-02-04T00:00:00Z,2019-02-04T00:15:00Z,2019-02-04T00:19:00Z,development,non_positive_momentum,0,1000,0,50,within_band,,
intent_94cf4db97792deceacfde78e,d908e41260208865a2cb5e2bc82596679427bf4cd77ec1d202250ac2a4ad1c15,2019-02-05T00:00:00Z,2019-02-05T00:15:00Z,2019-02-05T00:15:00Z,development,non_positive_momentum,0,1000,0,50,no_fill_reference_unavailable,,
intent_71f87bf185aa516a3f48a0d0,3a343c8f4d3fb1c261c0fdba67f6e6e10edc4568482ce4db01a972de66fecdf6,2019-02-06T00:00:00Z,2019-02-06T00:15:00Z,2019-02-06T00:16:00Z,development,non_positive_momentum,0,1000,0,50,within_band,,
intent_c65329a49b3e1e8ca6de6ac8,37e5c468d57b6bdcd392dba3b96bc172a03390ea920a01481d3700e5f1916766,2019-02-07T00:00:00Z,2019-02-07T00:15:00Z,2019-02-07T00:19:00Z,development,non_positive_momentum,0,1000,0,50,within_band,,
intent_489447c48e5d2b64468e7ff1,2562ce581d35a3535b42646db209e1802d55447abe555751bbf6fec2c8fd1d59,2019-02-08T00:00:00Z,2019-02-08T00:15:00Z,2019-02-08T00:15:00Z,development,non_positive_momentum,0,1000,0,50,no_fill_reference_unavailable,,
intent_f6ab5e9225373bc278b085c3,398b8731a4c4e7c219bf04dcf8c9f3e859bc6f2130257979dbc01202c030ac3b,2019-02-09T00:00:00Z,2019-02-09T00:15:00Z,2019-02-09T00:16:00Z,development,non_positive_momentum,0,1000,0,50,within_band,,
intent_ce8be22edf354e6a1d743f0c,a2018bc7a65d70e0f4209b8956feb461a397eeb31aeab90ecd6cb1d67ab13747,2019-02-10T00:00:00Z,2019-02-10T00:15:00Z,2019-02-10T00:16:00Z,development,non_positive_momentum,0,1000,0,50,within_band,,
intent_f17e2dd6aa5874b0ed7e039b,d9b5cb9c726c458c898f5fc0f786941a6c25a0749c28e8444d10f040677c7388,2019-02-11T00:00:00Z,2019-02-11T00:15:00Z,2019-02-11T00:16:00Z,development,non_positive_momentum,0,1000,0,50,within_band,,
intent_12975164a2a2f48a8974b908,b6f78c6424ba2d8fd798fe54194cc6bfae944f22ebbc37462bd0eac634503208,2019-02-12T00:00:00Z,2019-02-12T00:15:00Z,2019-02-12T00:16:00Z,development,non_positive_momentum,0,1000,0,50,within_band,,
intent_97c84a44ba54838b6fa8b504,899c27be3bcb2754b2c7cbf9696d3a94f52a7dc9ed134dda92092ced0d31978c,2019-02-13T00:00:00Z,2019-02-13T00:15:00Z,2019-02-13T00:16:00Z,development,non_positive_momentum,0,1000,0,50,within_band,,
intent_cfc1f7e813dbd26ba8251585,0b86ef6d2193fdccd3562ddce874483b6b5c96b809b09034716066a55379a6eb,2019-02-14T00:00:00Z,2019-02-14T00:15:00Z,2019-02-14T00:17:00Z,development,non_positive_momentum,0,1000,0,50,within_band,,
intent_c4c38a04fb92d4ff6a5cdc1a,f4e264ee89317fa0d9ccc0c040279b33fb9313b3416460f78469d471761b7662,2019-02-15T00:00:00Z,2019-02-15T00:15:00Z,2019-02-15T00:16:00Z,development,non_positive_momentum,0,1000,0,50,within_band,,
intent_c6e5d432ea4afcea05a9ac30,ffd1cf63740e207840d3d683df0ef413f575da76a86d5f1d5b2c587efe42fd95,2019-02-16T00:00:00Z,2019-02-16T00:15:00Z,2019-02-16T00:19:00Z,development,non_positive_momentum,0,1000,0,50,within_band,,
intent_78bb8ff263b0d21bd9f0d47f,2d11ccdc125452df0992d4ccf16e75f0be71b9c19d77b0d7e0037e63a7c1309d,2019-02-17T00:00:00Z,2019-02-17T00:15:00Z,2019-02-17T00:16:00Z,development,non_positive_momentum,0,1000,0,50,within_band,,
intent_6aa1fd8ada66ac2faf7f72df,85475b8f8a41fefe1a834aaa65941ce475392a9f16abd1ca0a2b1d1798d22eb2,2019-02-18T00:00:00Z,2019-02-18T00:15:00Z,2019-02-18T00:17:00Z,development,non_positive_momentum,0,1000,0,50,within_band,,
intent_7b659eb97cf312ae3482a0a9,41c06ad3c101386505e6c4176215e57d0b9b6edfc95dbbf673f606f09b1b533b,2019-02-19T00:00:00Z,2019-02-19T00:15:00Z,2019-02-19T00:16:00Z,development,non_positive_momentum,0,1000,0,50,within_band,,
intent_df0844eeb3333a9bd786b3a2,86b5a0b680c9e58cd12ab1066dc963c3a25c63e5105161f075e9c766695e630e,2019-02-20T00:00:00Z,2019-02-20T00:15:00Z,2019-02-20T00:16:00Z,development,non_positive_momentum,0,1000,0,50,within_band,,
intent_2fe13d42fb03b58d5be75c01,b9ded419974b2b61c2f874d45dc895e352d2212ce3fdd8c6253b0d3722235257,2019-02-21T00:00:00Z,2019-02-21T00:15:00Z,2019-02-21T00:15:00Z,development,non_positive_momentum,0,1000,0,50,no_fill_reference_unavailable,,
intent_bd7f1c988991720393c99bc6,f0ab6f630627a29582511998549ca8c8f23176d54739415543b2a7528fc82728,2019-02-22T00:00:00Z,2019-02-22T00:15:00Z,2019-02-22T00:20:00Z,development,non_positive_momentum,0,1000,0,50,within_band,,
intent_73615dea516f0e4241565e40,074ec61028e38c846e37ed8816f53a59c7b587d1fcbe7ccd01ef6ab2901fefc6,2019-02-23T00:00:00Z,2019-02-23T00:15:00Z,2019-02-23T00:18:00Z,development,below_trend,0,1000,0,50,within_band,,
intent_0321674b1a46d69fdc6270e3,c337688972f7603a8b552c8d6f5a8a83eb3eaeb607438fa3b27eb1682e9469a9,2019-02-24T00:00:00Z,2019-02-24T00:15:00Z,2019-02-24T00:18:00Z,development,below_trend,0,1000,0,50,within_band,,
intent_669bea1ef7dd205583268ed3,c6489696b0b2ab5600ae9ed55321830130a4f4484e7f537f2af1aee5776fd8f8,2019-02-25T00:00:00Z,2019-02-25T00:15:00Z,2019-02-25T00:16:00Z,development,below_trend,0,1000,0,50,within_band,,
intent_023dd137f5f63e9ac296788e,089c24966b9f5c05f3b58b37ccee54f66f21a2b5811ea36138e6d2e4e0a0c098,2019-02-26T00:00:00Z,2019-02-26T00:15:00Z,2019-02-26T00:16:00Z,development,below_trend,0,1000,0,50,within_band,,
intent_398153a6430d82723a777f07,751393cd2110fe9279b45dd39080e79216275deb63765ba2cdadf4f654a20f69,2019-02-27T00:00:00Z,2019-02-27T00:15:00Z,2019-02-27T00:15:00Z,development,non_positive_momentum,0,1000,0,50,no_fill_reference_unavailable,,
intent_cebbabde6fa009ecc66195fc,dafa290edf58beea9b62de54f1bef7a21e5c9cd6436fd386a0167a9591b4525d,2019-02-28T00:00:00Z,2019-02-28T00:15:00Z,2019-02-28T00:15:00Z,development,non_positive_momentum,0,1000,0,50,no_fill_reference_unavailable,,
intent_427a0d15a4aa82b35d0f81b1,417cb5d4393523fddb86abdd4a9b99937a06fe677d59da3f82ae89621c90b475,2019-03-01T00:00:00Z,2019-03-01T00:15:00Z,2019-03-01T00:16:00Z,development,non_positive_momentum,0,1000,0,50,within_band,,
intent_94494d86139026dcb3591348,41a075a5dc70a5f6840f143a60e0671199680dccc5bb405285dc85b67128cd00,2019-03-02T00:00:00Z,2019-03-02T00:15:00Z,2019-03-02T00:16:00Z,development,non_positive_momentum,0,1000,0,50,within_band,,
intent_5e06a59a013794052fd8936e,c4ba1854eeed035332fb8be39a854313fc30c5fde12ae636a16588a7ebcafdc3,2019-03-03T00:00:00Z,2019-03-03T00:15:00Z,2019-03-03T00:16:00Z,development,non_positive_momentum,0,1000,0,50,within_band,,
intent_d1d1e5b731fa8fdecf2ba257,4a4af86111e44ffee49ceebc5cc345e58ac492e302f3f88f63fd66ee82d2cbd1,2019-03-04T00:00:00Z,2019-03-04T00:15:00Z,2019-03-04T00:19:00Z,development,non_positive_momentum,0,1000,0,50,within_band,,
intent_eb48390156b1057e6881600b,145078c933eb61299f0152832f3b0b72f355c5dd656a8805bb820cd83a5324ee,2019-03-05T00:00:00Z,2019-03-05T00:15:00Z,2019-03-05T00:17:00Z,development,non_positive_momentum,0,1000,0,50,within_band,,
intent_7755ffd9aaeb5a80f4dc44d5,e531f3de6a31415d4e30121d853255177df441f99ac166d3e3e32c3990be8626,2019-03-06T00:00:00Z,2019-03-06T00:15:00Z,2019-03-06T00:16:00Z,development,below_trend,0,1000,0,50,within_band,,
intent_7a68a919decb48a64b136c1e,0f96ba23b61e43bbb03d52386058c8bae1e535a5042a78add38c2039deb8865e,2019-03-07T00:00:00Z,2019-03-07T00:15:00Z,2019-03-07T00:15:00Z,development,below_trend,0,1000,0,50,no_fill_reference_unavailable,,
intent_d882978d6e6124a46409eb98,aa6f9fcfff41aec29ee25f821c8c66bb6fffdf0b8a139e13897da962b44dd6bf,2019-03-08T00:00:00Z,2019-03-08T00:15:00Z,2019-03-08T00:17:00Z,development,below_trend,0,1000,0,50,within_band,,
intent_0e32034fb071827afc0a0c0b,32c757c04e6710d9eb2cd3d9b424c75d883a34549ff99e4f5df774f00da235fc,2019-03-09T00:00:00Z,2019-03-09T00:15:00Z,2019-03-09T00:15:00Z,development,below_trend,0,1000,0,50,no_fill_reference_unavailable,,
intent_69b86ba6a436e19dc3269d78,7b38993792587dae32acf8116fb72907908b250d9a1598761119462eebed573d,2019-03-10T00:00:00Z,2019-03-10T00:15:00Z,2019-03-10T00:15:00Z,development,below_trend,0,1000,0,50,no_fill_reference_unavailable,,
intent_cc30c55137b99056eaf79379,8f76235e7486bf4d5f1b6646e1c55a28765ae6629b54bf3ca3a7c4129c8b46b4,2019-03-11T00:00:00Z,2019-03-11T00:15:00Z,2019-03-11T00:15:00Z,development,below_trend,0,1000,0,50,no_fill_reference_unavailable,,
intent_fb628d514f2d665b92fdfe7b,6499511b6b3374a42f5329076ac2623163731cdb5559dbc5eabd4cfbe2d4b705,2019-03-12T00:00:00Z,2019-03-12T00:15:00Z,2019-03-12T00:16:00Z,development,below_trend,0,1000,0,50,within_band,,
intent_2da75647f37da0e9a156c36b,4147b6c40803643931df59c62a702c08deaff929435d5bead275c99e13956709,2019-03-13T00:00:00Z,2019-03-13T00:15:00Z,2019-03-13T00:15:00Z,development,below_trend,0,1000,0,50,no_fill_reference_unavailable,,
intent_03eedaec54ff7e123d95b436,95fb8e224dca961ff3259deb1390d5247848e0de7ee21e33b3cf54d7dee46513,2019-03-14T00:00:00Z,2019-03-14T00:15:00Z,2019-03-14T00:17:00Z,development,below_trend,0,1000,0,50,within_band,,
intent_32c28f9dc0e383f7dc7ce846,59665ed7452678c34c688fb1f6562150808fe1bc40747318d9bfe5582e1aebbe,2019-03-15T00:00:00Z,2019-03-15T00:15:00Z,2019-03-15T00:15:00Z,development,below_trend,0,1000,0,50,no_fill_reference_unavailable,,
intent_045a84d1121f46d04dc50a0b,de0323ce9142da9c9f016f68e2813324f0695e1584fb273c73908f4a37478230,2019-03-16T00:00:00Z,2019-03-16T00:15:00Z,2019-03-16T00:17:00Z,development,below_trend,0,1000,0,50,within_band,,
intent_5770b8ca3407e6268231483f,58c2a5a7f3ea32e9c2d9a1bae331baf4fd2c77c737ebb68bca13e702222e70ed,2019-03-17T00:00:00Z,2019-03-17T00:15:00Z,2019-03-17T00:18:00Z,development,below_trend,0,1000,0,50,within_band,,
intent_437414bae248a95d3ae05524,0abe11700fe9ffdffb16038c7deebbc761e64b0ab08fb3b13dd5238946bc034d,2019-03-18T00:00:00Z,2019-03-18T00:15:00Z,2019-03-18T00:16:00Z,development,below_trend,0,1000,0,50,within_band,,
intent_55d57c284fc1995bb81c727d,1e750695e2b040b81536d769694750fad3dd0e45ad625c542f25173380f25af5,2019-03-19T00:00:00Z,2019-03-19T00:15:00Z,2019-03-19T00:16:00Z,development,below_trend,0,1000,0,50,within_band,,
intent_04807ac7715eb89aeb802ba3,0307b2b6b8c2f852710fd000356e11d614af0e5438096e85ebc630ffc6bbaf11,2019-03-20T00:00:00Z,2019-03-20T00:15:00Z,2019-03-20T00:17:00Z,development,below_trend,0,1000,0,50,within_band,,
intent_fc20aca5603e6e7bc97bd6b7,4cd39c818a66295f9844568e384dd02cf008eaa43e41a43c5e25e7f652e433e7,2019-03-21T00:00:00Z,2019-03-21T00:15:00Z,2019-03-21T00:17:00Z,development,non_positive_momentum,0,1000,0,50,within_band,,
intent_f1b4005d7c5a772d43d7d8d4,5e1e1de3754d742bd6433e83b39f64a2e1fe4de4ce24ac2c171588338b8f3b11,2019-03-22T00:00:00Z,2019-03-22T00:15:00Z,2019-03-22T00:16:00Z,development,non_positive_momentum,0,1000,0,50,within_band,,
intent_0d088cbd543923f1b5578ad3,045d159afaefa204bd0504270e24531741b2932c984b4bae34130146c8b9879a,2019-03-23T00:00:00Z,2019-03-23T00:15:00Z,2019-03-23T00:15:00Z,development,non_positive_momentum,0,1000,0,50,no_fill_reference_unavailable,,
intent_44a190a6504330a8fbd0a4e3,416e4db5d9487ca2c264bbd01024b8d16fc96c86737e19a85c8b0232d07f0c16,2019-03-24T00:00:00Z,2019-03-24T00:15:00Z,2019-03-24T00:16:00Z,development,non_positive_momentum,0,1000,0,50,within_band,,
intent_6a70a556b6973bd58c8f7906,34ab24ae47d03a04a4c01440614ba7ccb0644a8a5b432ba737f6e7fa2b068045,2019-03-25T00:00:00Z,2019-03-25T00:15:00Z,2019-03-25T00:17:00Z,development,non_positive_momentum,0,1000,0,50,within_band,,
intent_21ca64e8e59423c653dfc127,6c7dde32fae131eda56359abf05e9faace4f0e847d967826e9645e12abcf8b5b,2019-03-26T00:00:00Z,2019-03-26T00:15:00Z,2019-03-26T00:16:00Z,development,non_positive_momentum,0,1000,0,50,within_band,,
intent_f8c42b0b46f5cd6994b85177,ca378435e6ed971b5a41f8d01f24db3acae66d8d8463c879449003a0b66609ba,2019-03-27T00:00:00Z,2019-03-27T00:15:00Z,2019-03-27T00:16:00Z,development,non_positive_momentum,0,1000,0,50,within_band,,
intent_8225f07c9f7fe0ce363afcfb,df31d26c2261186c5c87ffa40fa6684b60fcffd831234364b442abeff39017f0,2019-03-28T00:00:00Z,2019-03-28T00:15:00Z,2019-03-28T00:17:00Z,development,below_trend,0,1000,0,50,within_band,,
intent_ac58ffdb820bfea717ae85fd,e606e765f5a97f4b195c361b006f6a38964db9aa8a899cb2149facd0bafc7d00,2019-03-29T00:00:00Z,2019-03-29T00:15:00Z,2019-03-29T00:17:00Z,development,non_positive_momentum,0,1000,0,50,within_band,,
intent_9387046462eef96c284840ff,10b7d7e0e1a1a9ed2ff681d6ebd31eb743255c46fb2c3024acd0eec01b1d3f3e,2019-03-30T00:00:00Z,2019-03-30T00:15:00Z,2019-03-30T00:16:00Z,development,below_trend,0,1000,0,50,within_band,,
intent_87fca910142ad8f2b04951d3,26ac9b1d2cd3cea3012e2316265b446b0dc88c686b0645590ce2c67756c7f90f,2019-03-31T00:00:00Z,2019-03-31T00:15:00Z,2019-03-31T00:19:00Z,development,below_trend,0,1000,0,50,within_band,,
intent_7ab14a78281c7683e0ea0fcb,f2b61c26a1f6c7facd6b2416c0604c64e3ebd47103f3a579b5c810a1a03e99cb,2019-04-01T00:00:00Z,2019-04-01T00:15:00Z,2019-04-01T00:16:00Z,development,below_trend,0,1000,0,50,within_band,,
intent_f9f5c2a3cdbcdcb2cad9e43a,7f52c7ad935935435405eafb9b05e2996773bf44727f2fc9ecc40625881b4d6e,2019-04-02T00:00:00Z,2019-04-02T00:15:00Z,2019-04-02T00:16:00Z,development,below_trend,0,1000,0,50,within_band,,
intent_748cf4c1d8e7f71672a72007,8e8500f943a2d58214b6a51b91dae74463f589b938b426aab08b8300e4f6cb41,2019-04-03T00:00:00Z,2019-04-03T00:15:00Z,2019-04-03T00:17:00Z,development,long_signal,0.4216207638195189024164300847,1000,421.6207638195189024164300847,50,buy,trade_21a0eb64d62d77b8cd56ec1c,
intent_adbb0d7ca6d06829bfb3fff1,d578d478d35fb7426c2f16cceb1627246e657519295754b4d8dcae21c56014dc,2019-04-04T00:00:00Z,2019-04-04T00:15:00Z,2019-04-04T00:16:00Z,development,long_signal,0.4262425790912654711691081681,993.489410177792,0.6922201922181897269635548,50,within_band,,
intent_cbbf1308974baffc5780f8c5,4c536dc0ca404a6de9ec4ac4b5b9fd12a5180c03966cbeba7af7396845a717cc,2019-04-05T00:00:00Z,2019-04-05T00:15:00Z,2019-04-05T00:17:00Z,development,long_signal,0.4275510690693068165601106351,992.6845512,2.4529317901130388920741536,50,within_band,,
intent_91697f4c3b9648cbcf2cb63a,f81c621f75c497cddc694b18dc47a35c6f65393366bf87a0a23a4be2f0f5850e,2019-04-06T00:00:00Z,2019-04-06T00:15:00Z,2019-04-06T00:17:00Z,development,long_signal,0.4168829211270995662470778137,1011.249085327104,-18.9624707728653238963869005,50.5624542663552,within_band,,
intent_9f534a5ce464f1fad851395b,1d3fdce8712bbcb8c118c2d4eaea01b0372f55b99fafff57bf6a2441974de250,2019-04-07T00:00:00Z,2019-04-07T00:15:00Z,2019-04-07T00:15:00Z,development,long_signal,0.4351369707363456111657752652,1010.358462687744,0,50.5179231343872,no_fill_reference_unavailable,,
intent_02b0bf512a2cea09f49f5867,55c7ee174b5abd3eead040b65a810df7de5365432ebc7d0dc3ccd93bdaa508e1,2019-04-08T00:00:00Z,2019-04-08T00:15:00Z,2019-04-08T00:16:00Z,development,long_signal,0.4176018908521511203113153461,1019.04038412032,-22.7730509810039756245961874,50.952019206016,within_band,,
intent_6d22b57ee058e65510c29df8,3afcc37981de7b717a89552a2624e965745c5765b0b215ac16f82a6885528677,2019-04-09T00:00:00Z,2019-04-09T00:15:00Z,2019-04-09T00:16:00Z,development,long_signal,0.4152126553351567055743695488,1030.9483386688,-32.1713995807911375303955736,51.54741693344,within_band,,
intent_c5e918b7fd4526da3ae332de,3a4c37e9367ad621e39015d7184d575b7b1a58a453de9193912bbdf93ce9b530,2019-04-10T00:00:00Z,2019-04-10T00:15:00Z,2019-04-10T00:17:00Z,development,long_signal,0.4133684298989520158830809783,1026.495225472,-31.460363943900624279587866,51.3247612736,within_band,,
intent_fa7d3c9f4f6d41b3b9894917,35fe143c535e1e836e3e232ab205c8c61c50622d8bda614216322fd51a451498,2019-04-11T00:00:00Z,2019-04-11T00:15:00Z,2019-04-11T00:16:00Z,development,long_signal,0.4143602425771540088493604449,1037.631307066368,-36.9640050887303768779879982,51.8815653533184,within_band,,
intent_628139dfd1853181592b66fc,a2c763cd3f9cad875023311a14a0b0cafbbd99168261640196229a919071e785,2019-04-12T00:00:00Z,2019-04-12T00:15:00Z,2019-04-12T00:15:00Z,development,long_signal,0.4402755619306347317051095746,1019.63413254656,0,50.981706627328,no_fill_reference_unavailable,,
intent_4bd210021a55cbb71dbe153f,213737091f648db5ffc7bc386bac9befad38155147b38f5acfd0aaacde6e0f88,2019-04-13T00:00:00Z,2019-04-13T00:15:00Z,2019-04-13T00:16:00Z,development,long_signal,0.3988811844862479506757315405,1017.833095653632,-41.1244829740387570481976042,50.8916547826816,within_band,,
intent_1969347c09031caf6ccf5edf,380551bb820f5858a87ea442ae98e491d56cd0b20c85690839f1d44e92c1771b,2019-04-14T00:00:00Z,2019-04-14T00:15:00Z,2019-04-14T00:16:00Z,development,long_signal,0.3991454082282397437593076583,1020.8876014464,-42.6908611359601573076194617,51.04438007232,within_band,,
intent_ffb00f39f5f8e855bdeaaaa3,b9db2d21b11b17817d324ff598fbbb45763b32c9b7d3862228f4c9299feff14a,2019-04-15T00:00:00Z,2019-04-15T00:15:00Z,2019-04-15T00:16:00Z,development,long_signal,0.3991385807435697876742598587,1026.534808700416,-46.091020195892042605114713,51.3267404350208,within_band,,
intent_413f916f3d21eecaa094066f,aa30c2bfc3cea38ed7d29a010f914f66f4add5ca6e5d61dc287c91604b75308c,2019-04-16T00:00:00Z,2019-04-16T00:15:00Z,2019-04-16T00:16:00Z,development,long_signal,0.3976833925271952687017516436,1019.225105852928,-43.1820661324778862805183612,50.9612552926464,within_band,,
intent_6fd3bf716de84dd5bed880af,7134814980e987777d7bb26171b9056ae5588e94a4d2a94f0eacf1190f48abc0,2019-04-17T00:00:00Z,2019-04-17T00:15:00Z,2019-04-17T00:17:00Z,development,long_signal,0.3971406221092797194190102207,1037.261863601152,-54.608899924391649385082459,51.8630931800576,sell,trade_49c48975f8b713aab199840f,
intent_37461d47f012bbb36ae8c2c7,2b21cce662bcf5c992cd5bef5810c787e048779b2ac843dc4dda672c85d6cc77,2019-04-18T00:00:00Z,2019-04-18T00:15:00Z,2019-04-18T00:15:00Z,development,long_signal,0.4379327108045878341523156908,1032.967658170112,0,51.6483829085056,no_fill_reference_unavailable,,
intent_7c8ef162ec099a7a4cc89315,4217605641e6d36ff6a1e2b532a6d55c31f9ad1a76abdccf38716177becabb96,2019-04-19T00:00:00Z,2019-04-19T00:15:00Z,2019-04-19T00:16:00Z,development,long_signal,0.3966545197927699876639533148,1040.787632270848,-47.3571823319927104417326521,52.0393816135424,within_band,,
intent_b965d6047f4cbccab3cf129c,e585fd6c8781cc64687c0ee3b21731a54c3e73eeeed0580d5a7acf2272958834,2019-04-20T00:00:00Z,2019-04-20T00:15:00Z,2019-04-20T00:16:00Z,development,long_signal,0.396930248727192555289697947,1044.61044372224,-49.3756290183402958317990831,52.230522186112,within_band,,
intent_f56d6ada74c4e86f4a4f6e8e,3fadbd47d2ccd7a08541173aee5ba2b2851c65b60f5c34e1bc8faf9f74d4f6f9,2019-04-21T00:00:00Z,2019-04-21T00:15:00Z,2019-04-21T00:16:00Z,development,long_signal,0.3981564906929781884071652057,1044.151964646144,-47.8187511982486760431727202,52.2075982323072,within_band,,
intent_2cf63887b2a84d303f3f2a7f,287a93ad7f133c3347a370a68903e40c712c4dcb6980b0a5bbf6391618912580,2019-04-22T00:00:00Z,2019-04-22T00:15:00Z,2019-04-22T00:16:00Z,development,long_signal,0.3972469703170626707811685309,1041.975803397632,-47.4567409000273517103530188,52.0987901698816,within_band,,
intent_d112ea1e8304735615ab5aee,4154ffaaf162a1c040e04c34b8e31751837eb77e62812c38d4738c5625d2245e,2019-04-23T00:00:00Z,2019-04-23T00:15:00Z,2019-04-23T00:16:00Z,development,long_signal,0.3973661041996344281997005542,1045.70821052416,-49.581881324395382255637229,52.285410526208,within_band,,
intent_cdd85c13e39fb728d958bbc5,592cde31cb144b399e8e48645943aae12fc8763ddea899e6614a6d66a3373f4e,2019-04-24T00:00:00Z,2019-04-24T00:15:00Z,2019-04-24T00:17:00Z,development,long_signal,0.3932800110812951262050070968,1064.85455504,-65.4712123796932091180465241,53.242727752,sell,trade_a83a096c59ee482a0fcfe61b,
intent_8f015f6a426dd9c8906284c3,02230f81cecadcc4b9c529391a9f745a7c737da0329f19f36c7dec0438e76cb7,2019-04-25T00:00:00Z,2019-04-25T00:15:00Z,2019-04-25T00:20:00Z,development,long_signal,0.3951021679703675349096112811,1057.493490590976,-57.3567560287619201072824075,52.8746745295488,sell,trade_e2c97d46bdcd6f8681763808,
intent_e5538254ba60875019574649,a6362d1ec675d62665e2826cf6138e01cd74f74dd276dac2dbbf3fcf866b8d6b,2019-04-26T00:00:00Z,2019-04-26T00:15:00Z,2019-04-26T00:17:00Z,development,long_signal,0.3722262943660540474990399251,1035.297900015168,-10.2572980451964849047994057,51.7648950007584,within_band,,
intent_681dd2d66566ba864738168c,f634d8493e8c62a604eadf589d3c8665510d481f4594839d87bfd8c5d2265ee9,2019-04-27T00:00:00Z,2019-04-27T00:15:00Z,2019-04-27T00:17:00Z,development,long_signal,0.3714981315473214417086008748,1036.389857440896,-11.6974607646403020879014693,51.8194928720448,within_band,,
intent_a40b1c1de5a9d678da57134f,4a86324971f06703aaede28d133aaba6b2bbf5e082babc9614abaaec636c8ee6,2019-04-28T00:00:00Z,2019-04-28T00:15:00Z,2019-04-28T00:16:00Z,development,long_signal,0.3718544371806668733323881569,1036.21446531552,-11.218017434783655487412627,51.810723265776,within_band,,
intent_d44ea2e4801d63df9812b1ce,f9d7a306a1a24417fdd8f610972295fac340811326e20b2282db1358e304f378,2019-04-29T00:00:00Z,2019-04-29T00:15:00Z,2019-04-29T00:19:00Z,development,long_signal,0.3708659797334888731153975538,1034.14936448448,-10.9430461518104425053542319,51.707468224224,within_band,,
intent_c4339161b8f724796b6750fa,ec06201381d83bba0bba3d1c9c7ce84dbc5e2c3a1c92bb27cffd5df2d39820a0,2019-04-30T00:00:00Z,2019-04-30T00:15:00Z,2019-04-30T00:17:00Z,development,long_signal,0.3692121197648976455148109681,1031.360063909952,-10.8939273905303123289847502,51.5680031954976,within_band,,
intent_5c5f2e7a39aaf137c1e12c42,f52bff2f78677d88efc8fd04900d6fd5bed956f0c32981e36cf43580010d1362,2019-05-01T00:00:00Z,2019-05-01T00:15:00Z,2019-05-01T00:16:00Z,development,long_signal,0.3691301719739872083852147745,1038.59074572384,-15.5400640618393209410786394,51.929537286192,within_band,,
intent_4bc0c2eaf2b903c604cf734e,2fdc62bba5ffda4fcb694b2b8e4a80e03bde2063c8e1cc68268137855563a4fd,2019-05-02T00:00:00Z,2019-05-02T00:15:00Z,2019-05-02T00:16:00Z,development,long_signal,0.3699053359805783508661987228,1044.084479715456,-18.1965583718349063578650432,52.2042239857728,within_band,,
intent_08ae9a09f2c73c10f651e22c,dac6d718f402fe2d7a57ce5483986a252fa605356396de2cdfd6826a67df9d1c,2019-05-03T00:00:00Z,2019-05-03T00:15:00Z,2019-05-03T00:19:00Z,development,long_signal,0.6362237882702982201736327964,1051.145427214464,257.2937995932913125893544974,52.5572713607232,buy,trade_59607d9be25c82eeeb80aeed,
intent_aa3157461ee83c91a2c64490,232cce16c01aee82356f8e068619b15bc2780a3d34ee328d7def5c9b2623fe17,2019-05-04T00:00:00Z,2019-05-04T00:15:00Z,2019-05-04T00:16:00Z,development,long_signal,0.6078521704942241769492439454,1073.854017127824,104.3155532413776035567181271,53.6927008563912,buy,trade_a30dcde365e2695942c05d31,
intent_9f04d1ae3a8df9e272c6ce6b,bfed0aef7a97bf8e792a901aa7893b68a6935a2e76bc55b47bf0de33fa594549,2019-05-05T00:00:00Z,2019-05-05T00:15:00Z,2019-05-05T00:16:00Z,development,long_signal,0.6069941523985868219608614921,1077.311380948176,100.2653002605651666611524585,53.8655690474088,buy,trade_cf256e217c5982b5a174a1ab,
intent_de2944144acafc3c869cf070,b52a73c31416f23f5d1cbd3c19127515de3dae2b70c6bf5913fe1b432c739c5f,2019-05-06T00:00:00Z,2019-05-06T00:15:00Z,2019-05-06T00:18:00Z,development,long_signal,0.6450222540424202475884353519,1078.415470141712,121.4878798640634249054583347,53.9207735070856,buy,trade_686f1c883f677371e878f2e6,
intent_d8abf1de4bdd9a4c167a2a3c,46127167b0c08ce44b4bfbc6b1336ae1ad25253874631f9180b96c22a6a5b9e6,2019-05-07T00:00:00Z,2019-05-07T00:15:00Z,2019-05-07T00:17:00Z,development,long_signal,0.6433374710546966461830749554,1077.099272744496,103.6379851949370036349690475,53.8549636372248,buy,trade_8cd4a4668fe02065a0bfb292,
intent_81d2de82bb790fbd5bfeb21c,1394e9366ecbe52a5e4fbad7f6ddfcff65d9b823627f38a689c2a0a1a995c36d,2019-05-08T00:00:00Z,2019-05-08T00:15:00Z,2019-05-08T00:19:00Z,development,long_signal,0.6464298511229400551863823906,1083.618645566896,86.0540216004905278994831341,54.1809322783448,buy,trade_c2d7a61e0c434982fcb73f0a,
intent_f46ddcc93f8c45d38697baef,bf4c7c302a52dd04126bf3500f7f26529f43cb664056c66c9c791523a1d03cd4,2019-05-09T00:00:00Z,2019-05-09T00:15:00Z,2019-05-09T00:16:00Z,development,long_signal,0.6490882746842606786413466764,1105.645753248816,56.579818895773783438541768,55.2822876624408,buy,trade_ae8d143bc3b3b863061c65af,
intent_8a36f29b84175403ec1c5bed,b7d7073bf6895115764230b350227abbcde351a1010a9cffbece2101045cd066,2019-05-10T00:00:00Z,2019-05-10T00:15:00Z,2019-05-10T00:15:00Z,development,long_signal,0.6095226450913517986476578673,1129.326765547216,0,56.4663382773608,no_fill_reference_unavailable,,
intent_a217a6de0f0cacce0a722b5e,3e1161a7af6d17f5bdfad88197d5576f1b7994ed1387234d7b5b11aa9fb57aca,2019-05-11T00:00:00Z,2019-05-11T00:15:00Z,2019-05-11T00:16:00Z,development,long_signal,0.614371718866444785583322963,1151.755876321616,-3.1731106329603842398971836,57.5877938160808,within_band,,
intent_86d7a3823fdab045bc0ba311,f8f47c6a774b01f431dae3cc33aa29cda8d0c5256f3bdbc3f50eb0375d35d474,2019-05-12T00:00:00Z,2019-05-12T00:15:00Z,2019-05-12T00:19:00Z,development,long_signal,0.4702966672382347479322738905,1250.203947414416,-221.2606693389148651723208021,62.5101973707208,sell,trade_ae5a187f095785d6a45f4cfe,
intent_8086e392198ef05f34baea45,0196feb064801f55a65f7d637430c297c7f3801b09812ac6ef2da00f5de7fb52,2019-05-13T00:00:00Z,2019-05-13T00:15:00Z,2019-05-13T00:16:00Z,development,long_signal,0.4553113019535412947948973293,1223.931108798192,-4.4242596018297998090256458,61.1965554399096,within_band,,
intent_e4843a022532081aa80b46bd,c8945f3eb7b5aba5614c6eb68b70a3d2c8ad83874697269221f9d5237e8a6732,2019-05-14T00:00:00Z,2019-05-14T00:15:00Z,2019-05-14T00:16:00Z,development,long_signal,0.4029099125999415193686361128,1283.584704374512,-104.17852077233959725626965,64.1792352187256,sell,trade_c33cf081f52ad729fafe093e,
intent_9ac5d0b6dfdee576e03d325d,655ceb57b175b6ff17825a54dd89875ac8c9fc0d9b375efc17d5d422636286f6,2019-05-15T00:00:00Z,2019-05-15T00:15:00Z,2019-05-15T00:16:00Z,development,long_signal,0.3998915986209325576792888554,1306.523615462064,-17.6401811505706684444769327,65.3261807731032,within_band,,
intent_771353ee296070f23c30b3eb,459ef0de56b2697cc1c6003c5c4f3a364ab0fa5e5769dff1b3b476ff08f7772b,2019-05-16T00:00:00Z,2019-05-16T00:15:00Z,2019-05-16T00:16:00Z,development,long_signal,0.4046448394608834165930756463,1307.935086753072,-12.2702864602505563398753813,65.3967543376536,within_band,,
intent_6dc0c0f632d6b43eec957dba,d734d1fe176a37cae4046fdaa4d9bc8c600d6eaf99538e1fa94f24da37597627,2019-05-17T00:00:00Z,2019-05-17T00:15:00Z,2019-05-17T00:16:00Z,development,long_signal,0.3943750992268763664794112443,1298.770533796208,-20.1521585690172845771989467,64.9385266898104,within_band,,
intent_ab3bda010b0cfc910d1aa6cb,f7413406612873b62ed26f35f100c136f89f32adc2a65f5521a6b213f755db6e,2019-05-18T00:00:00Z,2019-05-18T00:15:00Z,2019-05-18T00:16:00Z,development,long_signal,0.3622385826038214463614003853,1271.437041880624,-44.4578728714231953790132201,63.5718520940312,within_band,,
intent_807e8be2e749c904b6ce784c,6ae7a0d3b717221ba1db6dd445f98758391373ab3ebbd06a1f76fd743eb63351,2019-05-19T00:00:00Z,2019-05-19T00:15:00Z,2019-05-19T00:15:00Z,development,long_signal,0.3894733598881371144642864053,1255.335257684976,0,62.7667628842488,no_fill_reference_unavailable,,
intent_b2f960b6d30c7f1333aed11d,2fb246ac2f694c63b05358b995327a885f31bee7ee186666c354797e7ae74c4c,2019-05-20T00:00:00Z,2019-05-20T00:15:00Z,2019-05-20T00:16:00Z,development,long_signal,0.3098156492350098537747119728,1316.058554502384,-141.9074019195713005402199289,65.8029277251192,sell,trade_5958a2426d3c82456cc70491,
intent_fd094aafcb358a1561536485,3617460c876a2640b9b051c8ea10eee5157cddf5cf483749500d9d2fee038fb1,2019-05-21T00:00:00Z,2019-05-21T00:15:00Z,2019-05-21T00:18:00Z,development,long_signal,0.305349088561884490389188944,1309.794781319248,-1.5272025925108131381911625,65.4897390659624,within_band,,
intent_0e4506f26008e1e9d9b659a4,6fa8685f2bc026bd858a9b044b2ffed40bed02f0390a6c65f489eff196c59e1d,2019-05-22T00:00:00Z,2019-05-22T00:15:00Z,2019-05-22T00:19:00Z,development,long_signal,0.3049846325478648872413428337,1306.687029004912,0.1553704390043543178853857,65.3343514502456,within_band,,
intent_a7dacfbe8e92d39619ca6f0e,4fde4a02e7dc71300a69eeca36c9adf2a6fb941ac2fed78a6a2485aff5b8dc0c,2019-05-23T00:00:00Z,2019-05-23T00:15:00Z,2019-05-23T00:16:00Z,development,long_signal,0.299305865309239168665074501,1292.317851637552,2.8033972491944659339116683,64.6158925818776,within_band,,
intent_716a1db0a9c55f8a373056f1,b9d01e7a0993ebddcdac3d645ae15c5afedefae616b7d2776dd38369a67e9474,2019-05-24T00:00:00Z,2019-05-24T00:15:00Z,2019-05-24T00:17:00Z,development,long_signal,0.3013904737786959759786065217,1299.6175422588,0.3977405814761708805341709,64.98087711294,within_band,,
intent_71ac1e409481d1f720bdb817,935b8eba9ef826b9a80be9744cbd553b4e737f4224dbbf03412b8316e0206bbe,2019-05-25T00:00:00Z,2019-05-25T00:15:00Z,2019-05-25T00:15:00Z,development,long_signal,0.3050434538606454990778771128,1307.021195920432,0,65.3510597960216,no_fill_reference_unavailable,,
intent_4f18132b4e1b064509e9c6ae,9136451491348e2d46e24e7e4b2d2636d137912d14d4afae79da77eb2bf466cc,2019-05-26T00:00:00Z,2019-05-26T00:15:00Z,2019-05-26T00:19:00Z,development,long_signal,0.3159859716831610714618145912,1307.86032617496,13.7281258650827132382439889,65.393016308748,within_band,,
intent_8fcf7e85a383aaa6b0bf125c,fb639f27ba0b18dba31a16f19d67298e8c8358707d71f904714dd37b9dfb15e4,2019-05-27T00:00:00Z,2019-05-27T00:15:00Z,2019-05-27T00:16:00Z,development,long_signal,0.3112355878758434898328947596,1340.296794774768,-14.825797877142326583808049,67.0148397387384,within_band,,
intent_c8500d737bbe12d55a645d57,50491682cfd707d5ff86dceebac68a3f6a654a0898468653a816c8348e7acbb2,2019-05-28T00:00:00Z,2019-05-28T00:15:00Z,2019-05-28T00:17:00Z,development,long_signal,0.3112018127594333624933295453,1342.201546193232,-16.1830558815918660943438421,67.1100773096616,within_band,,
intent_7743629af4c56f0400cae0a9,2af6ae48208d4eeeefc49bfda471c3b0ffe6b5d49581da65fd31943b4f2d09e6,2019-05-29T00:00:00Z,2019-05-29T00:15:00Z,2019-05-29T00:15:00Z,development,long_signal,0.3225392655771442746777176895,1340.77576735368,0,67.038788367684,no_fill_reference_unavailable,,
intent_aad416e7b5a97c4eb4c60567,2add38967fb03be6d213c13547f3d67bd2829013abe2ed4c764912c4f8e0a21d,2019-05-30T00:00:00Z,2019-05-30T00:15:00Z,2019-05-30T00:20:00Z,development,long_signal,0.3133241809119179464708483347,1339.398257068592,-11.4094592099328997528161634,66.9699128534296,within_band,,
intent_ce7cd7b8d921dc1a2329b682,79e5e7834c9881d440bcd20730e153ff4a27e64d42b1dfebbb25b876c45a0fc4,2019-05-31T00:00:00Z,2019-05-31T00:15:00Z,2019-05-31T00:17:00Z,development,long_signal,0.3021383912392371563038761141,1323.710976867792,-15.4441358034462555232515061,66.1855488433896,within_band,,
intent_9a996126ea709247e1074175,43ab4c76913e57979697c4f77f572c8eb9da2e30f3ecaf20348cb5af45557207,2019-06-01T00:00:00Z,2019-06-01T00:15:00Z,2019-06-01T00:16:00Z,development,long_signal,0.3020692461523675977520358921,1327.8360817916,-18.4147015031058648753380609,66.39180408958,within_band,,
intent_dcbbb1cf81c1a7b748b29b30,a1306ab03ac4e164544a2b1e940c6a62b72bd4d83d1155db8689914c16e557bc,2019-06-02T00:00:00Z,2019-06-02T00:15:00Z,2019-06-02T00:17:00Z,development,long_signal,0.3010091016739326456468957033,1326.399164054864,-18.8180071738621748674106593,66.3199582027432,within_band,,
intent_796022bbaa87112c18191509,4019d3e1dc7b2ac4b65aa51a123fbedba07482c5237a06f9471164c3debb18ad,2019-06-03T00:00:00Z,2019-06-03T00:15:00Z,2019-06-03T00:16:00Z,development,long_signal,0.3026201167784154830654769958,1331.630732765616,-20.3295488625663051579619157,66.5815366382808,within_band,,
intent_ee744b386f86aeb28560931d,260016fa68f36736e6c303617899f22aae4bdd7c0dfccce00c034822d75a2ca0,2019-06-04T00:00:00Z,2019-06-04T00:15:00Z,2019-06-04T00:16:00Z,development,long_signal,0.2866549963501437866040186456,1293.725065648464,-14.549375629122021363170208,64.6862532824232,within_band,,
intent_dfa31385ca5f35a25bd88ac0,a00a5b8df996d9e0169ac6c5ee2d79278c414725111725e3760939b7b5359ebf,2019-06-05T00:00:00Z,2019-06-05T00:15:00Z,2019-06-05T00:16:00Z,development,long_signal,0.2745259097911414358927225279,1286.429087992944,-24.9480361821007069650007866,64.3214543996472,within_band,,
intent_a8f1b8151677f88720e9d6a0,b470425aa0da5321a43139af9d6a1db79d9a1d87c34aea3890c150df0efa096a,2019-06-06T00:00:00Z,2019-06-06T00:15:00Z,2019-06-06T00:15:00Z,development,long_signal,0.2970941768957208803068730983,1292.239879357264,0,64.6119939678632,no_fill_reference_unavailable,,
intent_0802041c63cc929607c29c65,7d0955f3cb3913a60a0f380e8397ba0999c83bed5ef05c555bb561b0152f3ac4,2019-06-07T00:00:00Z,2019-06-07T00:15:00Z,2019-06-07T00:18:00Z,development,long_signal,0.2745581107195241550150806698,1292.722564901904,-29.4721637501477911785897444,64.6361282450952,within_band,,
intent_1c694016ea702c0d7a306852,df81b477f4e914f23954c2438f3e2193285bd308ff33172fe9da14038ae84a2b,2019-06-08T00:00:00Z,2019-06-08T00:15:00Z,2019-06-08T00:15:00Z,development,long_signal,0.3026086344299336478976100342,1302.45796104072,0,65.122898052036,no_fill_reference_unavailable,,
intent_cb7d7a5d3d855e4bc9cea9dc,36b74c24d7b27110b558cf8143c3c3829a1db89713b7e1678fe0f7a3d7b20910,2019-06-09T00:00:00Z,2019-06-09T00:15:00Z,2019-06-09T00:16:00Z,development,long_signal,0.2760257572982482960529029967,1298.381124671376,-31.6715554244161053078782957,64.9190562335688,within_band,,
intent_7e00df0e8b3b5943e3bbd20a,f29ebb5c23a61a066c1b7597d1dc2a4045ce249dc01b2031654616102ee56289,2019-06-10T00:00:00Z,2019-06-10T00:15:00Z,2019-06-10T00:16:00Z,development,long_signal,0.2720190457493443876923368513,1279.949962797584,-23.4562592626843508633350854,63.9974981398792,within_band,,
intent_5c4eff18514fa5eb15615bb9,75bd4dcfc4bd82424f0b0d6db46bf62607e87d2bc25ce2d34dcf8af7f0ed7f4b,2019-06-11T00:00:00Z,2019-06-11T00:15:00Z,2019-06-11T00:17:00Z,development,long_signal,0.2962079500009855437161709637,1297.59397593704,-4.9133883433092169428739535,64.879698796852,within_band,,
intent_e82551a9ffd6e56092603ed1,5c99b5cdc5bf6d3bf9a3abc866cc9770b083740920292f0c9757d9bc9701ff66,2019-06-12T00:00:00Z,2019-06-12T00:15:00Z,2019-06-12T00:15:00Z,development,long_signal,0.2995114285302084301606743817,1296.699151196592,0,64.8349575598296,no_fill_reference_unavailable,,
intent_48aea121b1fbb814384f4e0e,6a0cd6a1f455766bd7461f09eb2b3cda432830eb3681bcb625f1b84f21ca5d4d,2019-06-13T00:00:00Z,2019-06-13T00:15:00Z,2019-06-13T00:16:00Z,development,long_signal,0.3208773356310791960540395582,1309.657401587312,18.9049120713389844734632881,65.4828700793656,within_band,,
intent_11366351de992dea427e9c0e,1ac66386ee1898714a5eedd2a152050833cc1675935c8d055d647aa013cfef8e,2019-06-14T00:00:00Z,2019-06-14T00:15:00Z,2019-06-14T00:15:00Z,development,long_signal,0.3079706882434059190259988725,1312.549801889424,0,65.6274900944712,no_fill_reference_unavailable,,
intent_11afae45e6ab1bc499f2dd48,ec81ed3ca09c0717ffaaeca3769fb9d6dc213a8fd5ce1942ae9b9c59b94b28ab,2019-06-15T00:00:00Z,2019-06-15T00:15:00Z,2019-06-15T00:16:00Z,development,long_signal,0.3146125070866568728446510811,1335.618457957488,-7.0932503404760820173930065,66.7809228978744,within_band,,
intent_45a00b811d5288f4ef34e657,a945a6d94edcd5741ec05db1b0ac78d5c3f3c32a3e901fdadee491a8cd1784d9,2019-06-16T00:00:00Z,2019-06-16T00:15:00Z,2019-06-16T00:15:00Z,development,long_signal,0.3256225592773019639512974996,1346.905873770608,0,67.3452936885304,no_fill_reference_unavailable,,
intent_4341720a8f8156449f98cd64,3817521b3177acf3724b86ca7531fd45c1587511b5795e3b699abd28287db9a2,2019-06-17T00:00:00Z,2019-06-17T00:15:00Z,2019-06-17T00:19:00Z,development,long_signal,0.3328840267474903991813937891,1355.282324452976,4.1924491384214242702182831,67.7641162226488,within_band,,
intent_a90b77deebbaa57b28084664,a27acf2d440cc369fd07c4b80a221f90328b72f3bfe232e59f33fa8773176849,2019-06-18T00:00:00Z,2019-06-18T00:15:00Z,2019-06-18T00:18:00Z,development,long_signal,0.3340997145405658238328418258,1366.32097156232,-1.5105889447683332108456408,68.316048578116,within_band,,
intent_f699a410e76177ad39d46122,666f6843cceef3a02e456d25d49ff59019aacdedd0c3388698bfd7a3c70a6d5c,2019-06-19T00:00:00Z,2019-06-19T00:15:00Z,2019-06-19T00:15:00Z,development,long_signal,0.3305755529561580252728304353,1356.87147378456,0,67.843573689228,no_fill_reference_unavailable,,
intent_f1d6f1b3c452ce5e971dfee1,8c01bd35589d81b705a8b954d522aaef4db7c91a24d1562d78790b1f1cc7c72b,2019-06-20T00:00:00Z,2019-06-20T00:15:00Z,2019-06-20T00:17:00Z,development,long_signal,0.4086766937598865744277950388,1368.27027856952,99.2328310939824190709174105,68.413513928476,buy,trade_8fc15d364adf694c9b96b625,
intent_e1ebe51a2053d3402540f6db,ce723a8ba28cefed8d09b3e1234d5756e253de9cbcf2401f9c1d8a663343fc28,2019-06-21T00:00:00Z,2019-06-21T00:15:00Z,2019-06-21T00:16:00Z,development,long_signal,0.4076308754217183932486792468,1378.847137758992,49.2031298830286475492623952,68.9423568879496,within_band,,
intent_43d8a987cf5c078eac3c9058,a981fb75615e060ad0cf6ab53c210308e356dc474c1338fb3964d9386aa89596,2019-06-22T00:00:00Z,2019-06-22T00:15:00Z,2019-06-22T00:16:00Z,development,long_signal,0.4036158316644812694867033155,1404.62058219464,28.2961240654894949496866866,70.231029109732,within_band,,
intent_84067907f6f980e67e31db04,4d817e49dd6bbe75b73d96933d51bb2b841fa80db0c5b7d10ba3a81916f35a48,2019-06-23T00:00:00Z,2019-06-23T00:15:00Z,2019-06-23T00:17:00Z,development,long_signal,0.3925958052728861352509848819,1440.240243543184,-8.8183635383380313634432852,72.0120121771592,within_band,,
intent_72b7f9be561953ede514c7be,94dd1ab90e3c977424d517fd53b1e4550b3f2b719c762bfeb5636fdfbf08dd54,2019-06-24T00:00:00Z,2019-06-24T00:15:00Z,2019-06-24T00:16:00Z,development,long_signal,0.392804821559176078162261212,1431.519539912272,-3.2221606739661591958991834,71.5759769956136,within_band,,
intent_c720b55c8b568a1a5d77d586,7f6cfe2a2035eaef942f5bb22e311ae7a5f5aaa5a7467efc939b2cf52dacf3c5,2019-06-25T00:00:00Z,2019-06-25T00:15:00Z,2019-06-25T00:16:00Z,development,long_signal,0.3928204989270224424567655474,1448.697787593776,-13.6299980721233285426572305,72.4348893796888,within_band,,
intent_3318ac66de37644cd5a21ed7,4d153f8832f6451e1765ebde79591f1b0e5e4d225fd4c22717202c26160642c2,2019-06-26T00:00:00Z,2019-06-26T00:15:00Z,2019-06-26T00:16:00Z,development,long_signal,0.391683783251036083183689439,1489.285092096976,-39.9666710804727411959069458,74.4642546048488,within_band,,
intent_b8613ff811bccc6183422cfc,70f7482d8cfbfcfa9048f8ae8764c73d2063c4dc6c9874c725bcb0e5ee333374,2019-06-27T00:00:00Z,2019-06-27T00:15:00Z,2019-06-27T00:16:00Z,development,long_signal,0.3621001336519519147834241797,1551.933266648848,-123.9884215717978100954051342,77.5966633324424,sell,trade_cbb040c30617448afa5737c0,
intent_0e69477284b626d8323c439c,4cd06249f1a65bee4871f5ddf8272f16356613ad5e4a068f8e648864396d88c3,2019-06-28T00:00:00Z,2019-06-28T00:15:00Z,2019-06-28T00:15:00Z,development,long_signal,0.3849801836168709636138610369,1452.666552268048,0,72.6333276134024,no_fill_reference_unavailable,,
intent_cd937ac5fd60fd1c24a9b85f,08e3a3f856580bfb094c839dd07e3d42fe31359627ee530a3599fb8afce108f4,2019-06-29T00:00:00Z,2019-06-29T00:15:00Z,2019-06-29T00:15:00Z,development,long_signal,0.4081687773017569979647798934,1509.583614342928,0,75.4791807171464,no_fill_reference_unavailable,,
intent_2af2e1786c10d8800c86c101,155cccc1ec9fd6c3f94ee708850c27987898747e0fcc0e6ad1c7e713973afaf1,2019-06-30T00:00:00Z,2019-06-30T00:15:00Z,2019-06-30T00:19:00Z,development,long_signal,0.265119941090326219558657208,1484.358830618128,-197.4069886459363894713073049,74.2179415309064,sell,trade_3b1d890f4e95aeb299c3bf7c,
intent_b8813d3d8e534a2f0a5a825b,f4b9f53150ed74656b3cd456f641eddd1e91886be9816d57527d680086f4f6a5,2019-07-01T00:00:00Z,2019-07-01T00:15:00Z,2019-07-01T00:15:00Z,development,long_signal,0.3356224533548498805593102099,1426.028534544624,0,71.3014267272312,no_fill_reference_unavailable,,
intent_402f441dde989efdca72419c,c2e95d9e19e29c64cd4e43e1b465985543563090c272a83fbfa36d25b8b6c4fc,2019-07-02T00:00:00Z,2019-07-02T00:15:00Z,2019-07-02T00:20:00Z,development,long_signal,0.2411680542839634251478546199,1408.056573733456,-121.0569702976783343060711276,70.4028286866728,sell,trade_90a9802a879376b1c3baf562,
intent_fd609f6b50865e828fa65081,914ec205afdddab31baeeb7627c2a80235b4436148bfc894ed75628180175da4,2019-07-03T00:00:00Z,2019-07-03T00:15:00Z,2019-07-03T00:16:00Z,development,long_signal,0.237400155132981564302214027,1443.900333058256,-123.9630476454862765837452798,72.1950166529128,sell,trade_2ab6c7467332b8d6b928482c,
intent_590be0a17c21b137f24d5506,4dca01eb9abc6b3a7ffd7b260c50bfb4302ed2f3c1433c472ca31a06f08c1327,2019-07-04T00:00:00Z,2019-07-04T00:15:00Z,2019-07-04T00:18:00Z,development,long_signal,0.239309145523927883576090192,1468.462939530192,-15.9282803816503707761823941,73.4231469765096,within_band,,
intent_e81e124f0f98a9ed510ea633,2d98b7579833010752fd47939e66df5405e8bc9234eff41d2341ac1f18c696c5,2019-07-05T00:00:00Z,2019-07-05T00:15:00Z,2019-07-05T00:16:00Z,development,long_signal,0.2396350672082213051927306122,1447.855000042576,0.2198780564019604512782108,72.3927500021288,within_band,,
intent_892d07a4a8f2861f6db22c0f,14d67140d6dedca0f5f8810870ababcae1f97dfb4cf26a43e72ef9adcbc185f4,2019-07-06T00:00:00Z,2019-07-06T00:15:00Z,2019-07-06T00:15:00Z,development,long_signal,0.2379009347551580091162438472,1444.84896789928,0,72.242448394964,no_fill_reference_unavailable,,
intent_6ca01fa719131e13b002051b,8b228d0f2678bb879364c2a84abf28a4c748eac81f91e04da31e4160dbbef1d8,2019-07-07T00:00:00Z,2019-07-07T00:15:00Z,2019-07-07T00:15:00Z,development,long_signal,0.2425231921403504581764097523,1453.665691715856,0,72.6832845857928,no_fill_reference_unavailable,,
intent_a8199604defe4ada507e773d,b616640dd3553428d08ea4f6dfd0af2302f037924343d2fd6a1a915724990498,2019-07-08T00:00:00Z,2019-07-08T00:15:00Z,2019-07-08T00:20:00Z,development,long_signal,0.2394645179861030533178349165,1459.687460706704,-9.0260586621983860853940058,72.9843730353352,within_band,,
intent_b43c086683e447e305ce5872,ec7ef139f2b0926873d85c19f82b3d9972ce524f7cc336f94638a4507597601a,2019-07-09T00:00:00Z,2019-07-09T00:15:00Z,2019-07-09T00:16:00Z,development,long_signal,0.233783065143837666001048138,1489.53913099816,-40.1920594457058138195951727,74.476956549908,within_band,,
intent_7558143426d8c1d7b92994fa,e1f36aedaa832eeff7d055116be024f07b882c26a39bee04dc4e4ea7355565cb,2019-07-10T00:00:00Z,2019-07-10T00:15:00Z,2019-07-10T00:16:00Z,development,long_signal,0.2384196879231355739742054211,1498.530539491344,-40.1333080665137746194544527,74.9265269745672,within_band,,
intent_be08d960ab43fbd046db3fbc,988531c7d601c099fc48d0cb431c9094e3c829555677b64fada93052633b7c23,2019-07-11T00:00:00Z,2019-07-11T00:15:00Z,2019-07-11T00:16:00Z,development,long_signal,0.2378160385048649970434557697,1480.01638994696,-26.926707311486472320681958,74.000819497348,within_band,,
intent_af15c4440ef29ec02041e145,4e92d9d6afa8a5a95c2f671c7335ac2b73ca5a3ebb1f20078b9da5b44d85a02b,2019-07-12T00:00:00Z,2019-07-12T00:15:00Z,2019-07-12T00:16:00Z,development,long_signal,0.2309148760084381394062672307,1458.49620825928,-20.5896893142951886219160318,72.924810412964,within_band,,
intent_960dfa03f4031bb0b0c01770,abef06a79f6a4b39bdf213df5d2dc346bdac1853c3f78eedc39e3e33d7ace18b,2019-07-13T00:00:00Z,2019-07-13T00:15:00Z,2019-07-13T00:18:00Z,development,long_signal,0.2308543876603814758136194551,1475.3096083828,-33.6098642740955081905535717,73.76548041914,within_band,,
intent_ba0557a16cab5255acab67c8,ac3f088656e3507f399674899d96d3d51a5a64b8c431e5ce35f96f8ab76cd3e1,2019-07-14T00:00:00Z,2019-07-14T00:15:00Z,2019-07-14T00:19:00Z,development,long_signal,0.2287265174177593397722102178,1464.34329257352,-28.291103103107716864781823,73.217164628676,within_band,,
intent_941ffa554b17609ea23c3379,da981c7aee38ddbf5d1c6741643b512e36a17f10372196befa23d6343fb28419,2019-07-15T00:00:00Z,2019-07-15T00:15:00Z,2019-07-15T00:15:00Z,development,long_signal,0.2348210753216483403850172572,1439.033423873872,0,71.9516711936936,no_fill_reference_unavailable,,
intent_e2d6db9d6d5a9c8a5c50ad35,eb877a891798373ba040ccc60b1223c4508de9efde7af79ca84c69b1cf0ac96f,2019-07-16T00:00:00Z,2019-07-16T00:15:00Z,2019-07-16T00:15:00Z,development,long_signal,0.2387880191660697295158564652,1446.532734087696,0,72.3266367043848,no_fill_reference_unavailable,,
intent_deddc6e933c96a10878d43fd,ba35454bf1ace1a6e08fcae747f4b4363dfa6c26d560ceba31e1b301de49bd56,2019-07-17T00:00:00Z,2019-07-17T00:15:00Z,2019-07-17T00:18:00Z,development,long_signal,0.2046294337580059121334921146,1405.307150408208,-16.6218961080835500410436995,70.2653575204104,within_band,,
intent_30f66f6b94abbbc110e73c31,baff189ac5f16202934c63ac2d78f540de3620bb212148b7058d6e5777ac9d89,2019-07-18T00:00:00Z,2019-07-18T00:15:00Z,2019-07-18T00:16:00Z,development,long_signal,0.205008844708500426944423735,1408.257380502032,-18.434114017075324695666539,70.4128690251016,within_band,,
intent_d05c0ca8f2d2b353ce30d653,50dfc8accdbdb9ef2371f3ccfc2133935053872b5b0365bb80fdbcc7890a9884,2019-07-19T00:00:00Z,2019-07-19T00:15:00Z,2019-07-19T00:18:00Z,development,long_signal,0.1990325315775582324837340805,1437.167694480656,-50.0065220906722723726931692,71.8583847240328,within_band,,
intent_fc3fb15412f142709447b11e,05b70546a0ae82e1e7f268a008b35cd15e1a312c36e3671b67627c553da9607e,2019-07-20T00:00:00Z,2019-07-20T00:15:00Z,2019-07-20T00:19:00Z,development,long_signal,0.1993596840437906074904268145,1435.032659544336,-47.8269540890406391201266872,71.7516329772168,within_band,,
intent_a8bdeaa1a3e89d0e243e6c57,54e92e2ec460359e1208e3a681ea3f0ec3b641bfb34026bb447419c617a12a65,2019-07-21T00:00:00Z,2019-07-21T00:15:00Z,2019-07-21T00:15:00Z,development,long_signal,0.2360099630071287189810782948,1441.272784380944,0,72.0636392190472,no_fill_reference_unavailable,,
intent_fe0178c74dcd2fa55eb3bef2,ebf78dce3ea7715b8181d65e86171e0d727bd367102c5fa3e0003597d656822a,2019-07-22T00:00:00Z,2019-07-22T00:15:00Z,2019-07-22T00:18:00Z,development,long_signal,0.2012736715331606838278599324,1439.229944135056,-48.4328012425115378888448945,71.9614972067528,within_band,,
intent_5b49d6223ffec7b3ee855e91,6924e4d9926593c9e03e5788992be955498397d0ba93b448d44d617e530d8826,2019-07-23T00:00:00Z,2019-07-23T00:15:00Z,2019-07-23T00:16:00Z,development,long_signal,0.2033544785555167485464288878,1428.765846771024,-37.1018651669550713221035143,71.4382923385512,within_band,,
intent_686b794e06a032d535b12555,a679e5a2ecd77bdfcd6c174a0ae75aec3b7ba6f0ae2463b0b163b06a90cd4909,2019-07-24T00:00:00Z,2019-07-24T00:15:00Z,2019-07-24T00:16:00Z,development,long_signal,0.2018950782376074634627162872,1408.655273376528,-23.1366588923395496704400001,70.4327636688264,within_band,,
intent_c0b26d35104042e4cd6b167b,e20e973286ce04bb8f7f04d3da3f5955336a4e8d0a329d29856cd7fbe8bfb1cc,2019-07-25T00:00:00Z,2019-07-25T00:15:00Z,2019-07-25T00:15:00Z,development,long_signal,0.2206860887174544624478590753,1412.93262177736,0,70.646631088868,no_fill_reference_unavailable,,
intent_7170fbc73c6adb9d5622a152,45893e4d56befe1bb4da4565723577226bce951aa700abc26f6d59db9332d496,2019-07-26T00:00:00Z,2019-07-26T00:15:00Z,2019-07-26T00:16:00Z,development,long_signal,0.2058259859649131202521017201,1415.366076369552,-22.9289103434824385425610843,70.7683038184776,within_band,,
intent_ee1a1eef6dc5f6a96da0e67a,0eef88199a0998d929a9f3cf530a67afe1d8e60f3d7c7dc9ddc295a5f12e0a1b,2019-07-27T00:00:00Z,2019-07-27T00:15:00Z,2019-07-27T00:18:00Z,development,long_signal,0.2137025092716838025687224771,1427.094211462928,-21.0025496501893439195871839,71.3547105731464,within_band,,
intent_fe1a3741ff9dbd0f12b73c61,29efe584c022614109edef6af61157bc6d7880bd4c6cb30e6ad6110bd1442489,2019-07-28T00:00:00Z,2019-07-28T00:15:00Z,2019-07-28T00:19:00Z,development,long_signal,0.2353283795530043696602153416,1403.293424275088,28.0593911529711046619221693,70.1646712137544,within_band,,
intent_1fca033b501789890dfa04b6,aeb0776ca9943f6ee04789bee56d11df4a3392b7f9540a00db036f6cb558924e,2019-07-29T00:00:00Z,2019-07-29T00:15:00Z,2019-07-29T00:15:00Z,development,long_signal,0.2165858680945354983370829628,1405.537637134288,0,70.2768818567144,no_fill_reference_unavailable,,
intent_8e7ee83cedfc50a50c484a0f,5ec8553a364dc22a543047c69786b93505aee838e1a0f57abeb1ca0cf4372a04,2019-07-30T00:00:00Z,2019-07-30T00:15:00Z,2019-07-30T00:17:00Z,development,long_signal,0.252652965798374206582507284,1405.537637134288,50.6936632849449622328592089,70.2768818567144,within_band,,
intent_1aa98b855a5b661f7ae35925,33d227e57305e36140e2b6f5abcddc5041837ec18e07c39cd79d62644032c7e3,2019-07-31T00:00:00Z,2019-07-31T00:15:00Z,2019-07-31T00:19:00Z,development,long_signal,0.2727215151273467651359022516,1410.086717254288,75.592316592264045609757219,70.5043358627144,buy,trade_b884cea4380c3c504175894a,
intent_511158047386800c3e794c71,2e62dca19ff8402cd10dea6e116af66d20a0946de884e493e15321bed06e0c58,2019-08-01T00:00:00Z,2019-08-01T00:15:00Z,2019-08-01T00:16:00Z,development,long_signal,0.2685544119929210622342426546,1427.650018475632,-20.0961432242097575436873233,71.3825009237816,within_band,,
intent_30939e5bffc287efe54e98a4,5dde47ffa123a0f752557568cee3b7534aa376d4237e3728a33c83783e43a60f,2019-08-02T00:00:00Z,2019-08-02T00:15:00Z,2019-08-02T00:18:00Z,development,long_signal,0.2753451568010686406476184763,1435.247744860656,-15.9070654956025154495783509,71.7623872430328,within_band,,
intent_6c22e7f5a3e7d96c4bd34968,b96c032369fa002b9bc6b69475245c0cc6b50faec01d515141cd11d95f18783e,2019-08-03T00:00:00Z,2019-08-03T00:15:00Z,2019-08-03T00:20:00Z,development,long_signal,0.2877524368879794300794297874,1439.436157617424,-1.0827315103245890782915705,71.9718078808712,within_band,,
intent_dc5b0750378a7e8c4aa099c6,050e0b48bcc32596d796bbe1eb7c77650838a52738b8552a7f956e4079b6a541,2019-08-04T00:00:00Z,2019-08-04T00:15:00Z,2019-08-04T00:17:00Z,development,long_signal,0.2950680746101125206682999423,1452.381886159792,0.3218045959974552185385505,72.6190943079896,within_band,,
intent_930f7a4d833ab529b64c2f6a,52860b64c6f07dee20e2e992954b3d431e98271f498dbeb7d31b62805509fa5c,2019-08-05T00:00:00Z,2019-08-05T00:15:00Z,2019-08-05T00:15:00Z,development,long_signal,0.2989830053071942791668652548,1460.951976573424,0,73.0475988286712,no_fill_reference_unavailable,,
intent_47e222b0ec6e4846daefb109,0fe29a89ed8b2bcc33f89e9d1e0806becbf8a6e628f8b5bead989b07ab2e8a60,2019-08-06T00:00:00Z,2019-08-06T00:15:00Z,2019-08-06T00:19:00Z,development,long_signal,0.2894854833283566886150716645,1484.183021517776,-30.3814181779457993099034181,74.2091510758888,within_band,,
intent_10280a010f60e71cf636ee5c,83bb5b168063a613a2f29589d03c98789470a35b7eae37cd314576b6bcfa5ee2,2019-08-07T00:00:00Z,2019-08-07T00:15:00Z,2019-08-07T00:15:00Z,development,long_signal,0.3072026899825346083243005222,1478.285422300784,0,73.9142711150392,no_fill_reference_unavailable,,
intent_10f65ddb1ff0f6d9b5a49641,b75651a13ed7842789cd3065f19fcbcf5146b6422d444904aaf87c4cf6c9abae,2019-08-08T00:00:00Z,2019-08-08T00:15:00Z,2019-08-08T00:16:00Z,development,long_signal,0.3012126961695528460665481863,1497.39750906184,-22.2102041117347335249651496,74.869875453092,within_band,,
intent_5b4e09a366b61d9f87fe6867,6e42878e3245b99eaae832b6dd286d48026f3ae9f1c2f87c30a26b7e74eeb699,2019-08-09T00:00:00Z,2019-08-09T00:15:00Z,2019-08-09T00:19:00Z,development,long_signal,0.3023117031357608390373851211,1502.204973451728,-23.9186654605097124252765659,75.1102486725864,within_band,,
intent_13680f6e7149a7b5ec466622,6f1b53a464b14860f80343f17aeedcdf9ec78aee415843a42eff49ae6feace48,2019-08-10T00:00:00Z,2019-08-10T00:15:00Z,2019-08-10T00:16:00Z,development,long_signal,0.3042289251182682357727570517,1499.52644272696,-19.1749608617005438060842211,74.976322136348,within_band,,
intent_5ed55c92c6c5a15cf0c8bf46,fe7dbfe259b9182dd245cca8a76f8ce1a4be374c3c37f0c8e40ecfd4d9f7c08f,2019-08-11T00:00:00Z,2019-08-11T00:15:00Z,2019-08-11T00:15:00Z,development,long_signal,0.3058058975656150180045213132,1475.310954697744,0,73.7655477348872,no_fill_reference_unavailable,,
intent_6ce871ab60393e7d5f108910,1acf544b406c93372e982cc9058df8ea3ce7044dbe49c16e675154505a90be8b,2019-08-12T00:00:00Z,2019-08-12T00:15:00Z,2019-08-12T00:18:00Z,development,long_signal,0.3112000073369004889997318958,1483.820649830096,2.0965112916903265263312908,74.1910324915048,within_band,,
intent_04ec58f3caa7f599e1f90a4c,5fb174e96ae2ed2bc077a1e9126eefe2e200897db31259f96c8d04b8bf8404d4,2019-08-13T00:00:00Z,2019-08-13T00:15:00Z,2019-08-13T00:15:00Z,development,long_signal,0.3070384867046655865362850056,1477.93512966936,0,73.896756483468,no_fill_reference_unavailable,,
intent_0adcc5e6f5abd9c6d60dabe7,1f633b4e0e427e4c9fed9e709814574ddcf6ac8017efebb4519528853f74eb93,2019-08-14T00:00:00Z,2019-08-14T00:15:00Z,2019-08-14T00:15:00Z,development,long_signal,0.2984551755374023379047480906,1459.852782454128,0,72.9926391227064,no_fill_reference_unavailable,,
intent_61c90b2312a641a45876bfbc,35691a619d59a29fb89f1a93c5e623b3335dc54d2af5a3edc7169080f8ea06a2,2019-08-15T00:00:00Z,2019-08-15T00:15:00Z,2019-08-15T00:16:00Z,development,long_signal,0.3043217259200637653843155354,1432.496739798352,27.5953044399629771168278334,71.6248369899176,within_band,,
intent_f28cbc2490d7eb0267b5946e,83655c1d2cb63f2de4ec25988880dd24c8802c00c0df08d5779793858f82525c,2019-08-16T00:00:00Z,2019-08-16T00:15:00Z,2019-08-16T00:16:00Z,development,long_signal,0.3743070528580158014451029119,1440.251493914704,122.9969621548793335263395121,72.0125746957352,buy,trade_d1c1c145de47bb9a9066f27e,
intent_881d19725abddfc4654614b5,1d1a2d3ead85a2dc712c7c95cece6d977cfbf6c112f63982cd2d675f2b3d188b,2019-08-17T00:00:00Z,2019-08-17T00:15:00Z,2019-08-17T00:17:00Z,development,long_signal,0.375065385470995897448803897,1437.062536698992,110.9122342859586227545164227,71.8531268349496,buy,trade_08206aec2c9242c7c1275ba1,
intent_e74b1e023623df245eecd72e,b5f737cdafe1be9ede337b5f1e0a54994c527f88ecbbe15b869fce39b20e7769,2019-08-18T00:00:00Z,2019-08-18T00:15:00Z,2019-08-18T00:16:00Z,development,long_signal,0.423270581372564127255305488,1433.152266811952,150.4949329779270642928696089,71.6576133405976,buy,trade_341758bdcd2d1bb23f9205e8,
intent_8c1afc836be2867a66b7ed9b,553a5a89f069f63ee4ddad37503fe32d4769886238f1bf0d5ebd86cc9d820f62,2019-08-19T00:00:00Z,2019-08-19T00:15:00Z,2019-08-19T00:20:00Z,development,long_signal,0.4217007124995111291564107076,1432.752157632592,108.6811791772599288658437759,71.6376078816296,buy,trade_9edbfc36cc34c57c4982873d,
intent_93e8059137b1cf485512be16,9d47baff9d8478f56935596b7164db8c211d2b810a5f9c777d419bf09d937245,2019-08-20T00:00:00Z,2019-08-20T00:15:00Z,2019-08-20T00:15:00Z,development,long_signal,0.3700485985510943911109190139,1467.6670806392,0,73.38335403196,no_fill_reference_unavailable,,
intent_8f20bab52f439a10d9637b39,13320abe3f14745520f45d07069e859b5c6d49e98fe96ec4c084f6d2c284c7cb,2019-08-21T00:00:00Z,2019-08-21T00:15:00Z,2019-08-21T00:15:00Z,development,long_signal,0.3667047487645633038121995453,1459.917680584928,0,72.9958840292464,no_fill_reference_unavailable,,
intent_81e9fce1672ce403cc55c627,c581e757916cf9059bcec7a85051f90f990ec3242a25443976ba8bfe27a504bd,2019-08-22T00:00:00Z,2019-08-22T00:15:00Z,2019-08-22T00:15:00Z,development,long_signal,0.35254848589912750365501757,1427.997176889824,0,71.3998588444912,no_fill_reference_unavailable,,
intent_96b59afdcf636f10745ccfaa,474dc25d2fad93b8ce690420093f08ba4eb5eed55433e73e3cf85d68a19a5b25,2019-08-23T00:00:00Z,2019-08-23T00:15:00Z,2019-08-23T00:16:00Z,development,long_signal,0.3915429131736659788569335204,1424.839875517664,57.6050144576137572113984254,71.2419937758832,within_band,,
intent_7509ec0f61bb6b7d1c74a6eb,65f037ed65cf91f56158390af569de4fbe7574462b5e58de99cee8ce6854c55e,2019-08-24T00:00:00Z,2019-08-24T00:15:00Z,2019-08-24T00:17:00Z,development,long_signal,0.3855941402668257191077204684,1440.54044399792,39.4824443341373640622999299,72.027022199896,within_band,,
intent_8222d441bc62e5868dcb285f,8243edbe8c2e72ac4f8ff652c85e1c707b2fa90a62264a339c12c6b016ebe737,2019-08-25T00:00:00Z,2019-08-25T00:15:00Z,2019-08-25T00:15:00Z,development,long_signal,0.3528668202443126838882756524,1428.699629739488,0,71.4349814869744,no_fill_reference_unavailable,,
intent_e5361a97e770da92270b4a25,f6e1e5be1459b4748b329fee9e44ea2fdb7fa8215cb355619b9f5e9ceb9909d9,2019-08-26T00:00:00Z,2019-08-26T00:15:00Z,2019-08-26T00:16:00Z,development,long_signal,0.3811656673126582246581965433,1436.549913979616,35.5725269194541027816236984,71.8274956989808,within_band,,
intent_9299b3dbb578c528d10609ed,2102dc40f2820591b417842aade5aa966681f263d4df36b27a5d3125a204e3cf,2019-08-27T00:00:00Z,2019-08-27T00:15:00Z,2019-08-27T00:16:00Z,development,long_signal,0.3905085857931976300323117022,1437.203792962016,48.5955620332884693582802722,71.8601896481008,within_band,,
intent_6a27d66428dcb29a58824744,745e6ec5bfb8be857f4b86807a44752201515625019242dfeceeb2853604190d,2019-08-28T00:00:00Z,2019-08-28T00:15:00Z,2019-08-28T00:18:00Z,development,long_signal,0.3878749915361870467186357845,1427.167684695008,50.9539032358758917738175192,71.3583842347504,within_band,,
intent_0698f52eba38c74c78a93e45,098b11de1c96a7e7f9ac6213c5951139fa046459a96d766cb5799a51bae6ab55,2019-08-29T00:00:00Z,2019-08-29T00:15:00Z,2019-08-29T00:16:00Z,development,long_signal,0.3798848395881997958292389224,1407.779238754016,51.5736858447393895711776055,70.3889619377008,within_band,,
intent_8dca79a0a5f94f96a7912094,d3ad8ae1b9850dbde9ef3e1b061ab45ddc37560455831f66d24ba353d19f99b3,2019-08-30T00:00:00Z,2019-08-30T00:15:00Z,2019-08-30T00:17:00Z,development,long_signal,0.3745950627638619607913767565,1392.952999884512,53.399250843424575261757737,69.6476499942256,within_band,,
intent_6558bf4ef327bc9b3de23882,ad5ae3fece8f04b25111836c6f950a4caf140793aa19a987fb65edfa8eaae77c,2019-08-31T00:00:00Z,2019-08-31T00:15:00Z,2019-08-31T00:16:00Z,development,long_signal,0.3865566789119502335836518762,1402.417431098336,64.255327824353559359720526,70.1208715549168,within_band,,
intent_0cd28d158578291ce4fa6be0,abdcc5c4ee6638893316b060e43ae1dfb7d1fb48add654d985d5cf9258682e64,2019-09-01T00:00:00Z,2019-09-01T00:15:00Z,2019-09-01T00:15:00Z,development,long_signal,0.340865572186912014965197076,1402.686455593952,0,70.1343227796976,no_fill_reference_unavailable,,
intent_f0f9727e7d3737fdd1c06b06,73e72f0e299012fe9ac08af9974576b5fad7f2449769077ba873670857978cfa,2019-09-02T00:00:00Z,2019-09-02T00:15:00Z,2019-09-02T00:15:00Z,development,long_signal,0.3440387379724816054328266127,1409.4718512056,0,70.47359256028,no_fill_reference_unavailable,,
intent_702db1354334c8bf1fa21eb0,4563ebbfb835ab8a5da039f1c934cd79026f09f8311b5b33d421056489016840,2019-09-03T00:00:00Z,2019-09-03T00:15:00Z,2019-09-03T00:15:00Z,development,long_signal,0.358696727169751860555972006,1441.687534555616,0,72.0843767277808,no_fill_reference_unavailable,,
intent_dfa4b8e546b52a4a8279c670,3ed5c7ba96f4b9c8c997122eda55b2291a080896b05fb64e9aa4cb3c7e01830f,2019-09-04T00:00:00Z,2019-09-04T00:15:00Z,2019-09-04T00:15:00Z,development,long_signal,0.3621402475364323377649413056,1449.47056267184,0,72.473528133592,no_fill_reference_unavailable,,
intent_8d52afd9acec880e5bfaeb6d,151c633217cd2abf61b28f3bce1314c0998bdd17692d026ac3b64ca4b61af54d,2019-09-05T00:00:00Z,2019-09-05T00:15:00Z,2019-09-05T00:17:00Z,development,long_signal,0.3858336479424942523592729482,1440.3909859448,39.9192569348561500886803053,72.01954929724,within_band,,
intent_8cc2c75f65bdf11032ef7ca5,906394f7bc5cc89326e850cbc2ad8a38c283b4bcf1186354fc415bf8477486c7,2019-09-06T00:00:00Z,2019-09-06T00:15:00Z,2019-09-06T00:16:00Z,development,long_signal,0.3859302402119080426828628499,1444.493609502944,37.5390905061812720842324791,72.2246804751472,within_band,,
intent_7c23097923629ef13a2296d7,456fe881455a32ca189a7674f033597231a2699dffa2fa5abcc0cfaeb477d3f8,2019-09-07T00:00:00Z,2019-09-07T00:15:00Z,2019-09-07T00:20:00Z,development,long_signal,0.3993920386183473362673444592,1432.641585890528,64.1029920168001312772959664,71.6320792945264,within_band,,
intent_eeb9fe9debfe420ce4e159c2,4a4049ff910272adc8977f9d1d274d35843ce9d5da79e4ba4d0c7bf878f9b72f,2019-09-08T00:00:00Z,2019-09-08T00:15:00Z,2019-09-08T00:19:00Z,development,long_signal,0.3986844956621169703696110168,1438.152851599328,59.7753270346734350487238472,71.9076425799664,within_band,,
intent_fe9f69fb7d850b8db3e50662,6cb72713d5176aa273a49cd5a68c465552b2987afaea529abda68e3a6f9450bd,2019-09-09T00:00:00Z,2019-09-09T00:15:00Z,2019-09-09T00:17:00Z,development,long_signal,0.3986841573395113641164944565,1433.949343855328,62.3024762762666714447705774,71.6974671927664,within_band,,
intent_9bb302c66459025ee7c85ee6,bcde93d8cbc1ae6623b7360df362077cf96a944e6da5e66c466e1309050c7ee2,2019-09-10T00:00:00Z,2019-09-10T00:15:00Z,2019-09-10T00:15:00Z,development,long_signal,0.354138719235575112624176052,1431.513177589472,0,71.5756588794736,no_fill_reference_unavailable,,
intent_5d1a53639871ab3b806dc323,44bceccddd92a7093afd77e1b8936c9c5223e3e01d4cebd5e49a6b791d90cd44,2019-09-11T00:00:00Z,2019-09-11T00:15:00Z,2019-09-11T00:16:00Z,development,long_signal,0.4147058380820864550142680792,1421.20430837552,92.7363497243100638113111012,71.060215418776,buy,trade_5c09dae9e2164f93af4119d8,
intent_cd5db432d29a34410884bdd6,d5f5cbd8b90434557b2101439b9a7c47acfb6837beae48683e59daa39c7f3e30,2019-09-12T00:00:00Z,2019-09-12T00:15:00Z,2019-09-12T00:18:00Z,development,long_signal,0.4148607226018849971452720758,1421.296056017312,3.4167865384872734378302935,71.0648028008656,within_band,,
intent_99e4d9c8c121e3efb00dfe53,22142cd8ddbd0f91f53eb5f5fbae0f80723cad18acd8d0c61c00808afe360e63,2019-09-13T00:00:00Z,2019-09-13T00:15:00Z,2019-09-13T00:17:00Z,development,long_signal,0.4194267971223714076684645099,1435.760005434944,1.5091488062811267335243526,71.7880002717472,within_band,,
intent_a64da4acd000679502119dd2,f3183a5176473f1155683b667911cd884cd83e6491da6146ec533013be06e577,2019-09-14T00:00:00Z,2019-09-14T00:15:00Z,2019-09-14T00:18:00Z,development,long_signal,0.4822214010237174642251637093,1437.716970315104,90.6538551110678631500632337,71.8858485157552,buy,trade_3faa70a8bda74755d71581df,
intent_ad338325e85f466edbb69343,0840f8b7c5a8cf159ca4dfa18cc49e713e3a430870a890197da43914597bc50a,2019-09-15T00:00:00Z,2019-09-15T00:15:00Z,2019-09-15T00:18:00Z,development,long_signal,0.4984583508051217944708139033,1439.174732243648,78.5681841519475230418589961,71.9587366121824,buy,trade_aa698793a9e94290cef4fc08,
intent_ec0dbb9288830b9c40328a05,e7db2085a464856acfd5c9f11d0540733ae29c0c40d7d1086a8f18ea5dbdc93d,2019-09-16T00:00:00Z,2019-09-16T00:15:00Z,2019-09-16T00:16:00Z,development,long_signal,0.4981804113819931402300655575,1426.977044218304,4.2929718090153026001110597,71.3488522109152,within_band,,
intent_b5e4e2b6240b996ab876bef8,a38b0d9a8984dad3b85da085a73d4e9f4d5709c958a66003a5d7dde43dcbfd50,2019-09-17T00:00:00Z,2019-09-17T00:15:00Z,2019-09-17T00:16:00Z,development,long_signal,0.5012853605136632429770009828,1427.472738419424,8.476452988567066910421556,71.3736369209712,within_band,,
intent_26b1d4e3eb6992f46ce56102,f142ee5e37d7d6d5b390fadb5f1f1e320e61b353db1ecac7c8906926d5b72186,2019-09-18T00:00:00Z,2019-09-18T00:15:00Z,2019-09-18T00:16:00Z,development,long_signal,0.5021669435946726835282575713,1422.187072885376,12.3662678313112584375121865,71.1093536442688,within_band,,
intent_d98f9faf491e81740a25e8c3,34b2e121ba0bc1400fdab725605beda3c5b6df70ea7551cf9a941e494a610746,2019-09-19T00:00:00Z,2019-09-19T00:15:00Z,2019-09-19T00:15:00Z,development,long_signal,0.491700049686609201121880407,1417.230130874176,0,70.8615065437088,no_fill_reference_unavailable,,
intent_7993e514b910efc3f88b2fa8,57db88716c6f9f3190b042ffa2575421f70ec0a931cb404cd8b611518beec522,2019-09-20T00:00:00Z,2019-09-20T00:15:00Z,2019-09-20T00:15:00Z,development,long_signal,0.4960491124753712077807866713,1429.4607330576,0,71.47303665288,no_fill_reference_unavailable,,
intent_60eaa4bde74c88afafb6aeee,ac2b48196ef6c33a8f151b7b9741fb18f28608f679c66239448d0bc5efa3676c,2019-09-21T00:00:00Z,2019-09-21T00:15:00Z,2019-09-21T00:15:00Z,development,non_positive_momentum,0.4943862294974770432415224608,1424.759464897504,0,71.2379732448752,no_fill_reference_unavailable,,
intent_318b2986f539e3e9d1581147,3dc90fef8cfef8dd7216eef0b7d6f9f09a34391127d3952722bfe2e088658eca,2019-09-22T00:00:00Z,2019-09-22T00:15:00Z,2019-09-22T00:15:00Z,development,non_positive_momentum,0.4892233882962101470579078751,1410.358243896544,0,70.5179121948272,no_fill_reference_unavailable,,
intent_9535b493743cc1d859bf1917,3e8be9cef0fd8e9a7936923c06c26ce72605cf6ff946487123b39a40fb225dd6,2019-09-23T00:00:00Z,2019-09-23T00:15:00Z,2019-09-23T00:18:00Z,development,non_positive_momentum,0,1413.671568293504,-693.29356318752,70.6835784146752,sell,trade_0e6d2cd3adca11bb1fb89249,
intent_136c631f06cec69ebc284ac8,6917ce6ec0d95b60d2716e98f012f4db3e5f4ae517a3f8f2d61988ee8b27cdac,2019-09-24T00:00:00Z,2019-09-24T00:15:00Z,2019-09-24T00:16:00Z,development,non_positive_momentum,0,1403.961430011296,-279.634125803232,70.1980715005648,sell,trade_8a6a9e2a77a0b02e467022cb,
intent_56b49801ff21b6a1d91dab8e,43c99755f5d725b147d1adc078b1fd87d4a89c720d90361425c3373ca092dbde,2019-09-25T00:00:00Z,2019-09-25T00:15:00Z,2019-09-25T00:16:00Z,development,non_positive_momentum,0,1403.961430011296,0,70.1980715005648,within_band,,
intent_12b74e09fbb5d1463d5cde21,6a69cfba802742007506d090db741b3cdbe323c13c798f6e66985745f09c6fcb,2019-09-26T00:00:00Z,2019-09-26T00:15:00Z,2019-09-26T00:17:00Z,development,non_positive_momentum,0,1403.961430011296,0,70.1980715005648,within_band,,
intent_9f5a0f344f465dbd4851d8e0,79f53a50f5b98aeecbd66ac3152b04027de1068de0bb0cd461f7c9e313961e3a,2019-09-27T00:00:00Z,2019-09-27T00:15:00Z,2019-09-27T00:15:00Z,development,non_positive_momentum,0,1403.961430011296,0,70.1980715005648,no_fill_reference_unavailable,,
intent_c19ee986436fba962c748f40,7e9b6b50134e6cb79e85a492705f5365851405b9bd7c94a1a7dcfb2b972dae8c,2019-09-28T00:00:00Z,2019-09-28T00:15:00Z,2019-09-28T00:15:00Z,development,non_positive_momentum,0,1403.961430011296,0,70.1980715005648,no_fill_reference_unavailable,,
intent_6b691c03c134ca5b6fb764cd,4f7c832546ec655d8573b82772a6eaa09dbd91a8ec4a7e2dfbe3e17887f36afc,2019-09-29T00:00:00Z,2019-09-29T00:15:00Z,2019-09-29T00:17:00Z,development,non_positive_momentum,0,1403.961430011296,0,70.1980715005648,within_band,,
intent_f5eddd277075a7c73b10abfc,6e794ccad2086f32e8457f2d41e5e20936f45233034118d993a8a34b93a4d6f8,2019-09-30T00:00:00Z,2019-09-30T00:15:00Z,2019-09-30T00:20:00Z,development,non_positive_momentum,0,1403.961430011296,0,70.1980715005648,within_band,,
intent_631c74c4e4c2613d87828694,9f607c8173c937f557dcd7a16cecc9749d35483f07ad1c29a7b41ae4722b60fa,2019-10-01T00:00:00Z,2019-10-01T00:15:00Z,2019-10-01T00:15:00Z,development,non_positive_momentum,0,1403.961430011296,0,70.1980715005648,no_fill_reference_unavailable,,
intent_f2e542c6d0e8891ad79d3110,707f409f30d7b5cd3c0a3ae65851551deeb84d5affe53e7352c21574152d4b95,2019-10-02T00:00:00Z,2019-10-02T00:15:00Z,2019-10-02T00:16:00Z,development,non_positive_momentum,0,1403.961430011296,0,70.1980715005648,within_band,,
intent_87c9cfe460a620fc352cca7b,79a384f6ca518bdf060a02e99160aaad0a6cecbadf8633252482651b3d6383b6,2019-10-03T00:00:00Z,2019-10-03T00:15:00Z,2019-10-03T00:19:00Z,development,non_positive_momentum,0,1403.961430011296,0,70.1980715005648,within_band,,
intent_f414b4473bd8a4ffe6aedc3e,b5c7bf09f0f53f07f524710044b3e0178b06c75d6f126a8ac0de45e9d51c2d5d,2019-10-04T00:00:00Z,2019-10-04T00:15:00Z,2019-10-04T00:19:00Z,development,non_positive_momentum,0,1403.961430011296,0,70.1980715005648,within_band,,
intent_d878c990954498a17ff31423,488fb2562a8dc0eb249223cda2e2743995367c5accc140c5d6e13effca1d831b,2019-10-05T00:00:00Z,2019-10-05T00:15:00Z,2019-10-05T00:20:00Z,development,non_positive_momentum,0,1403.961430011296,0,70.1980715005648,within_band,,
intent_232ec9428aad66e7e82281f1,f0fa485bd3aa4ac5e9e915daef8d7680c824c0d7c269dec6672774e85dfa6f04,2019-10-06T00:00:00Z,2019-10-06T00:15:00Z,2019-10-06T00:15:00Z,development,non_positive_momentum,0,1403.961430011296,0,70.1980715005648,no_fill_reference_unavailable,,
intent_5e0812859e9ec21817636d6b,8126297f02eab9d1f775f4bfbe955e4857d380cc7e39cc570a1d47dd2b36386a,2019-10-07T00:00:00Z,2019-10-07T00:15:00Z,2019-10-07T00:15:00Z,development,non_positive_momentum,0,1403.961430011296,0,70.1980715005648,no_fill_reference_unavailable,,
intent_a852fb23480946a370bc315e,89b8834e661e91f6c7f4584f1afea04bf4d014e94ae690b28e061cd7e01bd165,2019-10-08T00:00:00Z,2019-10-08T00:15:00Z,2019-10-08T00:15:00Z,development,non_positive_momentum,0,1403.961430011296,0,70.1980715005648,no_fill_reference_unavailable,,
intent_1ac8df43db90b361ca93dfaf,5a7fb122c029fc8c8b80bf889673dc2c09ffee7bf85015d001894ab8ff20b39d,2019-10-09T00:00:00Z,2019-10-09T00:15:00Z,2019-10-09T00:15:00Z,development,non_positive_momentum,0,1403.961430011296,0,70.1980715005648,no_fill_reference_unavailable,,
intent_4d71c497a70d32f7ce58d6f3,2c8ca86d3b2368271626e6f171c71cd40f9b241c79b21e228d78a66571325b11,2019-10-10T00:00:00Z,2019-10-10T00:15:00Z,2019-10-10T00:15:00Z,development,non_positive_momentum,0,1403.961430011296,0,70.1980715005648,no_fill_reference_unavailable,,
intent_35290eb276f3312e076f5e1d,68e13563d1199058ba752a5599218cdd8e531bee0520806f9d6f7a5e91422a04,2019-10-11T00:00:00Z,2019-10-11T00:15:00Z,2019-10-11T00:15:00Z,development,non_positive_momentum,0,1403.961430011296,0,70.1980715005648,no_fill_reference_unavailable,,
intent_e839b029c392d67b2261e65e,8fc4c75ae4969078394ba31bd82d9b6c098abf71dd94395519f277911ab5f16f,2019-10-12T00:00:00Z,2019-10-12T00:15:00Z,2019-10-12T00:16:00Z,development,non_positive_momentum,0,1403.961430011296,0,70.1980715005648,within_band,,
intent_d3c1b36a40269c6b8ba3b27c,7df67e1a7c2b161f21cd55fd58a35ea40d4c90479ae933a48938a1e6bb7df825,2019-10-13T00:00:00Z,2019-10-13T00:15:00Z,2019-10-13T00:15:00Z,development,non_positive_momentum,0,1403.961430011296,0,70.1980715005648,no_fill_reference_unavailable,,
intent_486f81afee5b7406a536728d,86def2fdb594d8ef2d0f3a0a590ec26e63b7c4076cb857799611abf761fa1c9f,2019-10-14T00:00:00Z,2019-10-14T00:15:00Z,2019-10-14T00:18:00Z,development,non_positive_momentum,0,1403.961430011296,0,70.1980715005648,within_band,,
intent_b128308b8a255b3c3ffd93d7,3f30e4552c643384d220596222f9057dc4c55bd76a29f32b59b4e2550812df18,2019-10-15T00:00:00Z,2019-10-15T00:15:00Z,2019-10-15T00:19:00Z,development,non_positive_momentum,0,1403.961430011296,0,70.1980715005648,within_band,,
intent_e45d2ccff9805489e7f0865d,258d115c3221ad204129186cc95e83ba20422329f83c42a9add3e8b2e5ad21de,2019-10-16T00:00:00Z,2019-10-16T00:15:00Z,2019-10-16T00:17:00Z,development,non_positive_momentum,0,1403.961430011296,0,70.1980715005648,within_band,,
intent_687dfcb7bbcc9fbffcfce484,f206007c8ecf2913bc183abfc215e53c1b5f94990f357231f2c4f37f80f050fb,2019-10-17T00:00:00Z,2019-10-17T00:15:00Z,2019-10-17T00:15:00Z,development,non_positive_momentum,0,1403.961430011296,0,70.1980715005648,no_fill_reference_unavailable,,
intent_ffc425b2697c2b5db517b1b5,786454bbb09e5bcf73947368ebcfa1576add5b44a520af228c82f3693919b8c7,2019-10-18T00:00:00Z,2019-10-18T00:15:00Z,2019-10-18T00:18:00Z,development,non_positive_momentum,0,1403.961430011296,0,70.1980715005648,within_band,,
intent_dc559652cbea2ef19e85cac5,2688f56fc7af03bf3979b4aa810f44737022f808c13f9937670ab6d88cb4b783,2019-10-19T00:00:00Z,2019-10-19T00:15:00Z,2019-10-19T00:18:00Z,development,non_positive_momentum,0,1403.961430011296,0,70.1980715005648,within_band,,
intent_1089d09f9db0e56e3a50c241,1a81f671e38a23a6a837becc533928063f6b548105540d994137d82caf81cf56,2019-10-20T00:00:00Z,2019-10-20T00:15:00Z,2019-10-20T00:15:00Z,development,non_positive_momentum,0,1403.961430011296,0,70.1980715005648,no_fill_reference_unavailable,,
intent_033103414179c5e5cb77142f,44c2ccb2ca29a32ce6f5e0f7991f356a66edd957427f3a02301be18468c36f75,2019-10-21T00:00:00Z,2019-10-21T00:15:00Z,2019-10-21T00:18:00Z,development,non_positive_momentum,0,1403.961430011296,0,70.1980715005648,within_band,,
intent_a8e9303fbac09c7228ed3973,68f48980837c8ec21a2ae83d1338d372539747766077a5287a31ab08b3c6934a,2019-10-22T00:00:00Z,2019-10-22T00:15:00Z,2019-10-22T00:15:00Z,development,non_positive_momentum,0,1403.961430011296,0,70.1980715005648,no_fill_reference_unavailable,,
intent_f518547dc738c5345e6bff37,c2d9116ec291b1838a62362197c8ba7ca77eed034c3273aace693cb10b18611f,2019-10-23T00:00:00Z,2019-10-23T00:15:00Z,2019-10-23T00:17:00Z,development,non_positive_momentum,0,1403.961430011296,0,70.1980715005648,within_band,,
intent_cc394f3ce499743a02af45f7,1e633192f4b2302088b34f0ed6c34e4711ead55160f8d066c7127b525e6d4262,2019-10-24T00:00:00Z,2019-10-24T00:15:00Z,2019-10-24T00:16:00Z,development,non_positive_momentum,0,1403.961430011296,0,70.1980715005648,within_band,,
intent_8b6cd123f8c5c0ffb1e6eba4,99874a82235a7f36fb095a2b5a43a2eba9788af12b4c97ae23fa18d52b38d544,2019-10-25T00:00:00Z,2019-10-25T00:15:00Z,2019-10-25T00:15:00Z,development,non_positive_momentum,0,1403.961430011296,0,70.1980715005648,no_fill_reference_unavailable,,
intent_23820ee8cfac75460dde3d80,daa1b0bcdaef1df22f79fee253ccc5c96ed32f044e96ea96b66ec650caf81a36,2019-10-26T00:00:00Z,2019-10-26T00:15:00Z,2019-10-26T00:17:00Z,development,non_positive_momentum,0,1403.961430011296,0,70.1980715005648,within_band,,
intent_d2a09acf568525344feb36ef,67f762507b56725381d283166a1af80e425a54c8ad57a369d74e9a93b61127b8,2019-10-27T00:00:00Z,2019-10-27T00:15:00Z,2019-10-27T00:16:00Z,development,non_positive_momentum,0,1403.961430011296,0,70.1980715005648,within_band,,
intent_121c73a48844ea39787c13d5,154ae4873fa7468c7277dce759e6bc5e9c07be78fbf9bbfda86749e50f541940,2019-10-28T00:00:00Z,2019-10-28T00:15:00Z,2019-10-28T00:20:00Z,development,long_signal,0.3313966683542034224536240196,1403.961430011296,465.2681404035466402646131691,70.1980715005648,buy,trade_3946769b0b3c3fef0bf9b65e,
intent_5f6f0951448bc4ad121ad5cc,fb3f20403c3788f61e8e6cc2497358f7518718ed88f047bec81020485c6f0650,2019-10-29T00:00:00Z,2019-10-29T00:15:00Z,2019-10-29T00:15:00Z,development,non_positive_momentum,0.00515167298747422842350667301,1403.552561255456,0,70.1776280627728,no_fill_reference_unavailable,,
intent_7a9bfc30ed76e2a049bd9669,07d1f26c14ef497f712239b43c258d053738180e296531359ef92d27b2e26c94,2019-10-30T00:00:00Z,2019-10-30T00:15:00Z,2019-10-30T00:16:00Z,development,non_positive_momentum,0,1403.727743674016,-7.40582623488,70.1863871837008,sell,trade_dd67ff64cef1fd14b766304f,
intent_458fcb32bfcc753a298268be,08407e1ba552dff2462de6360e7af58d5bc5ffae8d9dd6af4015ef02d28deb05,2019-10-31T00:00:00Z,2019-10-31T00:15:00Z,2019-10-31T00:15:00Z,development,non_positive_momentum,0,1403.727743674016,0,70.1863871837008,no_fill_reference_unavailable,,
intent_70aa27342c18a6d2973cbbef,79fdb64cfd16696dcd76b3a8ee3bb40768f0760c5c345b6ecc0ee353d44c35b3,2019-11-01T00:00:00Z,2019-11-01T00:15:00Z,2019-11-01T00:19:00Z,development,non_positive_momentum,0,1403.727743674016,0,70.1863871837008,within_band,,
intent_478b86ec2ab0f8fa1187e97d,4101e95cbba79cface78bc91811c242f93594ec1ff75d8be33b3476dc06c40dd,2019-11-02T00:00:00Z,2019-11-02T00:15:00Z,2019-11-02T00:15:00Z,development,non_positive_momentum,0,1403.727743674016,0,70.1863871837008,no_fill_reference_unavailable,,
intent_55caab88d4e3db53580cc593,138f955075ffe80aa365a6460ee0e1b2622198c51d5c2e24261e237b342ca2fb,2019-11-03T00:00:00Z,2019-11-03T00:15:00Z,2019-11-03T00:15:00Z,development,non_positive_momentum,0,1403.727743674016,0,70.1863871837008,no_fill_reference_unavailable,,
intent_4da02974cbcac07a91b9b7f9,cb48b0c6ff6ad0433e1ed883c7756f03ce3642805cdf8145491929a5968f869d,2019-11-04T00:00:00Z,2019-11-04T00:15:00Z,2019-11-04T00:16:00Z,development,non_positive_momentum,0,1403.727743674016,0,70.1863871837008,within_band,,
intent_2d94115af66a4fc6e6e658e6,1c129fc5696a55fd254dd706a00039b6759b43f7c0f16d364597ec88eb954a78,2019-11-05T00:00:00Z,2019-11-05T00:15:00Z,2019-11-05T00:19:00Z,development,non_positive_momentum,0,1403.727743674016,0,70.1863871837008,within_band,,
intent_571f893e57cc8ffd2b2b40ce,b9db5155a3c318d353a1a3eca45b59e16ab02d286bb90d2bf9a76ed5c749cc30,2019-11-06T00:00:00Z,2019-11-06T00:15:00Z,2019-11-06T00:17:00Z,development,non_positive_momentum,0,1403.727743674016,0,70.1863871837008,within_band,,
intent_0b78b67fe71d26fd3d22bca0,9bc6e9a5eae33083b184e5be624075906c5f3cbef383b568bb8e4afa1d8b3d2d,2019-11-07T00:00:00Z,2019-11-07T00:15:00Z,2019-11-07T00:15:00Z,development,non_positive_momentum,0,1403.727743674016,0,70.1863871837008,no_fill_reference_unavailable,,
intent_25b6da5f6264a963a4cca5b0,06e53a2fd9d560da57a370dda1e2033bf82df6e574f755501dd518bc643ba392,2019-11-08T00:00:00Z,2019-11-08T00:15:00Z,2019-11-08T00:15:00Z,development,non_positive_momentum,0,1403.727743674016,0,70.1863871837008,no_fill_reference_unavailable,,
intent_006d4a92c66b6109b12c76f4,402e22092b3b954c72bc5dd67dda42a94673b6ead1122b57530d0f8b52a442d1,2019-11-09T00:00:00Z,2019-11-09T00:15:00Z,2019-11-09T00:16:00Z,development,non_positive_momentum,0,1403.727743674016,0,70.1863871837008,within_band,,
intent_d33b3daec6e4b27eaef39c42,3078a7833b0f9f557e1ff1ff5e3c811f1d14c5fefe3a43f2108ef3b4d7cf8739,2019-11-10T00:00:00Z,2019-11-10T00:15:00Z,2019-11-10T00:20:00Z,development,non_positive_momentum,0,1403.727743674016,0,70.1863871837008,within_band,,
intent_4982f08d42d406c6b14fcfc3,7cca9710a83423ec441b5cd1243d06dc9b72557f9b1cc38ceb914567eb0e57f0,2019-11-11T00:00:00Z,2019-11-11T00:15:00Z,2019-11-11T00:17:00Z,development,non_positive_momentum,0,1403.727743674016,0,70.1863871837008,within_band,,
intent_d47535ae258992418bfc6b3f,4dd802daf18bdb686e55fd093f9b539de38eee2a783073c96b6252395c3ab9b9,2019-11-12T00:00:00Z,2019-11-12T00:15:00Z,2019-11-12T00:16:00Z,development,non_positive_momentum,0,1403.727743674016,0,70.1863871837008,within_band,,
intent_6e5481705e3a24d392208335,60c71ad12f26324c715065dd2a4ca0c80fbfccb0e3a225c42335c75c57b0473b,2019-11-13T00:00:00Z,2019-11-13T00:15:00Z,2019-11-13T00:19:00Z,development,non_positive_momentum,0,1403.727743674016,0,70.1863871837008,within_band,,
intent_f495e3534565fb6d6359c943,be37e74c1e57ce49745fd56d087615023629757e9f8ed8e8b46394f4830fe646,2019-11-14T00:00:00Z,2019-11-14T00:15:00Z,2019-11-14T00:19:00Z,development,non_positive_momentum,0,1403.727743674016,0,70.1863871837008,within_band,,
intent_0c7bbd42d85247d91833b382,ababc21dff1e2e0dac0b901169efde5274aebecdc0f27e8c913262639255e6de,2019-11-15T00:00:00Z,2019-11-15T00:15:00Z,2019-11-15T00:16:00Z,development,non_positive_momentum,0,1403.727743674016,0,70.1863871837008,within_band,,
intent_742f86ab12f7098280262bba,e65660f13044b4a87329f82cfe73f22fc270b8717a14c6e9e543106bd763856a,2019-11-16T00:00:00Z,2019-11-16T00:15:00Z,2019-11-16T00:17:00Z,development,non_positive_momentum,0,1403.727743674016,0,70.1863871837008,within_band,,
intent_fc008969d9633ad42a721c34,504ccd078b6c374f0f44310cc2b1561746abd9f7cde78477349ba6fd027a6b06,2019-11-17T00:00:00Z,2019-11-17T00:15:00Z,2019-11-17T00:18:00Z,development,non_positive_momentum,0,1403.727743674016,0,70.1863871837008,within_band,,
intent_9e09efd9e1147012ad79f110,22f08ccc58ce5f68a556a17aec41de667333508dd7e77c33653224838b81bac3,2019-11-18T00:00:00Z,2019-11-18T00:15:00Z,2019-11-18T00:17:00Z,development,non_positive_momentum,0,1403.727743674016,0,70.1863871837008,within_band,,
intent_775ba27140ca3ab9dd7ea1d5,634351a304e565da30e902c1929d77061613a6dcadb6d3c2175a5dffe7ed4788,2019-11-19T00:00:00Z,2019-11-19T00:15:00Z,2019-11-19T00:18:00Z,development,non_positive_momentum,0,1403.727743674016,0,70.1863871837008,within_band,,
intent_3a68589acae0309a81cad381,f1f19989ab110d25e765460c8a440a5d44d0565ed5be65c696353dd923bc1492,2019-11-20T00:00:00Z,2019-11-20T00:15:00Z,2019-11-20T00:17:00Z,development,non_positive_momentum,0,1403.727743674016,0,70.1863871837008,within_band,,
intent_ba9cf7f8513025ca0b818111,967e32d25a272b101b5bfd272a86ed00ba179af7d80d71a1e5813daac405d9f8,2019-11-21T00:00:00Z,2019-11-21T00:15:00Z,2019-11-21T00:17:00Z,development,non_positive_momentum,0,1403.727743674016,0,70.1863871837008,within_band,,
intent_7f3a2b637e74249013224466,7ce0f54b6fc336775ca51f09cec30680894dc34e9da2300fcb0881ee0822f01a,2019-11-22T00:00:00Z,2019-11-22T00:15:00Z,2019-11-22T00:15:00Z,development,non_positive_momentum,0,1403.727743674016,0,70.1863871837008,no_fill_reference_unavailable,,
intent_6cf5cd9580dd26b1c7223142,59548a918fac8673c8abcbac99e291419c5d9c99e1a53fd467dda0980785da8b,2019-11-23T00:00:00Z,2019-11-23T00:15:00Z,2019-11-23T00:16:00Z,development,non_positive_momentum,0,1403.727743674016,0,70.1863871837008,within_band,,
intent_845166c0913e93a9b05a149c,de32e86e31d9b3b2538b681209843ef404787e39cd9dfd74ef01facf7064b325,2019-11-24T00:00:00Z,2019-11-24T00:15:00Z,2019-11-24T00:17:00Z,development,non_positive_momentum,0,1403.727743674016,0,70.1863871837008,within_band,,
intent_1a056c7b2d5c82b034d64cab,e9084c4ab90f65fc54b87509a3ddfb568188d43385e2c2e35d61361ea8b7c769,2019-11-25T00:00:00Z,2019-11-25T00:15:00Z,2019-11-25T00:20:00Z,development,non_positive_momentum,0,1403.727743674016,0,70.1863871837008,within_band,,
intent_db3d8c3cb026c172ad09819f,90aa0e717c3311d6b79f0d6c399e3ceba9eed4747188b9aa40f69ff9e40e6675,2019-11-26T00:00:00Z,2019-11-26T00:15:00Z,2019-11-26T00:17:00Z,development,non_positive_momentum,0,1403.727743674016,0,70.1863871837008,within_band,,
intent_42ef621659e37d9a0fe865d4,77e7df785f69d305fa503e64fe0b94939aac37d1015e934fd9eba48c6a62d6a1,2019-11-27T00:00:00Z,2019-11-27T00:15:00Z,2019-11-27T00:19:00Z,development,non_positive_momentum,0,1403.727743674016,0,70.1863871837008,within_band,,
intent_88a2f1a17cadc1fe3955a49f,9077a4025e14266a9f4965e231f6276faec17e804801916fdf79f6efe4b37b76,2019-11-28T00:00:00Z,2019-11-28T00:15:00Z,2019-11-28T00:15:00Z,development,non_positive_momentum,0,1403.727743674016,0,70.1863871837008,no_fill_reference_unavailable,,
intent_e34e3e28d105f166d64da2b6,e8a18889bcffef02aeec3c4dd3b812dfbc5832b24924e043bb80e1d5ef253beb,2019-11-29T00:00:00Z,2019-11-29T00:15:00Z,2019-11-29T00:20:00Z,development,non_positive_momentum,0,1403.727743674016,0,70.1863871837008,within_band,,
intent_6cf8d988c70d1ffd7a2d584c,a1826a81d82a2812659d357c518d88fb9ce5dc0b11382cd6f9df2663a6ca90a4,2019-11-30T00:00:00Z,2019-11-30T00:15:00Z,2019-11-30T00:15:00Z,development,non_positive_momentum,0,1403.727743674016,0,70.1863871837008,no_fill_reference_unavailable,,
intent_e1cedb2a8b4caf897c24b5aa,ee1e6e4547504353ffba1189c08b116bc1643a52eb86a798ddf563167ca768da,2019-12-01T00:00:00Z,2019-12-01T00:15:00Z,2019-12-01T00:15:00Z,development,non_positive_momentum,0,1403.727743674016,0,70.1863871837008,no_fill_reference_unavailable,,
intent_183f8e9a7e69b1f5488ec35e,4a3a7fcfe760c28e38b955e204f4a146fd2ac627069bf5d73c6b77757c5926e1,2019-12-02T00:00:00Z,2019-12-02T00:15:00Z,2019-12-02T00:17:00Z,development,non_positive_momentum,0,1403.727743674016,0,70.1863871837008,within_band,,
intent_f0b952b77995148e0e12dc30,db5c4a5990dfe0fbe0f684c76f6e77ba21a16f7b6e6bc355f622c90608c1f10e,2019-12-03T00:00:00Z,2019-12-03T00:15:00Z,2019-12-03T00:15:00Z,development,non_positive_momentum,0,1403.727743674016,0,70.1863871837008,no_fill_reference_unavailable,,
intent_54713db25fcf4ba3ac408353,0b582f74f1356f7db51b501dca791f2841ced5c6761459a78ae95ea4fa913279,2019-12-04T00:00:00Z,2019-12-04T00:15:00Z,2019-12-04T00:15:00Z,development,non_positive_momentum,0,1403.727743674016,0,70.1863871837008,no_fill_reference_unavailable,,
intent_61eb8372aa439ab1f6f8b525,827853784b0bffc6d01d091065cf4804bafde647a48a9b25fd40304fbfeb7ef2,2019-12-05T00:00:00Z,2019-12-05T00:15:00Z,2019-12-05T00:17:00Z,development,non_positive_momentum,0,1403.727743674016,0,70.1863871837008,within_band,,
intent_a2f4f8a0042d432faf807860,80855f305a3a59d370bd357ec7346d5cbbd57a5bca1b7388f28be6a8a598b162,2019-12-06T00:00:00Z,2019-12-06T00:15:00Z,2019-12-06T00:20:00Z,development,non_positive_momentum,0,1403.727743674016,0,70.1863871837008,within_band,,
intent_4860707cbd87cd2ed17ed6e3,f022f0da0cf86585c11dd2a53531cb80ff6afc4e1a953f0514cdf02e990afb6c,2019-12-07T00:00:00Z,2019-12-07T00:15:00Z,2019-12-07T00:17:00Z,development,non_positive_momentum,0,1403.727743674016,0,70.1863871837008,within_band,,
intent_3020a72f1486d64e9c4de42c,f34b1f3d48fd41a2013e0f31f8c26158f48647a6ab58eb608c0eb69bb9765bcf,2019-12-08T00:00:00Z,2019-12-08T00:15:00Z,2019-12-08T00:15:00Z,development,non_positive_momentum,0,1403.727743674016,0,70.1863871837008,no_fill_reference_unavailable,,
intent_b182a5662b3e913f03cd308e,5ccc405debd6af2420db0511c40348c8ede743ca0b29f1624918e01e5627d3da,2019-12-09T00:00:00Z,2019-12-09T00:15:00Z,2019-12-09T00:19:00Z,development,non_positive_momentum,0,1403.727743674016,0,70.1863871837008,within_band,,
intent_589c330a694268c06a3a1914,e1a86a1b1821d065d161d3330c9e810d236faf371dd140d07c62dd7842e9c022,2019-12-10T00:00:00Z,2019-12-10T00:15:00Z,2019-12-10T00:20:00Z,development,non_positive_momentum,0,1403.727743674016,0,70.1863871837008,within_band,,
intent_37997559b56d3484ddfed18e,9096a5a9de1ff07684ded8871e672ff706623618421303c75726853eddbc3c1d,2019-12-11T00:00:00Z,2019-12-11T00:15:00Z,2019-12-11T00:17:00Z,development,non_positive_momentum,0,1403.727743674016,0,70.1863871837008,within_band,,
intent_65e67b14dcf3f679619293ac,70359f3e9a8ba0bd8e75ee8b63f82f5e423e5602a4d08092ddd9eb9f348458c4,2019-12-12T00:00:00Z,2019-12-12T00:15:00Z,2019-12-12T00:20:00Z,development,non_positive_momentum,0,1403.727743674016,0,70.1863871837008,within_band,,
intent_e1637ae49dca517748afd1ba,c82be1d7f8cd5c6a86cd2c410aa113a4d02fe07ff216a246b178504dba76bf4f,2019-12-13T00:00:00Z,2019-12-13T00:15:00Z,2019-12-13T00:15:00Z,development,non_positive_momentum,0,1403.727743674016,0,70.1863871837008,no_fill_reference_unavailable,,
intent_3d5560bc76cf5f844358d030,a42b3282794c09017541916cf093446bffd3d76b8764139eecdbe189b40ae845,2019-12-14T00:00:00Z,2019-12-14T00:15:00Z,2019-12-14T00:17:00Z,development,non_positive_momentum,0,1403.727743674016,0,70.1863871837008,within_band,,
intent_93fd67db2b0c48cee71b6c79,8a7bbd5807572f04977c7b855ac2cb355ac834850a41e441c4561bf87f0b2a53,2019-12-15T00:00:00Z,2019-12-15T00:15:00Z,2019-12-15T00:17:00Z,development,non_positive_momentum,0,1403.727743674016,0,70.1863871837008,within_band,,
intent_75401d218d22a5dc49f45c6e,a47daa3fc993ed8d0988e25bda96624986bcef229f95d8d8db6c871e4117cfa6,2019-12-16T00:00:00Z,2019-12-16T00:15:00Z,2019-12-16T00:15:00Z,development,non_positive_momentum,0,1403.727743674016,0,70.1863871837008,no_fill_reference_unavailable,,
intent_70e1005f8f584feee142f46e,4c53010d842c3fe3cc562e85a4ff9b4f825fd7a4da203ea9becd41cd55dc722f,2019-12-17T00:00:00Z,2019-12-17T00:15:00Z,2019-12-17T00:17:00Z,development,non_positive_momentum,0,1403.727743674016,0,70.1863871837008,within_band,,
intent_6ccfbf5edc0c894f5e156a03,211c54776d9d0284c246adc70a7bb7ab4e592fadc7d13e6707cb56f8fa80c7cc,2019-12-18T00:00:00Z,2019-12-18T00:15:00Z,2019-12-18T00:16:00Z,development,non_positive_momentum,0,1403.727743674016,0,70.1863871837008,within_band,,
intent_9532150054dd3bb0d5c53b79,86fcc8c1c0eaec7b86121326a4e2fa672996ecb5816f9e3948e89c8163a98b30,2019-12-19T00:00:00Z,2019-12-19T00:15:00Z,2019-12-19T00:18:00Z,development,non_positive_momentum,0,1403.727743674016,0,70.1863871837008,within_band,,
intent_35b485a0592752c9bcf08de2,57aa285f94b77e6a88d2daac136de40fed265a09f9cbc64519c5f3b53373e288,2019-12-20T00:00:00Z,2019-12-20T00:15:00Z,2019-12-20T00:18:00Z,development,non_positive_momentum,0,1403.727743674016,0,70.1863871837008,within_band,,
intent_a9ff26980a3e285378eb4e2e,d077e1fdc9743abdaab907cd50ce577e7f1513e091a40114bf452105c5b80930,2019-12-21T00:00:00Z,2019-12-21T00:15:00Z,2019-12-21T00:15:00Z,development,non_positive_momentum,0,1403.727743674016,0,70.1863871837008,no_fill_reference_unavailable,,
intent_8f0599f7254b8fb44816145b,dd3ff1062e05a046722a3b0ef48e4a11cd0e27c99d014a8f36a3ca565ca25829,2019-12-22T00:00:00Z,2019-12-22T00:15:00Z,2019-12-22T00:16:00Z,development,non_positive_momentum,0,1403.727743674016,0,70.1863871837008,within_band,,
intent_6527a8f9e5002904ec8f2043,839143fecfe84271ff7c1e598841205b322a5658f6871dc467f894ca8451efee,2019-12-23T00:00:00Z,2019-12-23T00:15:00Z,2019-12-23T00:19:00Z,development,non_positive_momentum,0,1403.727743674016,0,70.1863871837008,within_band,,
intent_d4f912ca56f7c3041fc4fca9,75d1bb50817fdb46bd3683b899368b05cfd60d4ab2ab3603a10dff53322a408d,2019-12-24T00:00:00Z,2019-12-24T00:15:00Z,2019-12-24T00:19:00Z,development,non_positive_momentum,0,1403.727743674016,0,70.1863871837008,within_band,,
intent_a1c535b611f8b0d07f10ec6f,945913b02107a0462eab1870184bb5c738139e2d62018a37247ec8b84bed9736,2019-12-25T00:00:00Z,2019-12-25T00:15:00Z,2019-12-25T00:15:00Z,development,non_positive_momentum,0,1403.727743674016,0,70.1863871837008,no_fill_reference_unavailable,,
intent_a0545e33739de2eff2f7e6b3,64e2e7799f6c2c209e1aabbc6f509f09c673da2776f000e0cf95a1c68e02fb80,2019-12-26T00:00:00Z,2019-12-26T00:15:00Z,2019-12-26T00:15:00Z,development,non_positive_momentum,0,1403.727743674016,0,70.1863871837008,no_fill_reference_unavailable,,
intent_19820927ccd1198b185100f0,2070c4701feefc13ae0841fefd429debe32dde4a2108033c6594a7cef667cb8b,2019-12-27T00:00:00Z,2019-12-27T00:15:00Z,2019-12-27T00:15:00Z,development,non_positive_momentum,0,1403.727743674016,0,70.1863871837008,no_fill_reference_unavailable,,
intent_a14e5f20e965820777487fc1,92b928f355f9409a2790b6ee3ad4fcd53c17c068dab9f4459069858cb90d65dc,2019-12-28T00:00:00Z,2019-12-28T00:15:00Z,2019-12-28T00:15:00Z,development,non_positive_momentum,0,1403.727743674016,0,70.1863871837008,no_fill_reference_unavailable,,
intent_a1a63f3868030dce28e08dbc,f0c87b458481928c52e1d0a3002ab0a621a7bf3b85287e08e320423faf34c017,2019-12-29T00:00:00Z,2019-12-29T00:15:00Z,2019-12-29T00:15:00Z,development,non_positive_momentum,0,1403.727743674016,0,70.1863871837008,no_fill_reference_unavailable,,
intent_c33ef9f70a3601a4f99b28c8,d204c1fa07245df23164a40a3e4e81ce55f79901e211eec317d922771e9ab89f,2019-12-30T00:00:00Z,2019-12-30T00:15:00Z,2019-12-30T00:15:00Z,development,non_positive_momentum,0,1403.727743674016,0,70.1863871837008,no_fill_reference_unavailable,,
intent_674c105e59b6977722d8aff5,15948f8558c7384c561b5a743e5ea6e6c6741fdfd90762875b94d113d78aa960,2019-12-31T00:00:00Z,2019-12-31T00:15:00Z,2019-12-31T00:18:00Z,development,non_positive_momentum,0,1403.727743674016,0,70.1863871837008,within_band,,
intent_25d3545b50e10628af7b46c5,d6bfb4c9260b30dd9db154e71424e63e94beb4d67f04ce50a10f010f35a17dd0,2020-01-01T00:00:00Z,2020-01-01T00:15:00Z,2020-01-01T00:17:00Z,development,non_positive_momentum,0,1403.727743674016,0,70.1863871837008,within_band,,
intent_adacaf7077d6ebf3dceeb28b,7ba7ea94f0e5f5807a0c90e56e670593c46bc287603dd72772da32a432cae26b,2020-01-02T00:00:00Z,2020-01-02T00:15:00Z,2020-01-02T00:15:00Z,development,non_positive_momentum,0,1403.727743674016,0,70.1863871837008,no_fill_reference_unavailable,,
intent_8759ace32358866700c8a66b,e8b605c4e52dbd17a564210df6937bdf3297bd4034ed9bdbb5e68515747a6efa,2020-01-03T00:00:00Z,2020-01-03T00:15:00Z,2020-01-03T00:16:00Z,development,non_positive_momentum,0,1403.727743674016,0,70.1863871837008,within_band,,
intent_d0f166ab9a703c00531bcc0c,98ba1fa72f425794ab07cc81111f1ccd3e2624ec347c89db15950a825922724a,2020-01-04T00:00:00Z,2020-01-04T00:15:00Z,2020-01-04T00:15:00Z,development,non_positive_momentum,0,1403.727743674016,0,70.1863871837008,no_fill_reference_unavailable,,
intent_2704d888fd93668d10822d89,d72c74ee73b584ac84d450bfe96366634c28753c918c9ec7d2086e301c70889b,2020-01-05T00:00:00Z,2020-01-05T00:15:00Z,2020-01-05T00:15:00Z,development,non_positive_momentum,0,1403.727743674016,0,70.1863871837008,no_fill_reference_unavailable,,
intent_6d75b6c64140f76a7dbf41e3,e86235f7290cd602bf59ea5adfa41dd520bf3e6e8f5345e82d9c6631e1c2b226,2020-01-06T00:00:00Z,2020-01-06T00:15:00Z,2020-01-06T00:17:00Z,development,non_positive_momentum,0,1403.727743674016,0,70.1863871837008,within_band,,
intent_bf6ff6d5472acd516adc8819,1dbf9e29b3738d20c7659864275bcef34fe10e43345e32765bc2920451f2fa29,2020-01-07T00:00:00Z,2020-01-07T00:15:00Z,2020-01-07T00:16:00Z,development,non_positive_momentum,0,1403.727743674016,0,70.1863871837008,within_band,,
intent_20a7600a98d20aa5d1db6369,7d5a4c8cca371f53f6995176a1c45a6459ec823ccbce53b4f992c65300ac01d8,2020-01-08T00:00:00Z,2020-01-08T00:15:00Z,2020-01-08T00:16:00Z,development,non_positive_momentum,0,1403.727743674016,0,70.1863871837008,within_band,,
intent_3b70459fce5cd368f3c16a1f,a5312d70483b45b419ffeca41180fdb233acbf25af24693e8ac478a021035139,2020-01-09T00:00:00Z,2020-01-09T00:15:00Z,2020-01-09T00:16:00Z,development,non_positive_momentum,0,1403.727743674016,0,70.1863871837008,within_band,,
intent_33ab1ffb6259c625b817e889,40e39c414029c85c849168f6a3d77da2bdb4cb1dfa9ac475f9f6f5fa88fbb1b0,2020-01-10T00:00:00Z,2020-01-10T00:15:00Z,2020-01-10T00:20:00Z,development,non_positive_momentum,0,1403.727743674016,0,70.1863871837008,within_band,,
intent_1be4f32ce04483c02a5d1933,48036c897819c9d0df9c8d86a7fb70ea3e11e3979efcc0f74791b60063513a97,2020-01-11T00:00:00Z,2020-01-11T00:15:00Z,2020-01-11T00:18:00Z,development,non_positive_momentum,0,1403.727743674016,0,70.1863871837008,within_band,,
intent_b2cafc025bcbe91318a37dd8,36faa71a1a0a58b713c2ebb64283cdb804a87ea908f6826cb075b13a2e4559da,2020-01-12T00:00:00Z,2020-01-12T00:15:00Z,2020-01-12T00:16:00Z,development,non_positive_momentum,0,1403.727743674016,0,70.1863871837008,within_band,,
intent_6d5bc8dddc53e3371da8290e,c48958fe4ec69d7851ab29048d1a0d5a394e341329fd39f95075d2dbd95a6b42,2020-01-13T00:00:00Z,2020-01-13T00:15:00Z,2020-01-13T00:16:00Z,development,non_positive_momentum,0,1403.727743674016,0,70.1863871837008,within_band,,
intent_3b4b980f5759df03ae55e61d,2816ed2fc597a5646c0e78c4b1372f76086550645007ba04fd954add6d8a75db,2020-01-14T00:00:00Z,2020-01-14T00:15:00Z,2020-01-14T00:16:00Z,development,non_positive_momentum,0,1403.727743674016,0,70.1863871837008,within_band,,
intent_3dd58034fcd94138ef3f583e,83fee8b2157a30cf9d3600f8c2c22e4c7e812672a038882a07504cf9ad781476,2020-01-15T00:00:00Z,2020-01-15T00:15:00Z,2020-01-15T00:19:00Z,development,below_trend,0,1403.727743674016,0,70.1863871837008,within_band,,
intent_9836870e7c936b8904e8aac2,1815bf3f21297f53bcf75a49afd92a8e17566fbba593c788447b9ab900b5b833,2020-01-16T00:00:00Z,2020-01-16T00:15:00Z,2020-01-16T00:17:00Z,development,below_trend,0,1403.727743674016,0,70.1863871837008,within_band,,
intent_39db0adfadd5e4cddd2ba9f3,f5259239f3d82f637c897d75490555fd34181c1907fe3792244f79d42c0064a0,2020-01-17T00:00:00Z,2020-01-17T00:15:00Z,2020-01-17T00:15:00Z,development,below_trend,0,1403.727743674016,0,70.1863871837008,no_fill_reference_unavailable,,
intent_5d2d5c185c67c1f3873d448c,2c02f84d98a9f9a0de78878b358d3bdd89365c685783f379759111deba258705,2020-01-18T00:00:00Z,2020-01-18T00:15:00Z,2020-01-18T00:17:00Z,development,below_trend,0,1403.727743674016,0,70.1863871837008,within_band,,
intent_24d2cf61cb9721ebc3ff25a4,a19d9cb52c329e50862fef2124d507f843bd57b9f8ff25c50af509ad07f14c55,2020-01-19T00:00:00Z,2020-01-19T00:15:00Z,2020-01-19T00:20:00Z,development,below_trend,0,1403.727743674016,0,70.1863871837008,within_band,,
intent_18632002a5187ed8dd9e4916,c498b9cf695735fd3355b73dec7005b8493b1f346e0b85ccdbbf3efcbf4cedbf,2020-01-20T00:00:00Z,2020-01-20T00:15:00Z,2020-01-20T00:15:00Z,development,below_trend,0,1403.727743674016,0,70.1863871837008,no_fill_reference_unavailable,,
intent_a23c8524c104f29a3811e15e,00d280961d288170ce6b124b58346e74ca856cb58eaa984659b9fc4c1bf57140,2020-01-21T00:00:00Z,2020-01-21T00:15:00Z,2020-01-21T00:20:00Z,development,below_trend,0,1403.727743674016,0,70.1863871837008,within_band,,
intent_809fd08993f050b153fd3697,a14f720757c28e5e6e5c7a788c31d6f7c8268fb78c6d7cf5f26246311007db2b,2020-01-22T00:00:00Z,2020-01-22T00:15:00Z,2020-01-22T00:15:00Z,development,below_trend,0,1403.727743674016,0,70.1863871837008,no_fill_reference_unavailable,,
intent_a4387050c2da75d25bc9287d,4b3f2a37e149d55bbe28c401c36f0e4df5fbacaf9bfae31c108eb484fc728f5b,2020-01-23T00:00:00Z,2020-01-23T00:15:00Z,2020-01-23T00:15:00Z,development,below_trend,0,1403.727743674016,0,70.1863871837008,no_fill_reference_unavailable,,
intent_f6b930bf6e206e3f949eda2f,07e583b4210def899d145a0e68ed7359286a4d634059511a0f9979048b9ec34d,2020-01-24T00:00:00Z,2020-01-24T00:15:00Z,2020-01-24T00:15:00Z,development,non_positive_momentum,0,1403.727743674016,0,70.1863871837008,no_fill_reference_unavailable,,
intent_8d1decedcf433adca1838177,9b5eb9bd75a4d798d9a4073e64d3de4a6c686b0d289ff6eee4a0ce5f2ee0f6d6,2020-01-25T00:00:00Z,2020-01-25T00:15:00Z,2020-01-25T00:15:00Z,development,non_positive_momentum,0,1403.727743674016,0,70.1863871837008,no_fill_reference_unavailable,,
intent_72e196fd91b034c7a79d6934,d6cfc0601b58e219ceeacb4aae490932c9dfcf20676d996d0e578e827b40459f,2020-01-26T00:00:00Z,2020-01-26T00:15:00Z,2020-01-26T00:15:00Z,development,non_positive_momentum,0,1403.727743674016,0,70.1863871837008,no_fill_reference_unavailable,,
intent_7b050c9e7e38f536bc07cfbf,3772b70a8cee2be490b231ddceed0d3b4c99f25ff5d1035660ab64705d73197a,2020-01-27T00:00:00Z,2020-01-27T00:15:00Z,2020-01-27T00:15:00Z,development,non_positive_momentum,0,1403.727743674016,0,70.1863871837008,no_fill_reference_unavailable,,
intent_547b46b8784069a544d34307,852a770c314b4cdbae5b697b92e4f7f5988138bb737134183e36ab1a5b275888,2020-01-28T00:00:00Z,2020-01-28T00:15:00Z,2020-01-28T00:16:00Z,development,non_positive_momentum,0,1403.727743674016,0,70.1863871837008,within_band,,
intent_b94276cb291d86ff00532bfc,34730127fa18191456e69523500ff1e5acb5c790fb7e7e2a3e9d5ecbf1b88535,2020-01-29T00:00:00Z,2020-01-29T00:15:00Z,2020-01-29T00:20:00Z,development,non_positive_momentum,0,1403.727743674016,0,70.1863871837008,within_band,,
intent_2a12c9f1993fede7b960bae1,20d1f6cb69f53a12596d2fb62a0c29d72c09f117155ad0e8ef3cd79c6af4ae82,2020-01-30T00:00:00Z,2020-01-30T00:15:00Z,2020-01-30T00:20:00Z,development,long_signal,0.4514785116798727743393393536,1403.727743674016,633.7529125176906885789302748,70.1863871837008,buy,trade_fd941df8cf4143819e3f0218,
intent_ae7c91cd8a218ab69204d44e,bd28825ffb958d83d9d7fd658bf6e72b3f059d1866caffad64c23f35d15e9228,2020-01-31T00:00:00Z,2020-01-31T00:15:00Z,2020-01-31T00:16:00Z,development,long_signal,0.4551700869153640359482830726,1403.776578221216,630.8822596563032079548189672,70.1888289110608,buy,trade_45b4dbf37e145dc36dac12bf,
intent_6176003128a4aaacb2648739,63941ff5620bb462676c56f38aa51385e404640dec469143c78cdcaef59b56e4,2020-02-01T00:00:00Z,2020-02-01T00:15:00Z,2020-02-01T00:17:00Z,development,long_signal,0.4558741759254500163993050358,1402.92168822896,598.7348181786622504864317386,70.146084411448,buy,trade_05a27febe12eac8a731df068,
intent_9b77eec7ee430ecf571f2f6e,bd7fce934d3d0e983fb7079fae01baa01e827c5e6cd77f66019866a801c0ac0b,2020-02-02T00:00:00Z,2020-02-02T00:15:00Z,2020-02-02T00:19:00Z,development,long_signal,0.4707924086322101387002915003,1402.350926528928,592.8421321695415685459598662,70.1175463264464,buy,trade_5282c7ca5f001edbd5b0d90c,
intent_9bae138cb261ae6d7cdf471e,6b3b3161473568ccc2704102f80118cac5609ecc58504490b38e203a24c8289a,2020-02-03T00:00:00Z,2020-02-03T00:15:00Z,2020-02-03T00:20:00Z,development,non_positive_momentum,0,1401.538109913392,-86.2556769024,70.0769054956696,sell,trade_4abb3f57b787c0089d1dbcfa,
intent_bd70522a49188d460b4827e7,7f1ce5f0ac9b2e25cf757db93605c3c9f0ca088b54710190d9c8e05acaa04186,2020-02-04T00:00:00Z,2020-02-04T00:15:00Z,2020-02-04T00:15:00Z,development,long_signal,0.05129005374344717975654163197,1401.482236902192,0,70.0741118451096,no_fill_reference_unavailable,,
intent_2e233d523f98e92d680aac9f,072d6109b37562911b6fbe7f0081108e690dfaf8c79e26670071270dc10d08da,2020-02-05T00:00:00Z,2020-02-05T00:15:00Z,2020-02-05T00:18:00Z,development,non_positive_momentum,0,1400.816465863472,-71.21632821248,70.0408232931736,sell,trade_5229e7df2ac08461eda7c778,
intent_7f18e7edc147799d8ff8bea0,62b7e1f64ab2f3a1a3dadafd6c0d538eba555af7162308f934685464f9ccd3ee,2020-02-06T00:00:00Z,2020-02-06T00:15:00Z,2020-02-06T00:15:00Z,development,long_signal,0.004592042201209544421108507482,1401.078548255792,0,70.0539274127896,no_fill_reference_unavailable,,
intent_29d2b7b58f1f634fa1b4ec0f,9985646900bedadd23b59e463da9fcdeccbef176c97370002ae64f03ff366267,2020-02-07T00:00:00Z,2020-02-07T00:15:00Z,2020-02-07T00:17:00Z,development,long_signal,0.5284951920510674967757034116,1401.214023751472,733.9655872707032475626227,70.0607011875736,buy,trade_85de3ec28f72c2cac8cec2be,
intent_54e74503e343d7d7007b0da3,479f31bcc5e98d83f3574e2eabfa7faa283fb3fcd6398fc1f393dc0541f90e4d,2020-02-08T00:00:00Z,2020-02-08T00:15:00Z,2020-02-08T00:18:00Z,development,long_signal,0.5363938431910071492503430087,1400.546886660272,680.2519848796232017177178077,70.0273443330136,buy,trade_184f3366f53e6f2f39992d7d,
intent_347e78cc3654ab44fbac919a,acef58b864676752891f053b169420647da042324f61a2c3c55e39ce4650709e,2020-02-09T00:00:00Z,2020-02-09T00:15:00Z,2020-02-09T00:17:00Z,development,long_signal,0.553208804854293368916898706,1399.773590301744,584.8925974334630935339556117,69.9886795150872,buy,trade_1812507f1470ae7930399a95,
intent_9fa671b7a7af10c7f2eac009,c156abdb1d4674c86b58143a039c2f7ecb34433720acbdcdd8f6e33c6f14d847,2020-02-10T00:00:00Z,2020-02-10T00:15:00Z,2020-02-10T00:15:00Z,development,long_signal,0.1856028483739523502372799699,1405.24144176552,0,70.262072088276,no_fill_reference_unavailable,,
intent_be715f34a05158a214873733,512dd939b448f8fc904ad03f781ac01afadac75c02b49e5bf1f07b7f3dfede05,2020-02-11T00:00:00Z,2020-02-11T00:15:00Z,2020-02-11T00:15:00Z,development,long_signal,0.1818639449011953912729492877,1398.8194511028,0,69.94097255514,no_fill_reference_unavailable,,
intent_1e9dbdae956e62b2a63a4574,cc9e4e32584168237065995d9b361a717f258e4e7a583ccf3bbfdcdf671e8648,2020-02-12T00:00:00Z,2020-02-12T00:15:00Z,2020-02-12T00:18:00Z,development,long_signal,0.5486504376916839095851538704,1408.5700666564,508.6671444547582394763195381,70.42850333282,buy,trade_c2f8f133d18b54885d061a07,
intent_bff436c785e60ecf770e0937,6ae299e03d9d2b6d21b804e58b63077bfdb61e9b34701e60e4cf35c19007e1f9,2020-02-13T00:00:00Z,2020-02-13T00:15:00Z,2020-02-13T00:15:00Z,development,long_signal,0.5524672603695533184516318502,1399.930095786576,0,69.9965047893288,no_fill_reference_unavailable,,
intent_45195424ab2ffe0cf5646a13,376e287d5f95b8bef0fc6b046090f66225f3dcab47f05dfc79fbb9c46d4e69f4,2020-02-14T00:00:00Z,2020-02-14T00:15:00Z,2020-02-14T00:16:00Z,development,long_signal,0.5689794187692608710494422965,1393.382716779184,25.9379225954497492497054399,69.6691358389592,within_band,,
intent_c93e638a2e3796cdc998e9bd,bb4b40463a37548a8e3852ef65f775500a0e6118b207a8b62529e4cab96805fd,2020-02-15T00:00:00Z,2020-02-15T00:15:00Z,2020-02-15T00:15:00Z,development,long_signal,0.5538179456883008786367899748,1404.167973597616,0,70.2083986798808,no_fill_reference_unavailable,,
intent_123c048c2949b881140ef500,3fe15379c11159a053c4e35e5c001e4b53bfc0d7c9d15e2cf4e5327a09ac8995,2020-02-16T00:00:00Z,2020-02-16T00:15:00Z,2020-02-16T00:16:00Z,development,long_signal,0.5775156126644192973195506181,1372.784924089552,46.5343534609839607202767759,68.6392462044776,within_band,,
intent_38bebcfdec216005b285e2ea,4a2bc4e09dbdeb189c5886799987ecb768e3af3f4113af1d74890f0daf5463e4,2020-02-17T00:00:00Z,2020-02-17T00:15:00Z,2020-02-17T00:16:00Z,development,long_signal,0.5770627531268774519597920971,1373.86003671544,45.4579695410447448141614453,68.693001835772,within_band,,
intent_5a58166449bf53ddc2c5c3e7,d6ecc0731cc0d2d15d962ea29f2f078ba3ccbdb11b06200d59fcc8adbdcdd4c4,2020-02-18T00:00:00Z,2020-02-18T00:15:00Z,2020-02-18T00:16:00Z,development,long_signal,0.5859854740611549157454648257,1352.943692136656,66.3762097365715964359192997,67.6471846068328,within_band,,
intent_04493ae602ad6d1a0adf2a2d,08b486eaf739e91c19c30e03be496a72e2e816b1beef228b25ef80af79aa43c0,2020-02-19T00:00:00Z,2020-02-19T00:15:00Z,2020-02-19T00:15:00Z,development,long_signal,0.5495883766755920723075921375,1390.98220075736,0,69.549110037868,no_fill_reference_unavailable,,
intent_0c43e29b2b6a9939d7ae82fc,438a843767006252e2d12d66ea45fc6ab022d5ce8d7a99c22a8ad4a4713e1f6f,2020-02-20T00:00:00Z,2020-02-20T00:15:00Z,2020-02-20T00:18:00Z,development,long_signal,0.5138991546436784291551430391,1346.902583095952,-28.2159331970754274631851003,67.3451291547976,within_band,,
intent_6061ae07e9f0e6bfb7ddcfee,5ac06d8c01255e5c87b6111772f88003ed4095dc04bb6008df561209f651eb64,2020-02-21T00:00:00Z,2020-02-21T00:15:00Z,2020-02-21T00:15:00Z,development,long_signal,0.5365293117833619680358779081,1351.78894153848,0,67.589447076924,no_fill_reference_unavailable,,
intent_e2b21c78f2f6bb57150360f2,10af331efdfb3e7056f1785bec257c1e02ec06de65d7a8a945778c2af633e5cc,2020-02-22T00:00:00Z,2020-02-22T00:15:00Z,2020-02-22T00:15:00Z,development,long_signal,0.5381579355682643625947736703,1356.555843022576,0,67.8277921511288,no_fill_reference_unavailable,,
intent_5ae669515789b10ab9201089,8e673a06637ed7687c41b76e90187ebb067fb31b782d46ec44d76accaf5eca61,2020-02-23T00:00:00Z,2020-02-23T00:15:00Z,2020-02-23T00:18:00Z,development,long_signal,0.545306656575566847778334565,1355.03134469592,10.3908184937865917509885804,67.751567234796,within_band,,
intent_4bd9c2763e225c10c9b39cb5,b2f445cd8d779e15cab121329203ac1072df936f07579ddcaf15ff3592bbf076,2020-02-24T00:00:00Z,2020-02-24T00:15:00Z,2020-02-24T00:15:00Z,development,long_signal,0.545206500306875203832430859,1377.580267706608,0,68.8790133853304,no_fill_reference_unavailable,,
intent_b935c1f5cc67e99952021c95,5c35ba35804ebb096539ff7551870dd4554e91a81817a53fdb80590e0d86d5f3,2020-02-25T00:00:00Z,2020-02-25T00:15:00Z,2020-02-25T00:15:00Z,development,long_signal,0.5375043657021908238883990404,1354.638843261072,0,67.7319421630536,no_fill_reference_unavailable,,
intent_5284c21e79b465cee0f3294d,161f1762d15fe3279cba88732efc65d4788f300fb0026ea796cfda0a90b844f5,2020-02-26T00:00:00Z,2020-02-26T00:15:00Z,2020-02-26T00:15:00Z,development,long_signal,0.5292010138233772164363079951,1330.747451574672,0,66.5373725787336,no_fill_reference_unavailable,,
intent_86ea0eb2fec17039f006494d,0952799e908ec5082338bcccb71bb4c1d3cf45a96b893c836dede273ebb33c3d,2020-02-27T00:00:00Z,2020-02-27T00:15:00Z,2020-02-27T00:17:00Z,development,long_signal,0.4785844552260602687918173788,1290.991038123184,-46.6282443827939814093256681,64.5495519061592,within_band,,
intent_6e36a5680744599604f6eec8,161696ccb8403bee68e52c8115b62aa242eca55d718d1b763bd9d34fbac00517,2020-02-28T00:00:00Z,2020-02-28T00:15:00Z,2020-02-28T00:17:00Z,development,long_signal,0.498683998267564284462861587,1297.06627772344,-23.7255292718079919869004706,64.853313886172,within_band,,
intent_859dce6f0bf7ec1187dd3a68,f13827ed1207e1605aad38e4cbf124594ac0355422f2efc8e305c9ff88502c72,2020-02-29T00:00:00Z,2020-02-29T00:15:00Z,2020-02-29T00:17:00Z,development,long_signal,0.4989083905911234071621215775,1295.376815025616,-22.5879019736505562250005451,64.7688407512808,within_band,,
intent_5dcca6e0b990d8a48160f477,706124dfd5fac41d2948e1a1746e95d2545ab99a00c6ece07b175816ab06bad1,2020-03-01T00:00:00Z,2020-03-01T00:15:00Z,2020-03-01T00:15:00Z,development,below_trend,0.5095441592651957787041249125,1277.41276384808,0,63.870638192404,no_fill_reference_unavailable,,
intent_da7f4b5d565bec46edb5b064,e0ba4037d1755c7523619052b9ad217fe99aa079831991e506b852e5f7c21dc9,2020-03-02T00:00:00Z,2020-03-02T00:15:00Z,2020-03-02T00:18:00Z,development,below_trend,0,1276.496927166768,-649.982376108288,63.8248463583384,sell,trade_ef863f1319b88e7a94bcd921,
intent_bc2b7a278fc995a9b66ce120,d5a7a46daf8d8430e5ce70b06f3658d7007a7fd7a0fc624dc20646f57595cc9f,2020-03-03T00:00:00Z,2020-03-03T00:15:00Z,2020-03-03T00:15:00Z,development,long_signal,0.5110541935763176619229094095,1301.400756414128,0,65.0700378207064,no_fill_reference_unavailable,,
intent_2992f2fb88d5f52cef850ec4,242f03c5d57caab372dd5ff9570c858acd2efa3fecaec3661d1b39589f3a0f54,2020-03-04T00:00:00Z,2020-03-04T00:15:00Z,2020-03-04T00:15:00Z,development,long_signal,0.5078463744406327704852985954,1292.918327284656,0,64.6459163642328,no_fill_reference_unavailable,,
intent_b51ca54726b5635a500ace6a,11eff967c74abcd5e7809a58c87f95d1557a203d2292cf00b0d0a872063980ca,2020-03-05T00:00:00Z,2020-03-05T00:15:00Z,2020-03-05T00:15:00Z,development,long_signal,0.5079060819976102046014807768,1293.0752017996,0,64.65376008998,no_fill_reference_unavailable,,
intent_d83f2152ca502e9e9a1f677e,e286a9d9748e25f2078a74dc420a7a440c15afe456d7cd3f6e4e7d70d9e96fae,2020-03-06T00:00:00Z,2020-03-06T00:15:00Z,2020-03-06T00:19:00Z,development,long_signal,0.4680000672311204669110109119,1314.824732764336,-63.1722271081907506468495167,65.7412366382168,within_band,,
intent_11f61aa75b9bb6022811667b,4506d6d52ca03da0c2c343f2340e6ee11c7ad66a66069cc20a7ff3965e72d581,2020-03-07T00:00:00Z,2020-03-07T00:15:00Z,2020-03-07T00:15:00Z,development,long_signal,0.5189691212099839043933272804,1322.814127703984,0,66.1407063851992,no_fill_reference_unavailable,,
intent_87fc076ac7c97ed5bebbe4c7,025ecd9f602faac8463a76a5ebc6668fa5a30aa1370251f901381fa141fdf5d0,2020-03-08T00:00:00Z,2020-03-08T00:15:00Z,2020-03-08T00:17:00Z,development,long_signal,0.4832725644693086110474184343,1302.297182213808,-36.6182409388905298805589691,65.1148591106904,within_band,,
intent_a4f4392b7a4bc5aa12470359,3528d28e8be5f95d1b0939d98498467aa8608f27baf3c05d1fe0caa0cf4333af,2020-03-09T00:00:00Z,2020-03-09T00:15:00Z,2020-03-09T00:18:00Z,development,below_trend,0,1251.929257594288,-615.614815268992,62.5964628797144,sell,trade_1fa3a7a21d59cc53c615d79d,
intent_a98ab893bd06a197fe63d105,a36ab281141a9e05fe3d4e9767f4f5aa78c31d4bc09364eaf12d7b98c3e32c14,2020-03-10T00:00:00Z,2020-03-10T00:15:00Z,2020-03-10T00:15:00Z,development,below_trend,0,1251.929257594288,0,62.5964628797144,no_fill_reference_unavailable,,
intent_812bc1f5aefe47f6cf322268,7ad7bf6b006e5fa2841a2f9bc04bb1824565f1c8f54824a5fd71a6c991ef11bb,2020-03-11T00:00:00Z,2020-03-11T00:15:00Z,2020-03-11T00:16:00Z,development,below_trend,0,1251.929257594288,0,62.5964628797144,within_band,,
intent_fd2d0b162863768030398a27,4bc5032da74e4712aaa574fae05e01dd4c3023fd443532975febb55842f0caf9,2020-03-12T00:00:00Z,2020-03-12T00:15:00Z,2020-03-12T00:16:00Z,development,below_trend,0,1251.929257594288,0,62.5964628797144,within_band,,
intent_4798a13c4877c4f24d186a01,edb40a5d961a46648a38405a624a6b04660c9349f86229e9094128efd63941c0,2020-03-13T00:00:00Z,2020-03-13T00:15:00Z,2020-03-13T00:16:00Z,development,non_positive_momentum,0,1251.929257594288,0,62.5964628797144,within_band,,
intent_859748c899bc99983a705fc1,3071c57c4ed1a0cf4a1b24c421f5d0a0d06a779538a94a3d1658b676c0ad537e,2020-03-14T00:00:00Z,2020-03-14T00:15:00Z,2020-03-14T00:16:00Z,development,non_positive_momentum,0,1251.929257594288,0,62.5964628797144,within_band,,
intent_dc737e122dfc21a149df94e6,7ef7c83310b229bc55d3b85efaa54b7ebb2a15ed9729dff235956e886ce8b11d,2020-03-15T00:00:00Z,2020-03-15T00:15:00Z,2020-03-15T00:16:00Z,development,non_positive_momentum,0,1251.929257594288,0,62.5964628797144,within_band,,
intent_1ce76dcade5247362f557035,3d46714de9cc2ff85c0dca959d9cadd4b173a5997c3cab61e193f01b0639edb0,2020-03-16T00:00:00Z,2020-03-16T00:15:00Z,2020-03-16T00:15:00Z,development,non_positive_momentum,0,1251.929257594288,0,62.5964628797144,no_fill_reference_unavailable,,
intent_a022ee16907383ca46508d2b,7efec963cc8a3f7f5a51cbcf17d244f59b8c5a7e83992a3323c95718729469f2,2020-03-17T00:00:00Z,2020-03-17T00:15:00Z,2020-03-17T00:17:00Z,development,non_positive_momentum,0,1251.929257594288,0,62.5964628797144,within_band,,
intent_1f743243a22b522ca221c1f7,dc735e8dff72fa6aba018f7a55011f68333114de11c1344bdaf3232d03a56b50,2020-03-18T00:00:00Z,2020-03-18T00:15:00Z,2020-03-18T00:15:00Z,development,non_positive_momentum,0,1251.929257594288,0,62.5964628797144,no_fill_reference_unavailable,,
intent_60bce0c761e8de45ba295936,7bdd89b454329f5814dbc51b9ab506d4c614553dbb4b164fedcda39a815f2710,2020-03-19T00:00:00Z,2020-03-19T00:15:00Z,2020-03-19T00:18:00Z,development,non_positive_momentum,0,1251.929257594288,0,62.5964628797144,within_band,,
intent_6a89e7c99fb195a23c2f82fe,94528451cbc6951e6353a3153386696e473eae451294511fa4297956caea41da,2020-03-20T00:00:00Z,2020-03-20T00:15:00Z,2020-03-20T00:18:00Z,development,non_positive_momentum,0,1251.929257594288,0,62.5964628797144,within_band,,
intent_e4030d08432e0ea2095fd1dd,5aec3c6104a6550964c8ff3311bb0f4349702074d05f88efa2e26a8ad6a85328,2020-03-21T00:00:00Z,2020-03-21T00:15:00Z,2020-03-21T00:15:00Z,development,non_positive_momentum,0,1251.929257594288,0,62.5964628797144,no_fill_reference_unavailable,,
intent_922c37681141a08dd6ab2889,1c4a8a83c59aeb6c7546d98b3b057f78240a2026af7ebe56a55bab4bb6779182,2020-03-22T00:00:00Z,2020-03-22T00:15:00Z,2020-03-22T00:15:00Z,development,non_positive_momentum,0,1251.929257594288,0,62.5964628797144,no_fill_reference_unavailable,,
intent_17319892977f94e295d0e3c8,50b634450ac56c5ea3e201021700d013ee8ce4cc27ec12bd587bbafd3ea488e7,2020-03-23T00:00:00Z,2020-03-23T00:15:00Z,2020-03-23T00:17:00Z,development,non_positive_momentum,0,1251.929257594288,0,62.5964628797144,within_band,,
intent_b86c4fae29fe115744d215a9,45a913de34d60a58be2167652f7da6c455e05c5459bc85f254cecc6ff2e70ae9,2020-03-24T00:00:00Z,2020-03-24T00:15:00Z,2020-03-24T00:17:00Z,development,non_positive_momentum,0,1251.929257594288,0,62.5964628797144,within_band,,
intent_8f1987b281fcf386fe602077,7ac417751ca6e9b13374720b28208a5e43940800a5dd9e421f6fe7a91bf18f8c,2020-03-25T00:00:00Z,2020-03-25T00:15:00Z,2020-03-25T00:17:00Z,development,below_trend,0,1251.929257594288,0,62.5964628797144,within_band,,
intent_81d4a82fdac7648936f647b1,99142d9e4924cd0da6f8b10002a1021a139a3631445c788e4de29f4b27ef3c28,2020-03-26T00:00:00Z,2020-03-26T00:15:00Z,2020-03-26T00:20:00Z,development,below_trend,0,1251.929257594288,0,62.5964628797144,within_band,,
intent_69cc5dbd7183466e37b7f4a2,dc4750d08635a73cb5cc3cda1851da2e07f3301e567df5dcd17927c3b2216624,2020-03-27T00:00:00Z,2020-03-27T00:15:00Z,2020-03-27T00:16:00Z,development,below_trend,0,1251.929257594288,0,62.5964628797144,within_band,,
intent_f78dd9aa9bb6615aaa5b01c1,ac321f28d3f08d8e93864ba10c61a42315f27fcb9664160f254ec592554faf37,2020-03-28T00:00:00Z,2020-03-28T00:15:00Z,2020-03-28T00:16:00Z,development,non_positive_momentum,0,1251.929257594288,0,62.5964628797144,within_band,,
intent_2e7fcc6b5f9cce393bf12a1a,bc12cc93350ea5bf55a941c02864c467fab7542a99a4bd4104e6ffb4f5361f79,2020-03-29T00:00:00Z,2020-03-29T00:15:00Z,2020-03-29T00:15:00Z,development,non_positive_momentum,0,1251.929257594288,0,62.5964628797144,no_fill_reference_unavailable,,
intent_f0d05bf6893ad292f0877402,cd89649b671ea109519bd37f06f5d84d2972c1998860eb10a93bb971288a17dd,2020-03-30T00:00:00Z,2020-03-30T00:15:00Z,2020-03-30T00:17:00Z,development,non_positive_momentum,0,1251.929257594288,0,62.5964628797144,within_band,,
intent_4b0d35c34a130a2021609d33,ac524fb4952d50fd37d026f0cd44e6083c3ea23c628362712da4b8e98739c5ed,2020-03-31T00:00:00Z,2020-03-31T00:15:00Z,2020-03-31T00:17:00Z,development,non_positive_momentum,0,1251.929257594288,0,62.5964628797144,within_band,,
intent_124ce807edc7c2df385356db,754eb474ca267f34ebfbc3268c221f67870f6bb0bf3d8ec51d68d6d890dc203d,2020-04-01T00:00:00Z,2020-04-01T00:15:00Z,2020-04-01T00:16:00Z,development,non_positive_momentum,0,1251.929257594288,0,62.5964628797144,within_band,,
intent_a094e1311d7b2251b5376952,b6c2cfc43e6474bcbc3bf5c39990798ab94df82f67fce68f3faa6c6e7c250e5c,2020-04-02T00:00:00Z,2020-04-02T00:15:00Z,2020-04-02T00:17:00Z,development,below_trend,0,1251.929257594288,0,62.5964628797144,within_band,,
intent_8c4c16258d04135131e9e18f,e20c76f43bd778bac38e6014d386f34e0e3e736c4c2fe484b00577a3e4ca1cf9,2020-04-03T00:00:00Z,2020-04-03T00:15:00Z,2020-04-03T00:20:00Z,development,below_trend,0,1251.929257594288,0,62.5964628797144,within_band,,
intent_7b9f1bb4d513e9a70313ad71,2df70ab628a62139b03e55386bc7c99c76c0c54c996ac3d206292f3317d48028,2020-04-04T00:00:00Z,2020-04-04T00:15:00Z,2020-04-04T00:17:00Z,development,below_trend,0,1251.929257594288,0,62.5964628797144,within_band,,
intent_3d3aa6f7954383255a58d9f3,01aca2ee7a88f4f6a69379c7b6635598eb118156844f6e36b7a49a414793c50e,2020-04-05T00:00:00Z,2020-04-05T00:15:00Z,2020-04-05T00:15:00Z,development,below_trend,0,1251.929257594288,0,62.5964628797144,no_fill_reference_unavailable,,
intent_cf4783efa907f25021018aea,b5e1a6eb31542f4cd7c976c0f61d07f5c5677e4e0591f660c06e27988ca8aed1,2020-04-06T00:00:00Z,2020-04-06T00:15:00Z,2020-04-06T00:15:00Z,development,non_positive_momentum,0,1251.929257594288,0,62.5964628797144,no_fill_reference_unavailable,,
intent_56612a19e1293a3f9dd58ff4,788ce57d4d594b349723d8fd6eb679529ad5549b9e65baffb4914e23a2f4bcc4,2020-04-07T00:00:00Z,2020-04-07T00:15:00Z,2020-04-07T00:16:00Z,development,non_positive_momentum,0,1251.929257594288,0,62.5964628797144,within_band,,
intent_75981557e144258060188409,1b3409d8c9e5991e536fea0a861a896737b9dc1a00721d430e231fdd2829407f,2020-04-08T00:00:00Z,2020-04-08T00:15:00Z,2020-04-08T00:19:00Z,development,non_positive_momentum,0,1251.929257594288,0,62.5964628797144,within_band,,
intent_1c03eace1c2c594a5f6c004b,fea8cca429e452e9462efbb73ae87845b6726595d1c0eedeab75d49ffced61d3,2020-04-09T00:00:00Z,2020-04-09T00:15:00Z,2020-04-09T00:15:00Z,development,below_trend,0,1251.929257594288,0,62.5964628797144,no_fill_reference_unavailable,,
intent_0f43aee0ba28d4165e4c81e9,20d5f0b1a7ebaeebeca650c5873911b782a922d0a1d6ce8acac314c69054aaa9,2020-04-10T00:00:00Z,2020-04-10T00:15:00Z,2020-04-10T00:15:00Z,development,non_positive_momentum,0,1251.929257594288,0,62.5964628797144,no_fill_reference_unavailable,,
intent_f07584d60a91ce6ced041150,ba1909f7fce035413187807870014ee4567106dbede983041fc70a9a606c8a94,2020-04-11T00:00:00Z,2020-04-11T00:15:00Z,2020-04-11T00:15:00Z,development,non_positive_momentum,0,1251.929257594288,0,62.5964628797144,no_fill_reference_unavailable,,
intent_7f636381a941c9f4246b1aa4,2bc5a68be119b0456df5425422a48a248f0b0d0738fb29081a4a40f1d86eef0b,2020-04-12T00:00:00Z,2020-04-12T00:15:00Z,2020-04-12T00:17:00Z,development,non_positive_momentum,0,1251.929257594288,0,62.5964628797144,within_band,,
intent_b4d9639e3cbd948e9ac4a078,2a69b38ae5f71b3c3978c062eb7acd06fbc2755991f1133d742eb468bb017101,2020-04-13T00:00:00Z,2020-04-13T00:15:00Z,2020-04-13T00:16:00Z,development,non_positive_momentum,0,1251.929257594288,0,62.5964628797144,within_band,,
intent_e9a04aeb4f3b151a78f645ce,f43af24aa71dd3f6c78b33ee36805746811909f4d02e6831346dc5e65a00fdf2,2020-04-14T00:00:00Z,2020-04-14T00:15:00Z,2020-04-14T00:17:00Z,development,non_positive_momentum,0,1251.929257594288,0,62.5964628797144,within_band,,
intent_86a984def4ea89a2978683cf,b6f5e532f1654985be8183fbda4b456fb7bd9f6c4b88ea64b07be51f18b3f42b,2020-04-15T00:00:00Z,2020-04-15T00:15:00Z,2020-04-15T00:19:00Z,development,non_positive_momentum,0,1251.929257594288,0,62.5964628797144,within_band,,
intent_f9a0d0a95c69d668d0cd47b3,e4ac3208cb1b23cc48bcbd614ac1f2a8eb58f46cf2e6c81ce074151559f22c46,2020-04-16T00:00:00Z,2020-04-16T00:15:00Z,2020-04-16T00:17:00Z,development,non_positive_momentum,0,1251.929257594288,0,62.5964628797144,within_band,,
intent_2346dd84fdab226d95d59b28,03cd1d1b23910b259fac2c87984c854cf6ac29a0f51b21954d64e1c403524081,2020-04-17T00:00:00Z,2020-04-17T00:15:00Z,2020-04-17T00:16:00Z,development,non_positive_momentum,0,1251.929257594288,0,62.5964628797144,within_band,,
intent_f403e1d42539d937b6a31397,1984815be2130446083cbee7414b54ef2efbde9c8d822a24dafa6a64368c7d34,2020-04-18T00:00:00Z,2020-04-18T00:15:00Z,2020-04-18T00:15:00Z,development,non_positive_momentum,0,1251.929257594288,0,62.5964628797144,no_fill_reference_unavailable,,
intent_b1e33f02e72e19645cf4ae49,341539d5fc6165835880d246d6f9ccaf3cda3c476cbdc852efa51d1a831c2a34,2020-04-19T00:00:00Z,2020-04-19T00:15:00Z,2020-04-19T00:16:00Z,development,non_positive_momentum,0,1251.929257594288,0,62.5964628797144,within_band,,
intent_a3b657e7cc4849d603186804,2ad0aa64c016b26980ffb320f336498ab53c0c83d28d3e65e73641e4dcfe7157,2020-04-20T00:00:00Z,2020-04-20T00:15:00Z,2020-04-20T00:15:00Z,development,non_positive_momentum,0,1251.929257594288,0,62.5964628797144,no_fill_reference_unavailable,,
intent_7e435a07a09ec39a3e6a23bb,b5fe1de76cc5a44f2c6d30a8c65160c9801727c1d0c59bd8501419c8a9021715,2020-04-21T00:00:00Z,2020-04-21T00:15:00Z,2020-04-21T00:16:00Z,development,non_positive_momentum,0,1251.929257594288,0,62.5964628797144,within_band,,
intent_373bff744c25dd0b73410df7,789ae551d8108d642b3c3904ac5dc0d165e037a7cdb91256b7901b557baffcf1,2020-04-22T00:00:00Z,2020-04-22T00:15:00Z,2020-04-22T00:18:00Z,development,non_positive_momentum,0,1251.929257594288,0,62.5964628797144,within_band,,
intent_d6fd5ee66802339bad9925b3,1daaac1e15b2247c38488586af10c6c8cf8fd44b69f9c3a81f486703d8145ccf,2020-04-23T00:00:00Z,2020-04-23T00:15:00Z,2020-04-23T00:19:00Z,development,non_positive_momentum,0,1251.929257594288,0,62.5964628797144,within_band,,
intent_21369e76a99b5fb56ef4b6e4,89b1c39705aca7559f8551e833dde73d3db3899e066da0c4ba8c387689206241,2020-04-24T00:00:00Z,2020-04-24T00:15:00Z,2020-04-24T00:16:00Z,development,non_positive_momentum,0,1251.929257594288,0,62.5964628797144,within_band,,
intent_a349f32b0aa90659b5f63191,9ff5cab225168f7791c0237bc94224f9d1abf7dacd7476e31ccb7ed733392a87,2020-04-25T00:00:00Z,2020-04-25T00:15:00Z,2020-04-25T00:16:00Z,development,non_positive_momentum,0,1251.929257594288,0,62.5964628797144,within_band,,
intent_28dfea2aabea8e44429f6d6f,07254810426ff3965d6ec8d72f595cc20f13731491d6bce9ea95201ad077fbca,2020-04-26T00:00:00Z,2020-04-26T00:15:00Z,2020-04-26T00:17:00Z,development,non_positive_momentum,0,1251.929257594288,0,62.5964628797144,within_band,,
intent_b94f537296687d48e63cf09d,4113d37ae22d07f481a074bfb879675f3a359e4f8405657cccdb948dfa9fe7f6,2020-04-27T00:00:00Z,2020-04-27T00:15:00Z,2020-04-27T00:18:00Z,development,non_positive_momentum,0,1251.929257594288,0,62.5964628797144,within_band,,
intent_0829dddf226b9e0cfedff50f,f95fef528ffe5cdea4443b7682677c505983732b5e584b3e0e0aa0b792d21828,2020-04-28T00:00:00Z,2020-04-28T00:15:00Z,2020-04-28T00:18:00Z,development,non_positive_momentum,0,1251.929257594288,0,62.5964628797144,within_band,,
intent_bb58c68decd3cd2bcd4d44ec,ce3e10d6a3830e3c2b9f155b4da760c68e9d9644d263fdd9abe82d67d0b0a6e0,2020-04-29T00:00:00Z,2020-04-29T00:15:00Z,2020-04-29T00:16:00Z,development,non_positive_momentum,0,1251.929257594288,0,62.5964628797144,within_band,,
intent_529601207e4fd9223ad223e5,11e09bf8e2de14e8e61d98795268152fccb22b6c931717e80a5d44324a05702c,2020-04-30T00:00:00Z,2020-04-30T00:15:00Z,2020-04-30T00:20:00Z,development,non_positive_momentum,0,1251.929257594288,0,62.5964628797144,within_band,,
intent_a1d7e94c218614669955d3b5,3817fdb935c295979f02a85f200bff41c3c5dea0ff33f82466282d194023409b,2020-05-01T00:00:00Z,2020-05-01T00:15:00Z,2020-05-01T00:16:00Z,development,non_positive_momentum,0,1251.929257594288,0,62.5964628797144,within_band,,
intent_129810106e1e5118229a8122,384b14c3ff73800742a3a946fb1b216f5375b602ef508ff76c5e211cd41196df,2020-05-02T00:00:00Z,2020-05-02T00:15:00Z,2020-05-02T00:17:00Z,development,long_signal,0.3939843140388081393836380169,1251.929257594288,493.240489778399893125605592,62.5964628797144,buy,trade_a8fe1a109b11166667060d73,
intent_f209a32de4d404ef66e6c9b3,63414db763622d4b650081b726cd0d7fef92de53f0530808c4db6476059c27bf,2020-05-03T00:00:00Z,2020-05-03T00:15:00Z,2020-05-03T00:17:00Z,development,long_signal,0.3953235053218194245223001505,1252.2450624892,394.6579524130753540171661348,62.61225312446,buy,trade_647cc0ffd56b43ddeb83c286,
intent_fa8b497f3f4bbd1f71ef4545,d588e42fb800b26c240372e8d47b57a840b915c517430bdd4eb62051638d74e6,2020-05-04T00:00:00Z,2020-05-04T00:15:00Z,2020-05-04T00:18:00Z,development,long_signal,0.3950070468857495410763482549,1250.213946926416,336.5920383054687932644589859,62.5106973463208,buy,trade_74c6f1b0f09b1adead2ffcec,
intent_18698e6a7f05366139dcdef2,2b6f409776e8999320ed5c765ee4fd41fc19b349f11b3cab245f7f905252b714,2020-05-05T00:00:00Z,2020-05-05T00:15:00Z,2020-05-05T00:18:00Z,development,long_signal,0.3953010438106284613053406728,1248.859088851024,327.7640927255041804005273178,62.4429544425512,buy,trade_b0709b942b275579ee0e95b9,
intent_352f4665b05a34989827651d,f75ab6a12e7c144722d98a1a63bf85afadbd3727d6652bec1e8d14daeb336c3b,2020-05-06T00:00:00Z,2020-05-06T00:15:00Z,2020-05-06T00:15:00Z,development,long_signal,0.1503051079800137654898500391,1248.98340183304,0,62.449170091652,no_fill_reference_unavailable,,
intent_bd213f8293776a4b8d87f83e,d751eedc3feed8e0bb69a70eedbbf4519b6201c1d829bb319e14c2e46c4a6092,2020-05-07T00:00:00Z,2020-05-07T00:15:00Z,2020-05-07T00:16:00Z,development,long_signal,0.4176952338745676696777933415,1254.506482626896,330.7497127863865878934575722,62.7253241313448,buy,trade_55e0fb6de2b387aeadc19b1e,
intent_59a7471f04040c811dccf245,39831126d084999ad8f322da100e3fe7a0e5ff5c823d46f845a31d5e52d6c070,2020-05-08T00:00:00Z,2020-05-08T00:15:00Z,2020-05-08T00:16:00Z,development,long_signal,0.3967893969896323384486517815,1282.97186216904,-49.407750916720924377991582,64.148593108452,within_band,,
intent_a45c7d560586ef6a2292485e,98882b20469717a45a06f4b2bce8c756c46a2a2a6b644a0abe1fbc014551ea14,2020-05-09T00:00:00Z,2020-05-09T00:15:00Z,2020-05-09T00:16:00Z,development,long_signal,0.3928019508134298175213230972,1277.958549845136,-51.4794586996647911844563359,63.8979274922568,within_band,,
intent_1d5dcb98d86d8644f5922f55,b7a54133c10accd3907af4b97be160c47938ea4b4b7b930279ed26da72085325,2020-05-10T00:00:00Z,2020-05-10T00:15:00Z,2020-05-10T00:16:00Z,development,non_positive_momentum,0,1243.630785363472,-519.136305655872,62.1815392681736,sell,trade_ff865da582b762f586bf305a,
intent_a904c45ee46b42fd71e3fcb3,5dbb2bceae1aa590d2854da2ac18e2eb2d7e49190a977d90de9cee005a004b0a,2020-05-11T00:00:00Z,2020-05-11T00:15:00Z,2020-05-11T00:16:00Z,development,non_positive_momentum,0,1243.630785363472,0,62.1815392681736,within_band,,
intent_9220bf045e4132f2ea2663d7,b67935b8be10aff70b30767de213a18473c4981954ee5d9412c6c143d676122a,2020-05-12T00:00:00Z,2020-05-12T00:15:00Z,2020-05-12T00:16:00Z,development,non_positive_momentum,0,1243.630785363472,0,62.1815392681736,within_band,,
intent_7f95acff62b8e079eef48eac,1e5cdfe20a2b7836d2dd64180457f221650b9b0625a9ef55d23b292e87339c0e,2020-05-13T00:00:00Z,2020-05-13T00:15:00Z,2020-05-13T00:16:00Z,development,non_positive_momentum,0,1243.630785363472,0,62.1815392681736,within_band,,
intent_0ae42b9b406ad5910b812bec,afd4ddbd5b129eb10d93b399b39324ee79986e3711bf77349bad5ec314bdb15f,2020-05-14T00:00:00Z,2020-05-14T00:15:00Z,2020-05-14T00:16:00Z,development,non_positive_momentum,0,1243.630785363472,0,62.1815392681736,within_band,,
intent_e71c9c59165563421872ea6c,5fe9a4ef3830a6f4860cf0fcd72295e5bc0cfd0046422a4b8ea687be543dc32f,2020-05-15T00:00:00Z,2020-05-15T00:15:00Z,2020-05-15T00:16:00Z,development,long_signal,0.3465944520707416300031302068,1243.630785363472,431.0355306313586675360289733,62.1815392681736,buy,trade_41318308c716df48ac966563,
intent_d5722b8453d4f67f42099298,0ee2b0e571649565a7a8f383d7625e043515f15d93b8b685da94035796fd2776,2020-05-16T00:00:00Z,2020-05-16T00:15:00Z,2020-05-16T00:16:00Z,development,long_signal,0.336639764279667442675108839,1243.378398635424,414.6766814558915144237770678,62.1689199317712,buy,trade_57edbf167108cc93e919c831,
intent_7967f961bb8832ad590c9feb,6ef9ae72d7fef32964ea7013d8b77fe4d826574756c83f68a6cea7988934355a,2020-05-17T00:00:00Z,2020-05-17T00:15:00Z,2020-05-17T00:18:00Z,development,long_signal,0.345556651646808295752659958,1241.993259930592,181.1279536617754077593886247,62.0996629965296,buy,trade_4965d77b9d012c4fd174ac81,
intent_b0f1dc78f96a02144b63a79d,fb10616673e888f6ffd632d5059b62d1b736f570ddac2a35e32c3e95707be15e,2020-05-18T00:00:00Z,2020-05-18T00:15:00Z,2020-05-18T00:19:00Z,development,long_signal,0.3453127477947551184653663369,1252.12166082,154.1712931739345714180503474,62.606083041,buy,trade_598a4a52fd0bb7f815e7834f,
intent_0b4007bb4d14c1ed3d824c6e,3ab2e0829cf0a64b9702af2c8f601894871096f88e604984358bab5d4f3b1f2b,2020-05-19T00:00:00Z,2020-05-19T00:15:00Z,2020-05-19T00:16:00Z,development,long_signal,0.3460690126749944990252127266,1242.00029414344,42.7516712597930334157981308,62.100014707172,within_band,,
intent_5427e104c4896df7c0867a55,facb498e3683ad64d76fcea72e742d655af9fa470513706456c9dc03636afba8,2020-05-20T00:00:00Z,2020-05-20T00:15:00Z,2020-05-20T00:15:00Z,development,long_signal,0.3138061487382487476782194186,1245.907622598096,0,62.2953811299048,no_fill_reference_unavailable,,
intent_81ec9e00574a9a6105e98631,e1be405bec6fd182c6efdeebdfe363c71a5aad06cc05cae2212f289a1e14365e,2020-05-21T00:00:00Z,2020-05-21T00:15:00Z,2020-05-21T00:16:00Z,development,long_signal,0,1237.614575768016,-382.680425901056,61.8807287884008,forced_liquidation_partial_volume_capped,trade_c10d19df61f58cbdb69f2c3d,0.02521711
intent_658cb26a4210bafdf926f3af,f9f9a11924d6a0edcf22ec23127edc49c53b094b51abc171f2a47e0b59d176f5,2020-05-22T00:00:00Z,2020-05-22T00:15:00Z,2020-05-22T00:16:00Z,development,non_positive_momentum,0,1219.781116270768,-316.34440847552,60.9890558135384,forced_liquidation_partial_volume_capped,trade_29b9cba535699cab0b419673,0.01853721
intent_a06883237f007a33f1512441,ef86388f0122e7b482e37bacb648b88a4a3e0470d7b40c74bd5ef9ca4abc58da,2020-05-23T00:00:00Z,2020-05-23T00:15:00Z,2020-05-23T00:18:00Z,development,long_signal,0,1225.27204548952,-238.037114417472,61.263602274476,forced_liquidation,trade_80410ff209fd195602677bf3,0
intent_26029090343d90787b827c69,990b366ec6699197e88ff5a7c5cdfa4e4f9e66209e69999db527f37c8b6d8010,2020-05-24T00:00:00Z,2020-05-24T00:15:00Z,2020-05-24T00:19:00Z,development,non_positive_momentum,0,1225.27204548952,0,61.263602274476,no_action_disarmed,,
intent_930ea1265a93bca176aae0e3,4af9d4c32ed3db0474ebf9cc7bb33265242762b7f545c0b3d7eee8d9b9a7161f,2020-05-25T00:00:00Z,2020-05-25T00:15:00Z,2020-05-25T00:16:00Z,development,non_positive_momentum,0,1225.27204548952,0,61.263602274476,no_action_disarmed,,
intent_e0b6e8bc0ede3c7c48ff9366,c761036e6c86495ddf3ebc77fc8c72af681f990c74f733a07c81964936f3cae4,2020-05-26T00:00:00Z,2020-05-26T00:15:00Z,2020-05-26T00:17:00Z,development,long_signal,0,1225.27204548952,0,61.263602274476,no_action_disarmed,,
intent_d9fb3fb66965e939727575e4,db21ad83d153f3fc1d15220504947e0c23139ea0750ffb1f9c8085ec9a8fab71,2020-05-27T00:00:00Z,2020-05-27T00:15:00Z,2020-05-27T00:17:00Z,development,long_signal,0,1225.27204548952,0,61.263602274476,no_action_disarmed,,
intent_16e0d7f7ea481fb054ec2995,a4a78939c9736b12accc8a672e2862b53ad4d3b1da71177e581e199240a20fb2,2020-05-28T00:00:00Z,2020-05-28T00:15:00Z,2020-05-28T00:17:00Z,development,long_signal,0,1225.27204548952,0,61.263602274476,no_action_disarmed,,
intent_ec09fe3a363e38d754aa4731,fa766165b52a566d42436a0cf3f769dd2d38a7974642dfe92e5f90b8e2b4ca47,2020-05-29T00:00:00Z,2020-05-29T00:15:00Z,2020-05-29T00:19:00Z,development,long_signal,0,1225.27204548952,0,61.263602274476,no_action_disarmed,,
intent_0b8b38e2fedd1b48ac43106a,b33140429a39231d13fa6f4bb3fcbe1d8cc93429fc27c857741ce1f82ee57df1,2020-05-30T00:00:00Z,2020-05-30T00:15:00Z,2020-05-30T00:20:00Z,development,long_signal,0,1225.27204548952,0,61.263602274476,no_action_disarmed,,
intent_0bedc33b26391250b85cca5c,5ccee52c83b046852e9d09b45165be8c58dc00caf8f60077f393effbd29c45ac,2020-05-31T00:00:00Z,2020-05-31T00:15:00Z,2020-05-31T00:19:00Z,development,long_signal,0,1225.27204548952,0,61.263602274476,no_action_disarmed,,
intent_55207c8f62d409b7186c99fb,6c535626af35a0126ee400505e7cf7b5fd2c7e7a906263110752c8635dcbbfe5,2020-06-01T00:00:00Z,2020-06-01T00:15:00Z,2020-06-01T00:17:00Z,development,long_signal,0,1225.27204548952,0,61.263602274476,no_action_disarmed,,
intent_d04b6b6085bab332496cb125,707c5ce2e97ac30bb3e2d0cfa20a110043bbe6b318597974e7c6c3d8271ee4d4,2020-06-02T00:00:00Z,2020-06-02T00:15:00Z,2020-06-02T00:16:00Z,development,long_signal,0,1225.27204548952,0,61.263602274476,no_action_disarmed,,
intent_c2c31e545aedc9fdf9c7615b,d9675aa3767ce5f905ed5ba16310c4d59c2440cabbf48c0f79888555c4d57e44,2020-06-03T00:00:00Z,2020-06-03T00:15:00Z,2020-06-03T00:16:00Z,development,long_signal,0,1225.27204548952,0,61.263602274476,no_action_disarmed,,
intent_f9fbcea94d0c156c1c3edc80,fe009d0c528edf196ca23123bab09f2f0998fc6177a4924354ed84f98d42fec1,2020-06-04T00:00:00Z,2020-06-04T00:15:00Z,2020-06-04T00:17:00Z,development,long_signal,0,1225.27204548952,0,61.263602274476,no_action_disarmed,,
intent_21f53e65ca269ef90c2894a3,42f4ee2066a142f62de3e0b791bfe4dea328bf33a46901ca15529a7f8777b576,2020-06-05T00:00:00Z,2020-06-05T00:15:00Z,2020-06-05T00:16:00Z,development,long_signal,0,1225.27204548952,0,61.263602274476,no_action_disarmed,,
intent_53286af35f0a529ca96f863a,b691f4e0fc5150c3dcdc6f426f8342656212655b2ba315906311af4be430fbe2,2020-06-06T00:00:00Z,2020-06-06T00:15:00Z,2020-06-06T00:17:00Z,development,long_signal,0,1225.27204548952,0,61.263602274476,no_action_disarmed,,
intent_ce4808bc35dd98b50a76a73d,6e39a726fbd29876e8aa15729ff911b645563b7dac432247378b4ae576172d87,2020-06-07T00:00:00Z,2020-06-07T00:15:00Z,2020-06-07T00:19:00Z,development,long_signal,0,1225.27204548952,0,61.263602274476,no_action_disarmed,,
intent_5066c0f46086e9a74ae34a79,ab245ca5d19eda487a73e4e776b80a83cac74325030c6858a5bc13d7b784ff91,2020-06-08T00:00:00Z,2020-06-08T00:15:00Z,2020-06-08T00:18:00Z,development,long_signal,0,1225.27204548952,0,61.263602274476,no_action_disarmed,,
intent_a52e2d261c0410f8da592b99,4dc5510053a6f057cfbfe4dc128c0ef59c38d37b943155d8d2e9028a2320a57a,2020-06-09T00:00:00Z,2020-06-09T00:15:00Z,2020-06-09T00:17:00Z,development,long_signal,0,1225.27204548952,0,61.263602274476,no_action_disarmed,,
intent_09695a47d254a5f63b35ab1a,0c0b536bce6c0f0febade0a7af01eafbd1ac1a8d23b391c4123c91e21ce7242a,2020-06-10T00:00:00Z,2020-06-10T00:15:00Z,2020-06-10T00:15:00Z,development,long_signal,0,1225.27204548952,0,61.263602274476,no_fill_reference_unavailable,,
intent_1220bec339e03648f3b34ecc,0abbf871359f7736fae68d0143c14d1f69ced4aca3bfa0cdadd4b7963459c7a0,2020-06-11T00:00:00Z,2020-06-11T00:15:00Z,2020-06-11T00:16:00Z,development,long_signal,0,1225.27204548952,0,61.263602274476,no_action_disarmed,,
intent_cb5d02a98a88710b39d86ef2,68298307e046f8a45fd07bb77ea048edc1bbef93e2a9911e3b9146394c0c3f50,2020-06-12T00:00:00Z,2020-06-12T00:15:00Z,2020-06-12T00:16:00Z,development,long_signal,0,1225.27204548952,0,61.263602274476,no_action_disarmed,,
intent_0d514a0df575a428687690c2,dd0991a29281f6d4788f97440f6d34c2a366edb878a197bcc658225b20922b1c,2020-06-13T00:00:00Z,2020-06-13T00:15:00Z,2020-06-13T00:15:00Z,development,long_signal,0,1225.27204548952,0,61.263602274476,no_fill_reference_unavailable,,
intent_cbe4563a420bc921b6746f54,9e2ff7ac8587a75d7f5a64c1a138ead06ff4d0c140163d3f14c39842ab723dc0,2020-06-14T00:00:00Z,2020-06-14T00:15:00Z,2020-06-14T00:16:00Z,development,long_signal,0,1225.27204548952,0,61.263602274476,no_action_disarmed,,
intent_82fa751678e159fa9b19af0d,44364cfb54b415e4d02a4733f32805f429738b9b025e46e2b2ca394066f5de6d,2020-06-15T00:00:00Z,2020-06-15T00:15:00Z,2020-06-15T00:19:00Z,development,long_signal,0,1225.27204548952,0,61.263602274476,no_action_disarmed,,
intent_8be6a6e89e2b2bc48f07e011,47ffb4aaf47741db8c76b67bddf1270b61b13bf859aa73b1eb1072bf9e2b3031,2020-06-16T00:00:00Z,2020-06-16T00:15:00Z,2020-06-16T00:16:00Z,development,long_signal,0,1225.27204548952,0,61.263602274476,no_action_disarmed,,
intent_82e3cdd28bef2ac00d4861bc,84bbfde26d12d50de84bd75126f58bae03b65a673ae45381daec3040f38f540e,2020-06-17T00:00:00Z,2020-06-17T00:15:00Z,2020-06-17T00:16:00Z,development,long_signal,0,1225.27204548952,0,61.263602274476,no_action_disarmed,,
intent_b765f97adaae802f0729a8ed,467e615c8595ab61ea1a1931abf62a2fabf01b42c901dac88a7bdca14df8c208,2020-06-18T00:00:00Z,2020-06-18T00:15:00Z,2020-06-18T00:18:00Z,development,long_signal,0,1225.27204548952,0,61.263602274476,no_action_disarmed,,
intent_b7bd78e35f0af2a16e813eb8,d93f3535d1c033f311c10160d9959fedcaa68258875d1fafe4471639ad26d36c,2020-06-19T00:00:00Z,2020-06-19T00:15:00Z,2020-06-19T00:18:00Z,development,long_signal,0,1225.27204548952,0,61.263602274476,no_action_disarmed,,
intent_8530d8f1198f35038a803be7,d9147cdd83bfaa9c9603d03366e67e9199621a9448b9e441bca8b1cf67d64066,2020-06-20T00:00:00Z,2020-06-20T00:15:00Z,2020-06-20T00:15:00Z,development,long_signal,0,1225.27204548952,0,61.263602274476,no_fill_reference_unavailable,,
intent_240d069845d28d063b9110ec,70479ffd1080e838b00b35d0b8810e66e4f01520982f2a6b5be0ceee4b298e51,2020-06-21T00:00:00Z,2020-06-21T00:15:00Z,2020-06-21T00:15:00Z,development,long_signal,0,1225.27204548952,0,61.263602274476,no_fill_reference_unavailable,,
intent_078ac6b43a8e89903caba975,3c2eb467d88d3457ae5d77b95699fc5b25e184c0bf478685820ec1240bbafa8c,2020-06-22T00:00:00Z,2020-06-22T00:15:00Z,2020-06-22T00:15:00Z,development,long_signal,0,1225.27204548952,0,61.263602274476,no_fill_reference_unavailable,,
intent_651b56c557fb5c57e78b8238,2a5ab86917d1436d9ebb07aca45e9ad0a95a65aa2647cd8e7afb534e6074ccb7,2020-06-23T00:00:00Z,2020-06-23T00:15:00Z,2020-06-23T00:16:00Z,development,long_signal,0,1225.27204548952,0,61.263602274476,no_action_disarmed,,
intent_6392f6bd16eae07bea72b56b,5cb4ea2b21242c82e541a5ef545b493901963f8eaf8a961817e1d1fb6dc2215d,2020-06-24T00:00:00Z,2020-06-24T00:15:00Z,2020-06-24T00:16:00Z,development,long_signal,0,1225.27204548952,0,61.263602274476,no_action_disarmed,,
intent_9704726029822a762a490173,9348ac80c948389d0b8151ba263c2da5de5b99cee4f4f051d558a477bf86d635,2020-06-25T00:00:00Z,2020-06-25T00:15:00Z,2020-06-25T00:19:00Z,development,long_signal,0,1225.27204548952,0,61.263602274476,no_action_disarmed,,
intent_97a725d0f3bb1a38b7cf7a23,07c6bc4b81cdca5d060f7f01397b300b85feaf3ed92d78dcbbe2d526bdd49024,2020-06-26T00:00:00Z,2020-06-26T00:15:00Z,2020-06-26T00:20:00Z,development,long_signal,0,1225.27204548952,0,61.263602274476,no_action_disarmed,,
intent_a6d683bf88cff8d9189caa8d,54a56a89f932190fb38e59382312668c79a012e2304c16cce8634c40d2199c46,2020-06-27T00:00:00Z,2020-06-27T00:15:00Z,2020-06-27T00:20:00Z,development,long_signal,0,1225.27204548952,0,61.263602274476,no_action_disarmed,,
intent_9bd056efc8b7f6982847e3e9,2ce0bc7355e7066747f3c01082c7265b5f60fba3906028bdeee2c886c77f19c6,2020-06-28T00:00:00Z,2020-06-28T00:15:00Z,2020-06-28T00:15:00Z,development,long_signal,0,1225.27204548952,0,61.263602274476,no_fill_reference_unavailable,,
intent_b0cbb3cc65f79c87a6fbfe79,72ecefc63fd5e1d102166762fd8f6d2bbd61384dc15bb9be29d51bfdd3e3f8df,2020-06-29T00:00:00Z,2020-06-29T00:15:00Z,2020-06-29T00:15:00Z,development,long_signal,0,1225.27204548952,0,61.263602274476,no_fill_reference_unavailable,,
intent_8bb29db8f42b4dd3ebbc9df5,e36498b4d57c84387b79e48742dcee2d24ce930ca67e9b68b3735fc75ac03943,2020-06-30T00:00:00Z,2020-06-30T00:15:00Z,2020-06-30T00:20:00Z,development,long_signal,0,1225.27204548952,0,61.263602274476,no_action_disarmed,,
intent_b9d768b2ea3410454d977251,2df6677716cae15762a165051ad161c2a7b31b6364d78777a92ddaedea368d76,2020-07-01T00:00:00Z,2020-07-01T00:15:00Z,2020-07-01T00:16:00Z,development,long_signal,0,1225.27204548952,0,61.263602274476,no_action_disarmed,,
intent_8e58cfd3fad6a2d9e9370a5c,315aee1e399373799060ed9961766f03183503a360ea6cefc348c7d3aa216143,2020-07-02T00:00:00Z,2020-07-02T00:15:00Z,2020-07-02T00:17:00Z,development,long_signal,0,1225.27204548952,0,61.263602274476,no_action_disarmed,,
intent_029d209e6687dc5123590eb7,f319ae78f4028459ea4ab3f31859eba435c995bfddc9878c8d7dff83d24cec08,2020-07-03T00:00:00Z,2020-07-03T00:15:00Z,2020-07-03T00:15:00Z,development,long_signal,0,1225.27204548952,0,61.263602274476,no_fill_reference_unavailable,,
intent_0e6ad3bd5ccda21ec8000d07,f57aa532f097320e9562165ef504de2c16abcc163a4174f00d609b7d04e08b3d,2020-07-04T00:00:00Z,2020-07-04T00:15:00Z,2020-07-04T00:20:00Z,development,long_signal,0,1225.27204548952,0,61.263602274476,no_action_disarmed,,
intent_6a5ea9f8e2728db85bdce2b7,06ec9bf80886e3c45100921a87fb06d4c01a257bf547a82182afaee06c5fa439,2020-07-05T00:00:00Z,2020-07-05T00:15:00Z,2020-07-05T00:17:00Z,development,long_signal,0,1225.27204548952,0,61.263602274476,no_action_disarmed,,
intent_cdb349a77348748c195e8a38,25b3c31cf9b6ee36c7c84c374125d4d5bb04b5a7e543031c90c110a11f7de859,2020-07-06T00:00:00Z,2020-07-06T00:15:00Z,2020-07-06T00:18:00Z,development,long_signal,0,1225.27204548952,0,61.263602274476,no_action_disarmed,,
intent_e81b32efb962f17a796fd048,afb847a6e05ab013cfbf677353cad8ef95a2257d5ac986d4841e12fdd23f5caf,2020-07-07T00:00:00Z,2020-07-07T00:15:00Z,2020-07-07T00:15:00Z,development,long_signal,0,1225.27204548952,0,61.263602274476,no_fill_reference_unavailable,,
intent_03e84450beb866888b6df5d4,4410a4d6518dbebe42c2e183d26f4a1050e63e0baeaf1fe203304db54139bb7e,2020-07-08T00:00:00Z,2020-07-08T00:15:00Z,2020-07-08T00:16:00Z,development,long_signal,0,1225.27204548952,0,61.263602274476,no_action_disarmed,,
intent_24435d2385b6aa3c895ffe92,0473a1c448425e443d39e00742ea9853014ca3c9b62901af5006fa6c9bbde732,2020-07-09T00:00:00Z,2020-07-09T00:15:00Z,2020-07-09T00:16:00Z,development,long_signal,0,1225.27204548952,0,61.263602274476,no_action_disarmed,,
intent_806d56064029cd8e3f7cb665,41b57a2f2a0a071edd8a8c2b295ecafec3fb8928763c2365c63ca35f9206fcd3,2020-07-10T00:00:00Z,2020-07-10T00:15:00Z,2020-07-10T00:17:00Z,development,long_signal,0,1225.27204548952,0,61.263602274476,no_action_disarmed,,
intent_9276517e56901de2fa283ca1,04c1476e1bcc7334faa5c77501c96d6509eb1bec463235c4222be1cf4d7f161e,2020-07-11T00:00:00Z,2020-07-11T00:15:00Z,2020-07-11T00:16:00Z,development,long_signal,0,1225.27204548952,0,61.263602274476,no_action_disarmed,,
intent_57becfaabc342b6e94249b83,7aae12a40c35915ca1713bbefe0cc132a4330c2eae1c622d4794876c177dc699,2020-07-12T00:00:00Z,2020-07-12T00:15:00Z,2020-07-12T00:15:00Z,development,long_signal,0,1225.27204548952,0,61.263602274476,no_fill_reference_unavailable,,
intent_7a077a2f2d31801ff2b21bbe,6bdd1530a751126facc2b163fcff0b5acb215597706d8d93d5714e9ef5e33803,2020-07-13T00:00:00Z,2020-07-13T00:15:00Z,2020-07-13T00:19:00Z,development,long_signal,0,1225.27204548952,0,61.263602274476,no_action_disarmed,,
intent_c265ce372dc62a80e2cae96e,57aa35c1be15747f51b40cddc873f543c398c3835e98e42b9211376f6b17751b,2020-07-14T00:00:00Z,2020-07-14T00:15:00Z,2020-07-14T00:15:00Z,development,long_signal,0,1225.27204548952,0,61.263602274476,no_fill_reference_unavailable,,
intent_b30d5150a4f1ce0e8ac9eb5b,8c9ce307ea466267af00a758d702aeb0c18e7cc186c27de7587ba91db09a4c54,2020-07-15T00:00:00Z,2020-07-15T00:15:00Z,2020-07-15T00:17:00Z,development,long_signal,0,1225.27204548952,0,61.263602274476,no_action_disarmed,,
intent_e26ccc6e088e4ee64b677a6b,12c91dd46ffec49cfdd2302f0b1f6d094e5d4efa4a310c35d542961a751e8dd5,2020-07-16T00:00:00Z,2020-07-16T00:15:00Z,2020-07-16T00:20:00Z,development,long_signal,0,1225.27204548952,0,61.263602274476,no_action_disarmed,,
intent_a063a4ef1522032bf583bb9b,a1a98d71c73ef08c598c37c5e19816c3b5148936eac3e210c18a909cef5f6b6f,2020-07-17T00:00:00Z,2020-07-17T00:15:00Z,2020-07-17T00:16:00Z,development,long_signal,0,1225.27204548952,0,61.263602274476,no_action_disarmed,,
intent_0d780e36393d403467eb4839,4ebad8a55d0cbac93391dc22948eea3b8f4188c0af64b6b316a06750b97bfa08,2020-07-18T00:00:00Z,2020-07-18T00:15:00Z,2020-07-18T00:17:00Z,development,long_signal,0,1225.27204548952,0,61.263602274476,no_action_disarmed,,
intent_b5ce3231ddf7ad0d66314a4f,d648f9f97242fc8a891e9d4d1d92a3b4e0fb6c34e34f21f08cfebb8bc4ad7abc,2020-07-19T00:00:00Z,2020-07-19T00:15:00Z,2020-07-19T00:15:00Z,development,long_signal,0,1225.27204548952,0,61.263602274476,no_fill_reference_unavailable,,
intent_dcd8b967f6cd591bbaef2382,ac1b123fcac81e5424258696a751fc4e6b6a01cacda18430ba46e3699ad05fc4,2020-07-20T00:00:00Z,2020-07-20T00:15:00Z,2020-07-20T00:17:00Z,development,long_signal,0,1225.27204548952,0,61.263602274476,no_action_disarmed,,
intent_71e779765615242fcbdaec34,7a5ba49e5d5003a6d1b01e15b9cb210ca6431fe3f41aa3f24d4bcc3f24301923,2020-07-21T00:00:00Z,2020-07-21T00:15:00Z,2020-07-21T00:17:00Z,development,long_signal,0,1225.27204548952,0,61.263602274476,no_action_disarmed,,
intent_e82c1a7f3c25e2a4936c5e1e,5c468e6f3c8cd5295415f704d3d7de78154b8cc257ca4d87d233c7e25d92c52c,2020-07-22T00:00:00Z,2020-07-22T00:15:00Z,2020-07-22T00:18:00Z,development,long_signal,0,1225.27204548952,0,61.263602274476,no_action_disarmed,,
intent_0d6faf93a1e793aeb78d82ef,c42fe8be3e7e18bed0c885490cb9c868d62ba6b8c965b651fde5e972ca8a2324,2020-07-23T00:00:00Z,2020-07-23T00:15:00Z,2020-07-23T00:16:00Z,development,long_signal,0,1225.27204548952,0,61.263602274476,no_action_disarmed,,
intent_ceb987d2165d344ff440f3af,09796ae71caa50d52ec922adfbcffc51011a5bdacecb60dc658b4409a65ee25e,2020-07-24T00:00:00Z,2020-07-24T00:15:00Z,2020-07-24T00:17:00Z,development,long_signal,0,1225.27204548952,0,61.263602274476,no_action_disarmed,,
intent_d859f74f2394cbb9a870dd1e,d9c4853bed1409d41a427b6ccc128f501d436479275811f5e98f5f91573741ae,2020-07-25T00:00:00Z,2020-07-25T00:15:00Z,2020-07-25T00:19:00Z,development,long_signal,0,1225.27204548952,0,61.263602274476,no_action_disarmed,,
intent_e808dfb3bf01200e596fb4f7,ffd3f7e92bcab437dea5fa9df848e7ccfcf3bfcd25e1bf185cb0316138a5b803,2020-07-26T00:00:00Z,2020-07-26T00:15:00Z,2020-07-26T00:16:00Z,development,long_signal,0,1225.27204548952,0,61.263602274476,no_action_disarmed,,
intent_1306e49c541b63c0c4e4187c,0b17ce4f5fad0bf7ccc444d043638b5ed1b9f0114c468f593f7e96bc3ffefcb8,2020-07-27T00:00:00Z,2020-07-27T00:15:00Z,2020-07-27T00:17:00Z,development,long_signal,0,1225.27204548952,0,61.263602274476,no_action_disarmed,,
intent_1282c5bd3c9de56f90c11f49,eb1d21a5c1f4cd15abf54d88bfe2e578c722660c97b1d5349912996cb563d70a,2020-07-28T00:00:00Z,2020-07-28T00:15:00Z,2020-07-28T00:18:00Z,development,long_signal,0,1225.27204548952,0,61.263602274476,no_action_disarmed,,
intent_81f97b2293893e28df3d6d35,19cd504efdf5e6b6dbac127405b337e32fcb7adbf5dea94db45847d8388a9e81,2020-07-29T00:00:00Z,2020-07-29T00:15:00Z,2020-07-29T00:16:00Z,development,long_signal,0,1225.27204548952,0,61.263602274476,no_action_disarmed,,
intent_b268c423c9ce7d7e80bff358,d0f19535432851789cf4cd59194a6774cb5601d99173f1308811c97579d972e1,2020-07-30T00:00:00Z,2020-07-30T00:15:00Z,2020-07-30T00:18:00Z,development,long_signal,0,1225.27204548952,0,61.263602274476,no_action_disarmed,,
intent_779b54ae5209d46eb75b39db,a8475bc1c63f2a8fdd0b7169ce10948f086cd66f84f3d9eaf8bbb0bf843e2062,2020-07-31T00:00:00Z,2020-07-31T00:15:00Z,2020-07-31T00:17:00Z,development,long_signal,0,1225.27204548952,0,61.263602274476,no_action_disarmed,,
intent_001f4ad14496272ac13bfc87,61f45863cf78c9cf4df16607d46a632f7f9fb2826269fb9157e8551ab23f0eee,2020-08-01T00:00:00Z,2020-08-01T00:15:00Z,2020-08-01T00:17:00Z,development,long_signal,0,1225.27204548952,0,61.263602274476,no_action_disarmed,,
intent_f875d8487a877137097a389f,90c69918e33c273410481cf9937aac0fe3d8bc76e04dc713860eee3c45ed3b98,2020-08-02T00:00:00Z,2020-08-02T00:15:00Z,2020-08-02T00:20:00Z,development,long_signal,0,1225.27204548952,0,61.263602274476,no_action_disarmed,,
intent_ec721560e9b980f624971014,dba3d12845bfbb8ad4741f929081a5c433e47125efaacac602ccefa150582ace,2020-08-03T00:00:00Z,2020-08-03T00:15:00Z,2020-08-03T00:19:00Z,development,long_signal,0,1225.27204548952,0,61.263602274476,no_action_disarmed,,
intent_582fabdd34ee02d1f2633a94,b89ee4ab9830084d6836f9c109efa715ae9fe57e1ed6ed14791f444a078f85f4,2020-08-04T00:00:00Z,2020-08-04T00:15:00Z,2020-08-04T00:16:00Z,development,long_signal,0,1225.27204548952,0,61.263602274476,no_action_disarmed,,
intent_8c1c381f7487232e26f3aad2,677e202b2b49aae36be8b50f8ce656bb4df3fa903abe9a33c01eb8822455fe22,2020-08-05T00:00:00Z,2020-08-05T00:15:00Z,2020-08-05T00:20:00Z,development,long_signal,0,1225.27204548952,0,61.263602274476,no_action_disarmed,,
intent_d5b0ba9ef7ae8559595daa38,adf2eec83902247ac9404b7e0a599c21fa7cec4ab80e140a19ca82ded1546ee2,2020-08-06T00:00:00Z,2020-08-06T00:15:00Z,2020-08-06T00:19:00Z,development,long_signal,0,1225.27204548952,0,61.263602274476,no_action_disarmed,,
intent_80677dcda6df096029ccefb9,d8fd43fa4a3f71d61e5374903bd00b869fe1a4969d186ac352dd19cf92e519c8,2020-08-07T00:00:00Z,2020-08-07T00:15:00Z,2020-08-07T00:16:00Z,development,long_signal,0,1225.27204548952,0,61.263602274476,no_action_disarmed,,
intent_454d939a138b21a309c8245b,4f9de65e7ad72a0d3293d8592e81d8bb3b3d80396533b43429f29ca042449268,2020-08-08T00:00:00Z,2020-08-08T00:15:00Z,2020-08-08T00:15:00Z,development,long_signal,0,1225.27204548952,0,61.263602274476,no_fill_reference_unavailable,,
intent_e5ac157478681d36e57e0590,8a351ad656b3ee3c0ec9293c4aea10a289f9cdfb9a85fb5c128438c9ff9c1f45,2020-08-09T00:00:00Z,2020-08-09T00:15:00Z,2020-08-09T00:15:00Z,development,long_signal,0,1225.27204548952,0,61.263602274476,no_fill_reference_unavailable,,
intent_aca2fbdd5487aa7904c661e1,575897d384de16fd8a723cc4ce9c395e632a6be8c78ec21bc602bafcbe4995f7,2020-08-10T00:00:00Z,2020-08-10T00:15:00Z,2020-08-10T00:17:00Z,development,long_signal,0,1225.27204548952,0,61.263602274476,no_action_disarmed,,
intent_03c2761433eb9757ea165799,d073efe99c16f3838db9304544f600c7c83a5ce3f3224905b8eadaf0fe9a15a2,2020-08-11T00:00:00Z,2020-08-11T00:15:00Z,2020-08-11T00:17:00Z,development,long_signal,0,1225.27204548952,0,61.263602274476,no_action_disarmed,,
intent_b5d4d0a089cd1d0828eecea9,253dbf2f632a7c119a30f5d7e724e5d23536eb0d0c9fdf31fa398a4e24f7a6f3,2020-08-12T00:00:00Z,2020-08-12T00:15:00Z,2020-08-12T00:15:00Z,development,long_signal,0,1225.27204548952,0,61.263602274476,no_fill_reference_unavailable,,
intent_92d4fd2d7994cebb8608356e,c85bb7d2f6b250dc4a03b8f716ea3636e595823c1bd2a77c1fa9447d9766bf54,2020-08-13T00:00:00Z,2020-08-13T00:15:00Z,2020-08-13T00:17:00Z,development,long_signal,0,1225.27204548952,0,61.263602274476,no_action_disarmed,,
intent_d5b767121ca97943540ef062,b7b57e2292649351e78a4d3ceb5a049a0c0cd6927c149b764e0d59c4947802d0,2020-08-14T00:00:00Z,2020-08-14T00:15:00Z,2020-08-14T00:20:00Z,development,long_signal,0,1225.27204548952,0,61.263602274476,no_action_disarmed,,
intent_0c087ed1301fe7c5e57e3305,45ffe05527dbb1fdadbd2fb4a592f94456ad3fc849456654364f7e6b3e04b036,2020-08-15T00:00:00Z,2020-08-15T00:15:00Z,2020-08-15T00:15:00Z,development,long_signal,0,1225.27204548952,0,61.263602274476,no_fill_reference_unavailable,,
intent_df7f2b3aa392d92f2fba2bd3,12087362f361edff3a8369d4f8308a39ab4e6af4b9294ef670b1678dce9896e1,2020-08-16T00:00:00Z,2020-08-16T00:15:00Z,2020-08-16T00:17:00Z,development,long_signal,0,1225.27204548952,0,61.263602274476,no_action_disarmed,,
intent_a58f1f134c77d2fa1d5e549a,8ae3ee46d96b6c7133c3a4234cf69564612dbe39a3e6ce4dde18402d4191c4da,2020-08-17T00:00:00Z,2020-08-17T00:15:00Z,2020-08-17T00:17:00Z,development,long_signal,0,1225.27204548952,0,61.263602274476,no_action_disarmed,,
intent_ae3387fda7df6433ae924225,eb5617be735e5f3bce35075737a0958773c824c9166f92475ef009eb453b314a,2020-08-18T00:00:00Z,2020-08-18T00:15:00Z,2020-08-18T00:16:00Z,development,long_signal,0,1225.27204548952,0,61.263602274476,no_action_disarmed,,
intent_2eb494504523ca871817c763,5e69e58605eaee08b9913d77db3decccc72d8e7466f002e524f043d3ba9b00b3,2020-08-19T00:00:00Z,2020-08-19T00:15:00Z,2020-08-19T00:16:00Z,development,long_signal,0,1225.27204548952,0,61.263602274476,no_action_disarmed,,
intent_8833d0071c8e69103423139f,e03970bb8ff609d6b526f94327ca66208bfa09e719ac7623355befe5fe8fa4bd,2020-08-20T00:00:00Z,2020-08-20T00:15:00Z,2020-08-20T00:17:00Z,development,long_signal,0,1225.27204548952,0,61.263602274476,no_action_disarmed,,
intent_8bcb8ea2950828cfe13e3016,6d2295db1c557e6f5b4f69efc1d02ecea98003caeab4207708f99aeca36290e3,2020-08-21T00:00:00Z,2020-08-21T00:15:00Z,2020-08-21T00:15:00Z,development,long_signal,0,1225.27204548952,0,61.263602274476,no_fill_reference_unavailable,,
intent_dcb8d854f7c3de55b6bc016a,371c6944a0bd038fae7fee479040049175523bf57ff264387c86e9d213faad72,2020-08-22T00:00:00Z,2020-08-22T00:15:00Z,2020-08-22T00:16:00Z,development,long_signal,0,1225.27204548952,0,61.263602274476,no_action_disarmed,,
intent_2dc7766771df2a3a5746e05e,0c6f98ed1a6ed32ab9b5eb7353e204143479b11131637a13ab02c14a945391b0,2020-08-23T00:00:00Z,2020-08-23T00:15:00Z,2020-08-23T00:15:00Z,development,long_signal,0,1225.27204548952,0,61.263602274476,no_fill_reference_unavailable,,
intent_1a61f019690dd09da2f5de99,c189ee14681f9458367720f5f14ed91c02e6f9eb8cb5148771c4c7eb65319129,2020-08-24T00:00:00Z,2020-08-24T00:15:00Z,2020-08-24T00:17:00Z,development,long_signal,0,1225.27204548952,0,61.263602274476,no_action_disarmed,,
intent_2b06d4ffa3077dbf70c2289d,2f2f62bc3f768794ac7f9895e550d33f3b78b3d34f71457af98742463ee9982a,2020-08-25T00:00:00Z,2020-08-25T00:15:00Z,2020-08-25T00:20:00Z,development,long_signal,0,1225.27204548952,0,61.263602274476,no_action_disarmed,,
intent_aaa029d091e93902c726a598,fd97c14fe2f715eb4bf8453b2c660d31a58e8b127d55cc9e3164b3a884a6299b,2020-08-26T00:00:00Z,2020-08-26T00:15:00Z,2020-08-26T00:16:00Z,development,long_signal,0,1225.27204548952,0,61.263602274476,no_action_disarmed,,
intent_9fa87ab8d3ce4355be8e2687,1e00c762574e8c6638e2c9c763da260f8942104d3183b0af4f1ee930740505ae,2020-08-27T00:00:00Z,2020-08-27T00:15:00Z,2020-08-27T00:16:00Z,development,long_signal,0,1225.27204548952,0,61.263602274476,no_action_disarmed,,
intent_b861a59502057d4433469012,88c78166e477a1c5653445ce59e9f55b81f4f6bef23395bb91cdc41a19daa03d,2020-08-28T00:00:00Z,2020-08-28T00:15:00Z,2020-08-28T00:17:00Z,development,long_signal,0,1225.27204548952,0,61.263602274476,no_action_disarmed,,
intent_15c205aa4b6ee15dfd8145b9,c822ab9d5990c5a273561695691f742b88425b8fe452b2fe82fe5e44fb37fd85,2020-08-29T00:00:00Z,2020-08-29T00:15:00Z,2020-08-29T00:16:00Z,development,long_signal,0,1225.27204548952,0,61.263602274476,no_action_disarmed,,
intent_2745b393a845c179faaaa901,32fcdd1d6aca900e8addc05dc4cf2e9a8428c49757762796abea93f955bfec0e,2020-08-30T00:00:00Z,2020-08-30T00:15:00Z,2020-08-30T00:17:00Z,development,long_signal,0,1225.27204548952,0,61.263602274476,no_action_disarmed,,
intent_fd07d762ddfde53a65144929,3bbaf80e6fa30bed6a971552278b43551f3a5965284b31208d768101f5404f23,2020-08-31T00:00:00Z,2020-08-31T00:15:00Z,2020-08-31T00:15:00Z,development,long_signal,0,1225.27204548952,0,61.263602274476,no_fill_reference_unavailable,,
intent_1a280a17d9cff19ebb4cad28,7b909674bf593381ec1a640f5d73e0c81d7af60e02e9493fa598106f1938f923,2020-09-01T00:00:00Z,2020-09-01T00:15:00Z,2020-09-01T00:17:00Z,development,long_signal,0,1225.27204548952,0,61.263602274476,no_action_disarmed,,
intent_35715194b9f081b1abca3812,e52eba2ac833b2e66ad5a02951d537630b09546a8a8890315300658c32079cc8,2020-09-02T00:00:00Z,2020-09-02T00:15:00Z,2020-09-02T00:20:00Z,development,long_signal,0,1225.27204548952,0,61.263602274476,no_action_disarmed,,
intent_d80ab328daa0f306efe141da,a4da920f56a904f1946de33910bbca401ffa8a9a42d65915ad47d7ddf163d79c,2020-09-03T00:00:00Z,2020-09-03T00:15:00Z,2020-09-03T00:18:00Z,development,long_signal,0,1225.27204548952,0,61.263602274476,no_action_disarmed,,
intent_055a8881cb6f52986423a9a8,4f817917567105e7c9140d41136ae60a8212a7db76000c863fcf04257178f5c5,2020-09-04T00:00:00Z,2020-09-04T00:15:00Z,2020-09-04T00:16:00Z,development,long_signal,0,1225.27204548952,0,61.263602274476,no_action_disarmed,,
intent_d2446ff49a6f2a5df901b16c,367d0349fe2a85ae8e212d100b2740a50790603d258728c43d4dfac4529e8d6b,2020-09-05T00:00:00Z,2020-09-05T00:15:00Z,2020-09-05T00:18:00Z,development,long_signal,0,1225.27204548952,0,61.263602274476,no_action_disarmed,,
intent_7aebc52a47f68ac6531ffa1d,bb55fcafaebb666223b9ecb329b53fc09d28ccb8efa73af807c6bbd69b05398b,2020-09-06T00:00:00Z,2020-09-06T00:15:00Z,2020-09-06T00:16:00Z,development,long_signal,0,1225.27204548952,0,61.263602274476,no_action_disarmed,,
intent_2fa5a81515ae2a1d269c3d47,722cccd4f0613bd97f815fa91b3dab3b989938f35f170834c2d3dd1ae70931ad,2020-09-07T00:00:00Z,2020-09-07T00:15:00Z,2020-09-07T00:19:00Z,development,long_signal,0,1225.27204548952,0,61.263602274476,no_action_disarmed,,
intent_ee984f31e439d81d04efe9ed,7bffaade011d1daa4ab588c7bab7cdb687c9f6ac546e38961a58220d5194a40d,2020-09-08T00:00:00Z,2020-09-08T00:15:00Z,2020-09-08T00:18:00Z,development,long_signal,0,1225.27204548952,0,61.263602274476,no_action_disarmed,,
intent_42318a9a15856e16abaf144a,ce501fe93dae4853846c92b69b30c946cea2e672c9bf2ac0008af74a3393030a,2020-09-09T00:00:00Z,2020-09-09T00:15:00Z,2020-09-09T00:16:00Z,development,long_signal,0,1225.27204548952,0,61.263602274476,no_action_disarmed,,
intent_77d6a9ab31477ca3e74ff28c,dcf3a2907c207a9451e00edcc349709f6d585aa46fd0aeed04abbd969f4d9a2e,2020-09-10T00:00:00Z,2020-09-10T00:15:00Z,2020-09-10T00:16:00Z,development,long_signal,0,1225.27204548952,0,61.263602274476,no_action_disarmed,,
intent_4699b4ba6e020cd3762ef7ec,ad3e1f58453a5636079a278526cf0f256c7efb2c4eee125890fa4f8f3f271d1b,2020-09-11T00:00:00Z,2020-09-11T00:15:00Z,2020-09-11T00:17:00Z,development,long_signal,0,1225.27204548952,0,61.263602274476,no_action_disarmed,,
intent_356403a25515a4b07d3723ef,33e86aac304c0ad9eedc57c016291beecc8f1e493cce22f17a538fe3a6ce6d8f,2020-09-12T00:00:00Z,2020-09-12T00:15:00Z,2020-09-12T00:17:00Z,development,long_signal,0,1225.27204548952,0,61.263602274476,no_action_disarmed,,
intent_f149468c06fc1b48259da1d8,3d30753952724e7c40d7e9ea051bb1c8b20d2fb6e1bd4f59af23b0be22a4ab9d,2020-09-13T00:00:00Z,2020-09-13T00:15:00Z,2020-09-13T00:19:00Z,development,long_signal,0,1225.27204548952,0,61.263602274476,no_action_disarmed,,
intent_2214f04b0ff64d657f8fc109,509e1ac2721d864dfe1a47a720bb18fd217968a9bfb621107a530507a6507847,2020-09-14T00:00:00Z,2020-09-14T00:15:00Z,2020-09-14T00:18:00Z,development,long_signal,0,1225.27204548952,0,61.263602274476,no_action_disarmed,,
intent_c3c0dae6a65a86acff041da7,a74d99e5bea3e194ea26e1fa82007a96d9d9a0bc64637dff9db32faa2e18492f,2020-09-15T00:00:00Z,2020-09-15T00:15:00Z,2020-09-15T00:16:00Z,development,long_signal,0,1225.27204548952,0,61.263602274476,no_action_disarmed,,
intent_a7d3c304bae1e9ed33a35f12,422a8f6b7a16f3a2a9813afc252431f2cefa8f8f0d05a8704ce2165aacf5c39b,2020-09-16T00:00:00Z,2020-09-16T00:15:00Z,2020-09-16T00:16:00Z,development,long_signal,0,1225.27204548952,0,61.263602274476,no_action_disarmed,,
intent_a87e83bb66c9b7ba71c1157b,c4b580349f70525cc7ebdc05394efc1ccef2d80ca474922c32752a6dd61afe54,2020-09-17T00:00:00Z,2020-09-17T00:15:00Z,2020-09-17T00:15:00Z,development,long_signal,0,1225.27204548952,0,61.263602274476,no_fill_reference_unavailable,,
intent_03d997c00e11787ee76e447a,e199dcff9fdaf32565df9047e2991edd0540ebf8db69a708d25d6e23cbde599a,2020-09-18T00:00:00Z,2020-09-18T00:15:00Z,2020-09-18T00:16:00Z,development,long_signal,0,1225.27204548952,0,61.263602274476,no_action_disarmed,,
intent_68a7fe235a5bb695d59c19ce,096abf456836a74e53201e1c3b71c581e8566359754750cc2b93d026b48ac071,2020-09-19T00:00:00Z,2020-09-19T00:15:00Z,2020-09-19T00:17:00Z,development,long_signal,0,1225.27204548952,0,61.263602274476,no_action_disarmed,,
intent_6ddbfae6fd6cc2c4f7bf999f,e2adabec92724a50711848dbc2077cd01e486f37d4e3b936d6e09586e6bb863b,2020-09-20T00:00:00Z,2020-09-20T00:15:00Z,2020-09-20T00:18:00Z,development,long_signal,0,1225.27204548952,0,61.263602274476,no_action_disarmed,,
intent_714b74f616277a59b0b42158,2683d95723157f43c55eb4d0ab4cde16d704d9884f3e5bf3283ba1b923e460fd,2020-09-21T00:00:00Z,2020-09-21T00:15:00Z,2020-09-21T00:18:00Z,development,long_signal,0,1225.27204548952,0,61.263602274476,no_action_disarmed,,
intent_cd285e3cddf1c54b3e5e2524,4a68950eb339706c9097c9d050c88b1a9b7175989aadb0579ace35ea8ee0cc2e,2020-09-22T00:00:00Z,2020-09-22T00:15:00Z,2020-09-22T00:15:00Z,development,long_signal,0,1225.27204548952,0,61.263602274476,no_fill_reference_unavailable,,
intent_e9646e3a9e796c0d6645013d,2102251316036733d617d0e5294144f09b8cefad5fb3d7151392d8b5662265ab,2020-09-23T00:00:00Z,2020-09-23T00:15:00Z,2020-09-23T00:15:00Z,development,long_signal,0,1225.27204548952,0,61.263602274476,no_fill_reference_unavailable,,
intent_aa9aff42d0ea31787a9fc18d,422a0bb6fe71d94c5bf1fa14338d754204c7f7b8480733521ee28b2e7dc6dc94,2020-09-24T00:00:00Z,2020-09-24T00:15:00Z,2020-09-24T00:17:00Z,development,long_signal,0,1225.27204548952,0,61.263602274476,no_action_disarmed,,
intent_bcd9dc72a9ef850518dc066e,40f2f988f0c2f2a376922577306f22d8b6faf1f1f7c3770746279e095afb71e9,2020-09-25T00:00:00Z,2020-09-25T00:15:00Z,2020-09-25T00:17:00Z,development,long_signal,0,1225.27204548952,0,61.263602274476,no_action_disarmed,,
intent_1357e64836925960187c4bff,f34098a30a58f5f27b463c0e6f4d0555c41eadca48230da155d29bae0494c2d3,2020-09-26T00:00:00Z,2020-09-26T00:15:00Z,2020-09-26T00:17:00Z,development,long_signal,0,1225.27204548952,0,61.263602274476,no_action_disarmed,,
intent_8257b6cd38b90d09f3cca110,e11605031aa9843a39222fc9e52150dc31a27103192325eef400095ef92f2865,2020-09-27T00:00:00Z,2020-09-27T00:15:00Z,2020-09-27T00:18:00Z,development,long_signal,0,1225.27204548952,0,61.263602274476,no_action_disarmed,,
intent_036d995bbcdb0e96e36ed56f,c37a03203c49a0d36fc0fdd0a81c1ab500e71781c4ed7e78a5db8ea33f34ceb1,2020-09-28T00:00:00Z,2020-09-28T00:15:00Z,2020-09-28T00:16:00Z,development,long_signal,0,1225.27204548952,0,61.263602274476,no_action_disarmed,,
intent_389147c18164e33ea9b97654,007a2d827ef56427dd0877750b180e7238b29527861e2d3503491bf2fcc7b790,2020-09-29T00:00:00Z,2020-09-29T00:15:00Z,2020-09-29T00:16:00Z,development,long_signal,0,1225.27204548952,0,61.263602274476,no_action_disarmed,,
intent_9216f9790fd9e855c9d7c2d8,becd90a8e507ea4ebcac9d5a5a7f1bc12945732f2aa2615eab81d9fee9685f65,2020-09-30T00:00:00Z,2020-09-30T00:15:00Z,2020-09-30T00:15:00Z,development,long_signal,0,1225.27204548952,0,61.263602274476,no_fill_reference_unavailable,,
intent_cbe9ef96f33ee608e63732ed,52b903926c16807432a2e3aae49de4d1ea7538575a3e267cd552f35e2bfe2c2e,2020-10-01T00:00:00Z,2020-10-01T00:15:00Z,2020-10-01T00:15:00Z,development,long_signal,0,1225.27204548952,0,61.263602274476,no_fill_reference_unavailable,,
intent_6d8c6f06ba11540315aebd94,19a0409715428e7ac4a7d2e08190004c6210a973c0f1df4b11e24c71a0e6c551,2020-10-02T00:00:00Z,2020-10-02T00:15:00Z,2020-10-02T00:16:00Z,development,long_signal,0,1225.27204548952,0,61.263602274476,no_action_disarmed,,
intent_f1e965c1e488972c8a09daa0,e9573deb04a0dd99889d6561a584a7bd6283fe81599cc02d100f9c5a83fa4264,2020-10-03T00:00:00Z,2020-10-03T00:15:00Z,2020-10-03T00:17:00Z,development,long_signal,0,1225.27204548952,0,61.263602274476,no_action_disarmed,,
intent_bf426e32b07cbec6b6989ae8,22596f9ec55cda9780fb29d8ccbbfbb1804ecbdbae385d59aa0643dc1e21e494,2020-10-04T00:00:00Z,2020-10-04T00:15:00Z,2020-10-04T00:18:00Z,development,long_signal,0,1225.27204548952,0,61.263602274476,no_action_disarmed,,
intent_7168f561d55452aba88f461a,207a04d089580d2abed2c32d9a5e031a934d65e7d1ab319c343f5e59d49958d3,2020-10-05T00:00:00Z,2020-10-05T00:15:00Z,2020-10-05T00:15:00Z,development,long_signal,0,1225.27204548952,0,61.263602274476,no_fill_reference_unavailable,,
intent_874657c3979a5ceecde2a1aa,d77b38ac7e6a2194e8eae30adca227dd8e292cefe2c590eb0768a7100675d7da,2020-10-06T00:00:00Z,2020-10-06T00:15:00Z,2020-10-06T00:16:00Z,development,long_signal,0,1225.27204548952,0,61.263602274476,no_action_disarmed,,
intent_b0bc86fe382c94e8c0ad0616,6cf89765f68be36cfa02a654ad27d161b99cfb2ac58b81d75d0d6c3ac7392e90,2020-10-07T00:00:00Z,2020-10-07T00:15:00Z,2020-10-07T00:16:00Z,development,long_signal,0,1225.27204548952,0,61.263602274476,no_action_disarmed,,
intent_37f0494c4808003ebc470eae,4bffefd9143267db6259be5ef5035522e966f8c51e44ae18decc6c99159b0e81,2020-10-08T00:00:00Z,2020-10-08T00:15:00Z,2020-10-08T00:17:00Z,development,long_signal,0,1225.27204548952,0,61.263602274476,no_action_disarmed,,
intent_53c48324f3f3b77dfd16ae40,4f39af67887041cd3a48cc38708a65d4edb48a8a1eda04fa884069fe9d726137,2020-10-09T00:00:00Z,2020-10-09T00:15:00Z,2020-10-09T00:16:00Z,development,long_signal,0,1225.27204548952,0,61.263602274476,no_action_disarmed,,
intent_d7f3c1142b321ede1d89e652,f68e39b02ea72081c50a5218ca68e42803e8bda1d46412c3bcf1d104ec23a576,2020-10-10T00:00:00Z,2020-10-10T00:15:00Z,2020-10-10T00:16:00Z,development,long_signal,0,1225.27204548952,0,61.263602274476,no_action_disarmed,,
intent_3d0ffce00d0fa1c761f3f306,1143681970f31cf690cd8f365f95a0c327abe3fe297402b3154dbc8a33cf1368,2020-10-11T00:00:00Z,2020-10-11T00:15:00Z,2020-10-11T00:17:00Z,development,long_signal,0,1225.27204548952,0,61.263602274476,no_action_disarmed,,
intent_df42042b95e8e1a2fee48a0d,53d2c7a6952ed75f38aeb4fb9e3ac3edfe9a6f9380c43529df3387d71cbe2260,2020-10-12T00:00:00Z,2020-10-12T00:15:00Z,2020-10-12T00:19:00Z,development,long_signal,0,1225.27204548952,0,61.263602274476,no_action_disarmed,,
intent_2f35d3d90f1bcf4785f9ece8,2f08491c50e3fb049bd651f819aa49219679890698cb74bbcef06bb68af62e3b,2020-10-13T00:00:00Z,2020-10-13T00:15:00Z,2020-10-13T00:16:00Z,development,long_signal,0,1225.27204548952,0,61.263602274476,no_action_disarmed,,
intent_af7ccdc225917ee981d319f9,63cab976cd30549dc0143000805085b07c900d124fb6deee5e4122a89c316af9,2020-10-14T00:00:00Z,2020-10-14T00:15:00Z,2020-10-14T00:18:00Z,development,long_signal,0,1225.27204548952,0,61.263602274476,no_action_disarmed,,
intent_0a9a9457b042680c51163ed8,c0c561eb44b736a2c2980cbb7e73772b175f5f335cfb66ee059ac1275a75aa7a,2020-10-15T00:00:00Z,2020-10-15T00:15:00Z,2020-10-15T00:19:00Z,development,long_signal,0,1225.27204548952,0,61.263602274476,no_action_disarmed,,
intent_1a5dc3cd7acccef1887e8bd5,7b6ad5228d7ff968eae0bb52356fe810823ec9b021372ec2da0e4564f8b3b6cc,2020-10-16T00:00:00Z,2020-10-16T00:15:00Z,2020-10-16T00:16:00Z,development,long_signal,0,1225.27204548952,0,61.263602274476,no_action_disarmed,,
intent_2557438840689c24e94bf708,0209f9c733f35ea2a58cac91ebc0e2c9f413d55d3f1dd81945cf0ea185dd7a0b,2020-10-17T00:00:00Z,2020-10-17T00:15:00Z,2020-10-17T00:19:00Z,development,long_signal,0,1225.27204548952,0,61.263602274476,no_action_disarmed,,
intent_8bbcd3ab73929fe62b9f9dd9,adc2f802cd74459212e0687dcd4c6af873bbba3b003a2b02563eac446a1ab330,2020-10-18T00:00:00Z,2020-10-18T00:15:00Z,2020-10-18T00:18:00Z,development,long_signal,0,1225.27204548952,0,61.263602274476,no_action_disarmed,,
intent_1033d7a435e51ede25e174ab,79a378181074bd481f2c7d00184886b1e69a5cc28155c117e96c8b451bfccefd,2020-10-19T00:00:00Z,2020-10-19T00:15:00Z,2020-10-19T00:17:00Z,development,long_signal,0,1225.27204548952,0,61.263602274476,no_action_disarmed,,
intent_a4ceda5acebae935571b1373,490c24c96e961eae45789bdbd3077bede99b657dabfe0adc1b534dd9978eac12,2020-10-20T00:00:00Z,2020-10-20T00:15:00Z,2020-10-20T00:19:00Z,development,long_signal,0,1225.27204548952,0,61.263602274476,no_action_disarmed,,
intent_90f1e7cb76ec820c1b684e7a,888b1552c40c16dc00854e34937b0fcece31dea736ee7562a58b143a8640b25f,2020-10-21T00:00:00Z,2020-10-21T00:15:00Z,2020-10-21T00:16:00Z,development,long_signal,0,1225.27204548952,0,61.263602274476,no_action_disarmed,,
intent_a865d84a461a4f49dba7771e,cddfcbdefdafb0e7a119b738505aa475207c4c61ec621d1a7417480c2a11e4e8,2020-10-22T00:00:00Z,2020-10-22T00:15:00Z,2020-10-22T00:16:00Z,development,long_signal,0,1225.27204548952,0,61.263602274476,no_action_disarmed,,
intent_1746886474e58bd851b57475,a5daf5791202f0ed626bcb37216e64ca625dd71abbeab25d013266195d972371,2020-10-23T00:00:00Z,2020-10-23T00:15:00Z,2020-10-23T00:16:00Z,development,long_signal,0,1225.27204548952,0,61.263602274476,no_action_disarmed,,
intent_a79ef74659d9f69d420592ee,4b478a3e0817224bafca17d6ef26ffdfca0688e818a115fe2e90614bfa0cc295,2020-10-24T00:00:00Z,2020-10-24T00:15:00Z,2020-10-24T00:16:00Z,development,long_signal,0,1225.27204548952,0,61.263602274476,no_action_disarmed,,
intent_07036285c21bca1a018a1890,bd7aed0c1c1419c6dbc1534e824af4aff7e158ac84a2ac7810117a4f926236d3,2020-10-25T00:00:00Z,2020-10-25T00:15:00Z,2020-10-25T00:15:00Z,development,long_signal,0,1225.27204548952,0,61.263602274476,no_fill_reference_unavailable,,
intent_4699c229fe168c80c799a598,6ba3c001562388fecc66ab850359be7122460bcd11987717cf414cb645534880,2020-10-26T00:00:00Z,2020-10-26T00:15:00Z,2020-10-26T00:16:00Z,development,long_signal,0,1225.27204548952,0,61.263602274476,no_action_disarmed,,
intent_ed59bd20a0f7ce8729e54968,348e223669777f6100a8e6850c35b14d3366e112ef02f94911ab7c92d5841917,2020-10-27T00:00:00Z,2020-10-27T00:15:00Z,2020-10-27T00:16:00Z,development,long_signal,0,1225.27204548952,0,61.263602274476,no_action_disarmed,,
intent_1fdc6c909c1591c3ae9791ab,f98e0ae9498a5120dd45688cdf344bd3bfa02194f376735fbd693f8c01cab36e,2020-10-28T00:00:00Z,2020-10-28T00:15:00Z,2020-10-28T00:16:00Z,development,long_signal,0,1225.27204548952,0,61.263602274476,no_action_disarmed,,
intent_12325debb42dc86923edd951,64419b93d99c889d913475ac6666ed03ecfecf318f69bc03f37eadc395058fa7,2020-10-29T00:00:00Z,2020-10-29T00:15:00Z,2020-10-29T00:18:00Z,development,long_signal,0,1225.27204548952,0,61.263602274476,no_action_disarmed,,
intent_104ded1e3dd65a51dd721669,783850250330cac27df02f0f1854092ee2bb255664c161bd2efc31fa33b97009,2020-10-30T00:00:00Z,2020-10-30T00:15:00Z,2020-10-30T00:16:00Z,development,long_signal,0,1225.27204548952,0,61.263602274476,no_action_disarmed,,
intent_f62d840bc8d9de84497b81e0,448847756c67757544376199b9d4f21af6870bb6f12b14b842c1b25344c8a526,2020-10-31T00:00:00Z,2020-10-31T00:15:00Z,2020-10-31T00:18:00Z,development,long_signal,0,1225.27204548952,0,61.263602274476,no_action_disarmed,,
intent_78345903e64e156ffca04190,2eead56ceaa3963b5075f51ee90ec21929c619491f04a975135911f95e3c78bb,2020-11-01T00:00:00Z,2020-11-01T00:15:00Z,2020-11-01T00:19:00Z,development,long_signal,0,1225.27204548952,0,61.263602274476,no_action_disarmed,,
intent_70619b3ef299d7b0620b54ff,611452850449c1ebb2d58b1b4ba76aec347c48b5b2f3932be693869397dc5dcd,2020-11-02T00:00:00Z,2020-11-02T00:15:00Z,2020-11-02T00:16:00Z,development,long_signal,0,1225.27204548952,0,61.263602274476,no_action_disarmed,,
intent_daf492a3135b889bc5cbbc9e,294fa710828f70604e7d129864086bb6037c101f424ac7878710c338e4cc37d7,2020-11-03T00:00:00Z,2020-11-03T00:15:00Z,2020-11-03T00:20:00Z,development,long_signal,0,1225.27204548952,0,61.263602274476,no_action_disarmed,,
intent_fe4bbc23a57a10c86595d180,4575d54f780f1af73304b2de5803f2a5f9ec788da159edab6d2d61d1845406e2,2020-11-04T00:00:00Z,2020-11-04T00:15:00Z,2020-11-04T00:16:00Z,development,long_signal,0,1225.27204548952,0,61.263602274476,no_action_disarmed,,
intent_721d944947a39cfba9c25a57,2379aaa10c58602e5d577eb28bcad9f7be81a18176e5d843e4a241e599e99e2a,2020-11-05T00:00:00Z,2020-11-05T00:15:00Z,2020-11-05T00:16:00Z,development,long_signal,0,1225.27204548952,0,61.263602274476,no_action_disarmed,,
intent_02ab5ea409053896ba326a99,f0f0c196901149905c0b278fa7a04f706ffb8b9f53309908d531006ec22fa1ea,2020-11-06T00:00:00Z,2020-11-06T00:15:00Z,2020-11-06T00:17:00Z,development,long_signal,0,1225.27204548952,0,61.263602274476,no_action_disarmed,,
intent_833a83d19184515fdd1755cf,3e963e3b1ca0eb221f7d67cb7c43928eb75f5366e4ceee3f45c1cad8fe884a74,2020-11-07T00:00:00Z,2020-11-07T00:15:00Z,2020-11-07T00:19:00Z,development,long_signal,0,1225.27204548952,0,61.263602274476,no_action_disarmed,,
intent_900f3116ab8017c9ec264c58,c7eb93157c2f78a511814e2d449e494d6e199ccf5d56c3c145ee78db78df4750,2020-11-08T00:00:00Z,2020-11-08T00:15:00Z,2020-11-08T00:17:00Z,development,long_signal,0,1225.27204548952,0,61.263602274476,no_action_disarmed,,
intent_559ca988c322a9157af664e2,dfefa7f7b38ea279be1be9e0a3c0d12d45258da0371d9f607081c1399f3491db,2020-11-09T00:00:00Z,2020-11-09T00:15:00Z,2020-11-09T00:15:00Z,development,long_signal,0,1225.27204548952,0,61.263602274476,no_fill_reference_unavailable,,
intent_98c29dbf2597ea190e1f741c,af17a0cbc9881264fa8083069c7740d7604863f000350b826daf2d18c63d7b4c,2020-11-10T00:00:00Z,2020-11-10T00:15:00Z,2020-11-10T00:19:00Z,development,long_signal,0,1225.27204548952,0,61.263602274476,no_action_disarmed,,
intent_09efb69e33163bcc1546cd95,8a2528d9e1385da39bf7bcbeb13782147548286be4f1f01c3a589a2a8a9ba31c,2020-11-11T00:00:00Z,2020-11-11T00:15:00Z,2020-11-11T00:18:00Z,development,long_signal,0,1225.27204548952,0,61.263602274476,no_action_disarmed,,
intent_a8015ce9bd09c208c747ca0c,b3e579db3b61244e8486f9aef6e43bf95a2f26f19f2fcb533383b05ee01b1578,2020-11-12T00:00:00Z,2020-11-12T00:15:00Z,2020-11-12T00:16:00Z,development,long_signal,0,1225.27204548952,0,61.263602274476,no_action_disarmed,,
intent_b3b195d2910d3a9ff6fcb937,527fcce08dad4ac0b772f73e76188c7fb5aec1523cb6cfae6d55869772874028,2020-11-13T00:00:00Z,2020-11-13T00:15:00Z,2020-11-13T00:16:00Z,development,long_signal,0,1225.27204548952,0,61.263602274476,no_action_disarmed,,
intent_ee37011f2cc3b46c1e35aaf0,d605e6698691cc395c5c36974a14a74c2a4f6c0f300ef4eb7addca57566bc500,2020-11-14T00:00:00Z,2020-11-14T00:15:00Z,2020-11-14T00:16:00Z,development,long_signal,0,1225.27204548952,0,61.263602274476,no_action_disarmed,,
intent_8314c7d81dafde18016b543e,75e7bbb21c4f98641ac3beadbd1de254ddeab7d4231079b13b0692d5b9fd3d25,2020-11-15T00:00:00Z,2020-11-15T00:15:00Z,2020-11-15T00:16:00Z,development,long_signal,0,1225.27204548952,0,61.263602274476,no_action_disarmed,,
intent_6872e94f3bff982095d0f86f,bd871afbd637e9da197d18b0a1eafba547ac1dec97a1a0e9ffba9d4039d3b1dd,2020-11-16T00:00:00Z,2020-11-16T00:15:00Z,2020-11-16T00:15:00Z,development,long_signal,0,1225.27204548952,0,61.263602274476,no_fill_reference_unavailable,,
intent_5fd9060dc2c62dabe7a640c7,f7b7eff9b5db71e2233a994ada02c21e265209f7d0f3f2caf46a3b92d7d8582c,2020-11-17T00:00:00Z,2020-11-17T00:15:00Z,2020-11-17T00:19:00Z,development,long_signal,0,1225.27204548952,0,61.263602274476,no_action_disarmed,,
intent_307374646c9c62ff245854c9,65cda17760b3be5829624de0abd05c54ba5018ce69f7165b9772439e22e20fb1,2020-11-18T00:00:00Z,2020-11-18T00:15:00Z,2020-11-18T00:16:00Z,development,long_signal,0,1225.27204548952,0,61.263602274476,no_action_disarmed,,
intent_b8d09b1b9af37ffb29634897,fa8406e9dd2e95da6a09fbf2d433304f28ab3061e3a6d7525630d0788d3c0186,2020-11-19T00:00:00Z,2020-11-19T00:15:00Z,2020-11-19T00:16:00Z,development,long_signal,0,1225.27204548952,0,61.263602274476,no_action_disarmed,,
intent_669634bc9ce0def82ea10966,6895add5f97653bd29bf306fc48758e2132fb7d4679964bd13e1406f211a9d51,2020-11-20T00:00:00Z,2020-11-20T00:15:00Z,2020-11-20T00:15:00Z,development,long_signal,0,1225.27204548952,0,61.263602274476,no_fill_reference_unavailable,,
intent_dbe319d361b5c3f83c7a566d,19800122c8b85498bf4fda3f58717af0beb428d4775010decca02e1eee0e666d,2020-11-21T00:00:00Z,2020-11-21T00:15:00Z,2020-11-21T00:16:00Z,development,long_signal,0,1225.27204548952,0,61.263602274476,no_action_disarmed,,
intent_e01afe7d61a0da1b81a20ca0,ce9ab94278693690ebe8d87c330899b5966c24fc40cc58ac3f16bb487293ff35,2020-11-22T00:00:00Z,2020-11-22T00:15:00Z,2020-11-22T00:16:00Z,development,long_signal,0,1225.27204548952,0,61.263602274476,no_action_disarmed,,
intent_f6b64159818691303099d518,2a328979c3ea3c7facce062efa3ccb8fb95f1b89b99fbc6321a4b61c391ee9f2,2020-11-23T00:00:00Z,2020-11-23T00:15:00Z,2020-11-23T00:17:00Z,development,long_signal,0,1225.27204548952,0,61.263602274476,no_action_disarmed,,
intent_6772d1882f2d5221fdb882d0,f7ba4a06a849fb9861567fc59c5137994fc63904c853354f2d6080f4fe1aac46,2020-11-24T00:00:00Z,2020-11-24T00:15:00Z,2020-11-24T00:16:00Z,development,long_signal,0,1225.27204548952,0,61.263602274476,no_action_disarmed,,
intent_a63ed308ee9e97b1b3b7bedd,b6a65065074194ca55acbb240f1352a19dee93633932854703a287990ea4086a,2020-11-25T00:00:00Z,2020-11-25T00:15:00Z,2020-11-25T00:16:00Z,development,long_signal,0,1225.27204548952,0,61.263602274476,no_action_disarmed,,
intent_dd17c65b0c5b46074fb66786,0b65abfd824755f1f74620695ce39bd77f72c45fc5e7d266a3ceff24c0319556,2020-11-26T00:00:00Z,2020-11-26T00:15:00Z,2020-11-26T00:17:00Z,development,long_signal,0,1225.27204548952,0,61.263602274476,no_action_disarmed,,
intent_fc8c6850ff2fd40695653bf6,c59b45336fb3bb921ca9a486afa7bd998d37b206178e8138adcdfffb36c953d6,2020-11-27T00:00:00Z,2020-11-27T00:15:00Z,2020-11-27T00:16:00Z,development,long_signal,0,1225.27204548952,0,61.263602274476,no_action_disarmed,,
intent_3394c65a6e6e98adbe58251e,7c59c96a4c3e77636da3ebf793c1d456e274bdaddc12d4237c55313918e2bbb0,2020-11-28T00:00:00Z,2020-11-28T00:15:00Z,2020-11-28T00:16:00Z,development,long_signal,0,1225.27204548952,0,61.263602274476,no_action_disarmed,,
intent_1a0ba84f60a8b98dfda7a015,c4edcbb27aa0ce64243a07213c0fcaf4febebe79d76c855d29aa950e9387959e,2020-11-29T00:00:00Z,2020-11-29T00:15:00Z,2020-11-29T00:17:00Z,development,long_signal,0,1225.27204548952,0,61.263602274476,no_action_disarmed,,
intent_e04a7321dbc975edeb69ff27,6b56ca321a087b7c351f8bfcec3de0a0368c793945e62619891e29c6c68bf987,2020-11-30T00:00:00Z,2020-11-30T00:15:00Z,2020-11-30T00:17:00Z,development,long_signal,0,1225.27204548952,0,61.263602274476,no_action_disarmed,,
intent_e1f49e76629dca2115b8a3ca,b101b55ce8881deaba313f5d40ec0c44fbcee4c9341b0f8e970a30b07f7ba330,2020-12-01T00:00:00Z,2020-12-01T00:15:00Z,2020-12-01T00:16:00Z,development,long_signal,0,1225.27204548952,0,61.263602274476,no_action_disarmed,,
intent_6881192f2a3847cfa86496dc,2f894131aea9222d2f63bb46fa34d7110bdbc4eb85499f16a421a572cf3d1127,2020-12-02T00:00:00Z,2020-12-02T00:15:00Z,2020-12-02T00:16:00Z,development,long_signal,0,1225.27204548952,0,61.263602274476,no_action_disarmed,,
intent_30c5ebd98acd38f9bee392bc,25e570e42982e9d487d3d461ac6e02f4147e1e97cfae78dbcbef421255da6229,2020-12-03T00:00:00Z,2020-12-03T00:15:00Z,2020-12-03T00:16:00Z,development,long_signal,0,1225.27204548952,0,61.263602274476,no_action_disarmed,,
intent_f09063c86c3929eea17ad9b4,db6ecab2ebc3c8db281a7756b30602fb4aa08bbde60c788a2351c2a526a4ea0f,2020-12-04T00:00:00Z,2020-12-04T00:15:00Z,2020-12-04T00:17:00Z,development,long_signal,0,1225.27204548952,0,61.263602274476,no_action_disarmed,,
intent_b39db2431cc6fb22ac82c185,d5efcc60847dbdb5626983dd706cd7ae8284ed8fe35590116dc6d45170943d00,2020-12-05T00:00:00Z,2020-12-05T00:15:00Z,2020-12-05T00:16:00Z,development,long_signal,0,1225.27204548952,0,61.263602274476,no_action_disarmed,,
intent_6b7ec3d9628ef28a699aaeb5,faa6ac68c25dbf330d2ba9d3cf3d1c5192ddffb8bb8e3879ce3b71911434f426,2020-12-06T00:00:00Z,2020-12-06T00:15:00Z,2020-12-06T00:17:00Z,development,long_signal,0,1225.27204548952,0,61.263602274476,no_action_disarmed,,
intent_37b2a1a8ca476f53be2eab8b,fc8dbef793bb1244a620e1b06f42a6d50205e37fa95f5ca40675c57e76d3a38d,2020-12-07T00:00:00Z,2020-12-07T00:15:00Z,2020-12-07T00:20:00Z,development,long_signal,0,1225.27204548952,0,61.263602274476,no_action_disarmed,,
intent_2cc38024981f00c1045360fe,74894525b7f2944a7610df4dfe81bbf32049aba210a82b51a19efceaa7206110,2020-12-08T00:00:00Z,2020-12-08T00:15:00Z,2020-12-08T00:16:00Z,development,long_signal,0,1225.27204548952,0,61.263602274476,no_action_disarmed,,
intent_772bf0d71f119c466bd0ad72,54fd65ef431057dba16a5a31d0bcb16556671294b83b85bed9103ce3211963ce,2020-12-09T00:00:00Z,2020-12-09T00:15:00Z,2020-12-09T00:16:00Z,development,long_signal,0,1225.27204548952,0,61.263602274476,no_action_disarmed,,
intent_d4461af25b3ca6e7e2a28a18,fb605d8c633b4c590e2aba43b322c31fd411feddbd0d42ef50634d0d8a9c800f,2020-12-10T00:00:00Z,2020-12-10T00:15:00Z,2020-12-10T00:16:00Z,development,long_signal,0,1225.27204548952,0,61.263602274476,no_action_disarmed,,
intent_261a677202f417b8f90ec1af,9902c340ea982c854d614185671d1db380a2253b36aa286b23f5e90bfdada9e4,2020-12-11T00:00:00Z,2020-12-11T00:15:00Z,2020-12-11T00:15:00Z,development,long_signal,0,1225.27204548952,0,61.263602274476,no_fill_reference_unavailable,,
intent_306447a4897bc03df0b0f71e,455bd4eef99d29c0d02a9013d011a4e156a549d974e8d9218aa6bfc2e67f8e75,2020-12-12T00:00:00Z,2020-12-12T00:15:00Z,2020-12-12T00:16:00Z,development,long_signal,0,1225.27204548952,0,61.263602274476,no_action_disarmed,,
intent_562a3bbb181c6109696c31de,b12d04c02e620ff23861b0480ebdb12a4f21da68073ae94b56954b31328405d1,2020-12-13T00:00:00Z,2020-12-13T00:15:00Z,2020-12-13T00:16:00Z,development,long_signal,0,1225.27204548952,0,61.263602274476,no_action_disarmed,,
intent_5b4e6fa4b26cfe71d757f243,67c940e50a3ad2e7bd1f65602046f2d3543d9267e336ac713f92d7bbf19fca8e,2020-12-14T00:00:00Z,2020-12-14T00:15:00Z,2020-12-14T00:16:00Z,development,long_signal,0,1225.27204548952,0,61.263602274476,no_action_disarmed,,
intent_b5e54cb53a8538066a106529,14f402a003d21d6126228d8a31f69ef39ecd910ffa9696ab497fea7e9b652583,2020-12-15T00:00:00Z,2020-12-15T00:15:00Z,2020-12-15T00:20:00Z,development,long_signal,0,1225.27204548952,0,61.263602274476,no_action_disarmed,,
intent_18f1d49e5f24dea983e46319,8ab53ecc61b0927379eb7600eeef54b3708a4207618766c06e4dec9fd3a2a805,2020-12-16T00:00:00Z,2020-12-16T00:15:00Z,2020-12-16T00:16:00Z,development,long_signal,0,1225.27204548952,0,61.263602274476,no_action_disarmed,,
intent_4c20ddde753bebca42a11edd,1efa97046cb85cdfd15b71e65bf5df01c2332c866c6266f4d1353f7c067f636c,2020-12-17T00:00:00Z,2020-12-17T00:15:00Z,2020-12-17T00:18:00Z,development,long_signal,0,1225.27204548952,0,61.263602274476,no_action_disarmed,,
intent_62e963c335622c05418d1871,01aa86094c98e1b31ed263b8e4ff4c419bf7f7ddcca16b2fe0fda34f12297f09,2020-12-18T00:00:00Z,2020-12-18T00:15:00Z,2020-12-18T00:16:00Z,development,long_signal,0,1225.27204548952,0,61.263602274476,no_action_disarmed,,
intent_000fca1aac26b54419f811c9,1438fb8d25eeb4b8cd54f9bc9023d5e0ede7402584be3b1eeca25811cd996975,2020-12-19T00:00:00Z,2020-12-19T00:15:00Z,2020-12-19T00:16:00Z,development,long_signal,0,1225.27204548952,0,61.263602274476,no_action_disarmed,,
intent_b9bea266eff9fe61d3edde2f,6366c0dcedecb6a38ea3a826611428c8f9902941cd0a8fe6b0efe11911132753,2020-12-20T00:00:00Z,2020-12-20T00:15:00Z,2020-12-20T00:17:00Z,development,long_signal,0,1225.27204548952,0,61.263602274476,no_action_disarmed,,
intent_a83bec8d9be6a9e940ca970d,f60b8398bde66e7a55e2ab9f50d0f1d59df18fd7a65c41599e4f4803ad1a7527,2020-12-21T00:00:00Z,2020-12-21T00:15:00Z,2020-12-21T00:20:00Z,development,long_signal,0,1225.27204548952,0,61.263602274476,no_action_disarmed,,
intent_e6c5db81ffbcde78fbc0da4c,7aaa095e864f515f04acde02c06d87b13b3642d599d329b5688acd2b2311bfab,2020-12-22T00:00:00Z,2020-12-22T00:15:00Z,2020-12-22T00:20:00Z,development,long_signal,0,1225.27204548952,0,61.263602274476,no_action_disarmed,,
intent_0a67441f8dc4c3dcc27e03e3,83d32a496c78684656a0655279e0449bc7bb191e85bd8cf43ca7d8db9cd2a36a,2020-12-23T00:00:00Z,2020-12-23T00:15:00Z,2020-12-23T00:17:00Z,development,long_signal,0,1225.27204548952,0,61.263602274476,no_action_disarmed,,
intent_ad02b19fb0b7745c2832feb1,b3604acdfa33d696861ca0a2057a6e98355e2108afc053298fa592f8745bdf28,2020-12-24T00:00:00Z,2020-12-24T00:15:00Z,2020-12-24T00:16:00Z,development,long_signal,0,1225.27204548952,0,61.263602274476,no_action_disarmed,,
intent_111f3b0460207e8ac5497d46,82183f95deef566bc99132ef86dc13c6189cf0b0aa2c8787b3bf708e3d22799b,2020-12-25T00:00:00Z,2020-12-25T00:15:00Z,2020-12-25T00:17:00Z,development,long_signal,0,1225.27204548952,0,61.263602274476,no_action_disarmed,,
intent_f10bd0c5b4a8d328bf444adb,78edf1ed3f46158a36f4ac17d538f2d91b18fff2e8a9230ab71d6ab2a2699f0d,2020-12-26T00:00:00Z,2020-12-26T00:15:00Z,2020-12-26T00:17:00Z,development,long_signal,0,1225.27204548952,0,61.263602274476,no_action_disarmed,,
intent_7e9d2bca276ea3b450f680ca,0b4e69a9ede925f730d0476f91ee3b1875f9ff3edc470243e2fc0b48f4765000,2020-12-27T00:00:00Z,2020-12-27T00:15:00Z,2020-12-27T00:16:00Z,development,long_signal,0,1225.27204548952,0,61.263602274476,no_action_disarmed,,
intent_c4a8b19410d744e8e84c54ce,fe06bbd7fb916578ef42061a5dc6f1b8fff5440d14680e9279d71b38fff8c970,2020-12-28T00:00:00Z,2020-12-28T00:15:00Z,2020-12-28T00:17:00Z,development,long_signal,0,1225.27204548952,0,61.263602274476,no_action_disarmed,,
intent_a6e17d45c9cce7a010be759c,7e79d9652c77bfd5e3953ceb230c297a3530612f259f912c3575e67b1fa9b05e,2020-12-29T00:00:00Z,2020-12-29T00:15:00Z,2020-12-29T00:16:00Z,development,long_signal,0,1225.27204548952,0,61.263602274476,no_action_disarmed,,
intent_a3111a11c842aea58489bcbc,3bff66b1060ead6d118322ed34440fe667eae8762cc2a078ed76dd796e9622df,2020-12-30T00:00:00Z,2020-12-30T00:15:00Z,2020-12-30T00:16:00Z,development,long_signal,0,1225.27204548952,0,61.263602274476,no_action_disarmed,,
intent_f9eb5b3ab44409510c5961e6,0240cddc9e4ed56d8b09863f5899cdce307801fb01aa36b7b536089a4992e121,2020-12-31T00:00:00Z,2020-12-31T00:15:00Z,2020-12-31T00:16:00Z,development,long_signal,0,1225.27204548952,0,61.263602274476,no_action_disarmed,,
intent_f8f50bd9fa23794652591368,490ab733a26c22451505cc008a0ac0a8fda46ceb0bc9485f60139c31db17a1ef,2021-01-01T00:00:00Z,2021-01-01T00:15:00Z,2021-01-01T00:17:00Z,development,long_signal,0,1225.27204548952,0,61.263602274476,no_action_disarmed,,
intent_f0355e62a55a3aa9b5e16535,9866481857b697d145f833b007d149a35c124168f26b09bf23580522969d1a0e,2021-01-02T00:00:00Z,2021-01-02T00:15:00Z,2021-01-02T00:17:00Z,development,long_signal,0,1225.27204548952,0,61.263602274476,no_action_disarmed,,
intent_e58818ad1835ed37ffcb276f,9ad27268eef227290600352b6722aad0d573a5227fa3cf21273e97e0d3bc32c9,2021-01-03T00:00:00Z,2021-01-03T00:15:00Z,2021-01-03T00:16:00Z,development,long_signal,0,1225.27204548952,0,61.263602274476,no_action_disarmed,,
intent_357df1ba2768315dd98795ec,94e69ac23866c85682cdef165eb6473c74d8aaca6ad3d8aa465632578cb840a5,2021-01-04T00:00:00Z,2021-01-04T00:15:00Z,2021-01-04T00:16:00Z,development,long_signal,0,1225.27204548952,0,61.263602274476,no_action_disarmed,,
intent_e888e25a97aef2cd80783257,383e8082e6606181797c978e9afccae717a891e9a31bb1a8e6ade1ec1f3d4528,2021-01-05T00:00:00Z,2021-01-05T00:15:00Z,2021-01-05T00:16:00Z,development,long_signal,0,1225.27204548952,0,61.263602274476,no_action_disarmed,,
intent_ff493eb41b3e3e1ff3caec87,7910b023ba050ef9bee4f4a0453bf8814af055ac878453dd7d99db8b028bdcc8,2021-01-06T00:00:00Z,2021-01-06T00:15:00Z,2021-01-06T00:16:00Z,development,long_signal,0,1225.27204548952,0,61.263602274476,no_action_disarmed,,
intent_50fbf908a9e5f34af90fa754,dea1657b260fcd4f1c39235f80b1ee6f5afb4310b75a565e9aaf97326b0a83e0,2021-01-07T00:00:00Z,2021-01-07T00:15:00Z,2021-01-07T00:16:00Z,development,long_signal,0,1225.27204548952,0,61.263602274476,no_action_disarmed,,
intent_dcc625900f4a2aa9ba18a78c,49a9d561d8f7cb72ec6fe4640c296733f41ae92c90b30e32b716f29aa495666c,2021-01-08T00:00:00Z,2021-01-08T00:15:00Z,2021-01-08T00:16:00Z,development,long_signal,0,1225.27204548952,0,61.263602274476,no_action_disarmed,,
intent_8a5c5049904b847241b4ce93,dad19c3c38bc0f7b4806a5e9b0123b9b073e4715e492e7b16f05186628110655,2021-01-09T00:00:00Z,2021-01-09T00:15:00Z,2021-01-09T00:16:00Z,development,long_signal,0,1225.27204548952,0,61.263602274476,no_action_disarmed,,
intent_e8538ddf2f4bf3e5c22594a3,8f97c61c984bf2afd956d0ebad4def947f8a89224d7a51449fe4f089e4547d18,2021-01-10T00:00:00Z,2021-01-10T00:15:00Z,2021-01-10T00:16:00Z,development,long_signal,0,1225.27204548952,0,61.263602274476,no_action_disarmed,,
intent_0c132610ba4b90537985fe67,a2d8d77e78afd839931ea7521b61fab5c0ed3248450f25670f600e0f1feabe49,2021-01-11T00:00:00Z,2021-01-11T00:15:00Z,2021-01-11T00:20:00Z,development,long_signal,0,1225.27204548952,0,61.263602274476,no_action_disarmed,,
intent_9c1338b1f903c44201e29ccf,301ca5aebe76efb0fec8f55ad955ec3c9e9d0d8b703f9af163bc88ed3b08c350,2021-01-12T00:00:00Z,2021-01-12T00:15:00Z,2021-01-12T00:17:00Z,development,long_signal,0,1225.27204548952,0,61.263602274476,no_action_disarmed,,
intent_a2483710de5993043dbcd495,0eb6b9e53e780ca7b92b1924325cc9f0b71c94347cb02f3d18b333f150144226,2021-01-13T00:00:00Z,2021-01-13T00:15:00Z,2021-01-13T00:17:00Z,development,long_signal,0,1225.27204548952,0,61.263602274476,no_action_disarmed,,
intent_35a8a53181e2b1e5fe20cfba,e1902fa09292749502b5dd2c38052638a5feda17241787e2c0cf8099861ca372,2021-01-14T00:00:00Z,2021-01-14T00:15:00Z,2021-01-14T00:16:00Z,development,long_signal,0,1225.27204548952,0,61.263602274476,no_action_disarmed,,
intent_fc1feb72a10737eab6fb43cb,e8622252f47ab57905270a0a15a5865bef09d217451f242ba8b15b937630fef1,2021-01-15T00:00:00Z,2021-01-15T00:15:00Z,2021-01-15T00:16:00Z,development,long_signal,0,1225.27204548952,0,61.263602274476,no_action_disarmed,,
intent_787be09603b20e94b91a7d78,a5ea1adcb560ab396192f4a8e8b8baed0be1f2de4e0f773db2b5e40bdde476c3,2021-01-16T00:00:00Z,2021-01-16T00:15:00Z,2021-01-16T00:17:00Z,development,long_signal,0,1225.27204548952,0,61.263602274476,no_action_disarmed,,
intent_9fac1851eb74543124b1963b,6d71bbd6b3b29ac66ebdca6bf5393030c742f673b5bc5438880d605b1afcbf3d,2021-01-17T00:00:00Z,2021-01-17T00:15:00Z,2021-01-17T00:16:00Z,development,long_signal,0,1225.27204548952,0,61.263602274476,no_action_disarmed,,
intent_a8a05f7e882c098ae80116be,e6eb3c60945f9d52966dc9ff6fac4a266a1a06bf3645aa8d0d071842d4d357d2,2021-01-18T00:00:00Z,2021-01-18T00:15:00Z,2021-01-18T00:17:00Z,development,long_signal,0,1225.27204548952,0,61.263602274476,no_action_disarmed,,
intent_2dea5ffc6b790c482a57dfed,fcd8224b6f82fbd8790c12f5d4557710eb28ce7e11561257a235e3726d6db226,2021-01-19T00:00:00Z,2021-01-19T00:15:00Z,2021-01-19T00:16:00Z,development,long_signal,0,1225.27204548952,0,61.263602274476,no_action_disarmed,,
intent_b0c6705590c6f12cc7eeb8d4,46be7a08150a3adc4ea55265b219e3e1b0bdc0042d580029084b95580b39ff19,2021-01-20T00:00:00Z,2021-01-20T00:15:00Z,2021-01-20T00:16:00Z,development,long_signal,0,1225.27204548952,0,61.263602274476,no_action_disarmed,,
intent_128068264d2deef27cf90d40,51f32bdb70a44f776bc4ac141bde76f3bc2044e17c8499299f1eb05d12affc6b,2021-01-21T00:00:00Z,2021-01-21T00:15:00Z,2021-01-21T00:16:00Z,development,long_signal,0,1225.27204548952,0,61.263602274476,no_action_disarmed,,
intent_a2a483ebeb86f65c36ac1604,875b3d10f87fe004697f892677f261f2e3e0c272a3807fe49eeef5dc2e8db0dc,2021-01-22T00:00:00Z,2021-01-22T00:15:00Z,2021-01-22T00:18:00Z,development,long_signal,0,1225.27204548952,0,61.263602274476,no_action_disarmed,,
intent_6e528f9446843f694a0bed12,3ffab7601f041047ef288c2d14e086c4b21f78c2ed6672e12b36d803a02140c0,2021-01-23T00:00:00Z,2021-01-23T00:15:00Z,2021-01-23T00:16:00Z,development,long_signal,0,1225.27204548952,0,61.263602274476,no_action_disarmed,,
intent_664db04699fd0e22ccbabfe9,44e091452491412aded6fcf327967711c6bab423f1895ffd67d8edb74319e971,2021-01-24T00:00:00Z,2021-01-24T00:15:00Z,2021-01-24T00:17:00Z,development,long_signal,0,1225.27204548952,0,61.263602274476,no_action_disarmed,,
intent_bc487c27127e99a54bb4e994,784fc3d41e93514d01711772014512d8c9ae2a1d4b10e49bec98d56722c1f359,2021-01-25T00:00:00Z,2021-01-25T00:15:00Z,2021-01-25T00:16:00Z,development,long_signal,0,1225.27204548952,0,61.263602274476,no_action_disarmed,,
intent_c1a9ccd9ca42f223addb6f35,743b9af25ff6d2507f5fb393b6742b601b234d756635baf185491e1ffb6200ca,2021-01-26T00:00:00Z,2021-01-26T00:15:00Z,2021-01-26T00:16:00Z,development,long_signal,0,1225.27204548952,0,61.263602274476,no_action_disarmed,,
intent_860d3c4804f8a2ed86b21ab4,a334fa47298b7f3df3c8fb343887073a9f93f9585f14bbc7593e5c03f94b7991,2021-01-27T00:00:00Z,2021-01-27T00:15:00Z,2021-01-27T00:18:00Z,development,long_signal,0,1225.27204548952,0,61.263602274476,no_action_disarmed,,
intent_7693117bd3cc10cab15d8d67,46d43396b3b538b467731d3248569635a12c2a3da20987ca879e2b422da52c8f,2021-01-28T00:00:00Z,2021-01-28T00:15:00Z,2021-01-28T00:16:00Z,development,long_signal,0,1225.27204548952,0,61.263602274476,no_action_disarmed,,
intent_2ef50b179bc910b5cc4fef3e,5b23b59b529f74251744dfe51b8a2aa95df58776b8ce0f07e794e3b1a8d5f612,2021-01-29T00:00:00Z,2021-01-29T00:15:00Z,2021-01-29T00:16:00Z,development,long_signal,0,1225.27204548952,0,61.263602274476,no_action_disarmed,,
intent_14dcf6a7d288b876e0382dd8,e31ff26157a60a924c6f3d74045012ed015feb2e245b7d252582ffee59257dcb,2021-01-30T00:00:00Z,2021-01-30T00:15:00Z,2021-01-30T00:15:00Z,development,long_signal,0,1225.27204548952,0,61.263602274476,no_fill_reference_unavailable,,
intent_6f5a2c1e150fae7c9f81c429,f217ce8eefa8105454977e06b7480926cb2e4c419ec6d2f63b5e09fa2582515a,2021-01-31T00:00:00Z,2021-01-31T00:15:00Z,2021-01-31T00:16:00Z,development,long_signal,0,1225.27204548952,0,61.263602274476,no_action_disarmed,,
intent_8dd7bddd48dbc6dc9bbea2bf,fbdcacaf0b4d2d219b4e79545af9a4d359fbfdcd53f4c1844608163504f4f4ff,2021-02-01T00:00:00Z,2021-02-01T00:15:00Z,2021-02-01T00:16:00Z,development,long_signal,0,1225.27204548952,0,61.263602274476,no_action_disarmed,,
intent_d291a14b4faf48f86efd3e7e,97530bc58bffc0e95046349d462a49995031e20fd6038e278929640db38424c7,2021-02-02T00:00:00Z,2021-02-02T00:15:00Z,2021-02-02T00:16:00Z,development,long_signal,0,1225.27204548952,0,61.263602274476,no_action_disarmed,,
intent_f586693d9993bfe0c07a83cb,f1c2a55c1c47b43374d95d1cb316f4d61745bec8385b0efc06e9eaf6fdfe6d35,2021-02-03T00:00:00Z,2021-02-03T00:15:00Z,2021-02-03T00:16:00Z,development,long_signal,0,1225.27204548952,0,61.263602274476,no_action_disarmed,,
intent_f90bf7fa4125e42b379a26f3,c9e2f8698e14139aa3bc20b75edf0832d44be89338f3f55fb602bc34b77149da,2021-02-04T00:00:00Z,2021-02-04T00:15:00Z,2021-02-04T00:17:00Z,development,long_signal,0,1225.27204548952,0,61.263602274476,no_action_disarmed,,
intent_d764d4275a943e750680fc27,bc0bc45bb6e509d7ba54694606a603cbf1775a2d55d4ffc2b3ff719af0ab94e1,2021-02-05T00:00:00Z,2021-02-05T00:15:00Z,2021-02-05T00:17:00Z,development,long_signal,0,1225.27204548952,0,61.263602274476,no_action_disarmed,,
intent_dd29578eb0c71d17c3dbf40d,9672cca2d748a34651d17b9800008e385cfdfcbb1b632cff6ef77291c52493d7,2021-02-06T00:00:00Z,2021-02-06T00:15:00Z,2021-02-06T00:16:00Z,development,long_signal,0,1225.27204548952,0,61.263602274476,no_action_disarmed,,
intent_66d6d0c5cf3925a383c1d953,1f4e979101f8668a4774cf90862b1e6bb40b22423fc735f76b0fe888d139df71,2021-02-07T00:00:00Z,2021-02-07T00:15:00Z,2021-02-07T00:16:00Z,development,long_signal,0,1225.27204548952,0,61.263602274476,no_action_disarmed,,
intent_227d0f539e26c1eafef9c81b,48984588d52196fb4974d94bd73fec680a5360d52f54d0d2c459652ba2b512e3,2021-02-08T00:00:00Z,2021-02-08T00:15:00Z,2021-02-08T00:17:00Z,development,long_signal,0,1225.27204548952,0,61.263602274476,no_action_disarmed,,
intent_5e7d72c942c9914307685135,3ee0da70d9646403ea11d3d22731448e5805747e22d7f0ef44592368e7a6ab61,2021-02-09T00:00:00Z,2021-02-09T00:15:00Z,2021-02-09T00:16:00Z,development,long_signal,0,1225.27204548952,0,61.263602274476,no_action_disarmed,,
intent_249bbdac3332d2088c7773b4,70217a6ca235f7598f639db4f76f218bddd83d14bc7b7202f1243e6c036529ea,2021-02-10T00:00:00Z,2021-02-10T00:15:00Z,2021-02-10T00:16:00Z,development,long_signal,0,1225.27204548952,0,61.263602274476,no_action_disarmed,,
intent_fb11a7d4953465b65b5a4b8b,20393b3d07e6bd0d6718a3213c5c67916bec90d90093cfaa33325c0be8f475ed,2021-02-11T00:00:00Z,2021-02-11T00:15:00Z,2021-02-11T00:16:00Z,development,long_signal,0,1225.27204548952,0,61.263602274476,no_action_disarmed,,
intent_273fb1bd2c3db91e85e5ca28,2bdc221e10b9c504a98cd39bda290db7b1a12543092463e11de09a546f8ab56c,2021-02-12T00:00:00Z,2021-02-12T00:15:00Z,2021-02-12T00:16:00Z,development,long_signal,0,1225.27204548952,0,61.263602274476,no_action_disarmed,,
intent_03c44ac38b12c8296becfdfa,e5d8e76178b0c266cae00c99fc585943807ee4bbd9317c374bc1bd3e609c8c87,2021-02-13T00:00:00Z,2021-02-13T00:15:00Z,2021-02-13T00:16:00Z,development,long_signal,0,1225.27204548952,0,61.263602274476,no_action_disarmed,,
intent_a9831ba4fa1b825f52cebca7,ffd5c662abd969f2913b40386951a45844dc8f5b4d1af0a11daae7ac605d2781,2021-02-14T00:00:00Z,2021-02-14T00:15:00Z,2021-02-14T00:16:00Z,development,long_signal,0,1225.27204548952,0,61.263602274476,no_action_disarmed,,
intent_1183d7c21cafac581963c53c,a126f8097fad935618f5101c7d235922622010a5fb34a3079cf710e86912200c,2021-02-15T00:00:00Z,2021-02-15T00:15:00Z,2021-02-15T00:16:00Z,development,long_signal,0,1225.27204548952,0,61.263602274476,no_action_disarmed,,
intent_60abc197ec4c51fb5604e7f7,5cba26ae529fcf38e35dc35c24be03328449d82dab3b2ea50c9736c1278bee70,2021-02-16T00:00:00Z,2021-02-16T00:15:00Z,2021-02-16T00:16:00Z,development,long_signal,0,1225.27204548952,0,61.263602274476,no_action_disarmed,,
intent_88b97798ec3fb08efdd383ba,29d44a896fdd49cdd24b20ef5250bd86d632a8ea89407764eaa6acbf75feaaec,2021-02-17T00:00:00Z,2021-02-17T00:15:00Z,2021-02-17T00:18:00Z,development,long_signal,0,1225.27204548952,0,61.263602274476,no_action_disarmed,,
intent_8f4d76cdbc54a77787f0f2e3,04c36d2e677dc2f529f4378ca5037f157cb4207eb752e7470d94957104405588,2021-02-18T00:00:00Z,2021-02-18T00:15:00Z,2021-02-18T00:16:00Z,development,long_signal,0,1225.27204548952,0,61.263602274476,no_action_disarmed,,
intent_342f765e6029427df9733b66,061d4759e413b44a1729a2f4f8dc6cfdaa33919f7600ae632655f695f6d1229e,2021-02-19T00:00:00Z,2021-02-19T00:15:00Z,2021-02-19T00:16:00Z,development,long_signal,0,1225.27204548952,0,61.263602274476,no_action_disarmed,,
intent_88f6752142a48e2e01e8bcad,882a15f7ca4a78989855539e514209712807ad9099deb008118946038fc4c30f,2021-02-20T00:00:00Z,2021-02-20T00:15:00Z,2021-02-20T00:16:00Z,development,long_signal,0,1225.27204548952,0,61.263602274476,no_action_disarmed,,
intent_952941d48bd0d04352991aa2,506b402ba07f145f26c9b60d0449c4f2e796384c14b463fea994771cc1c1ff78,2021-02-21T00:00:00Z,2021-02-21T00:15:00Z,2021-02-21T00:16:00Z,development,long_signal,0,1225.27204548952,0,61.263602274476,no_action_disarmed,,
intent_4fa399aa76ebb32484e8bc56,939b43d9368319dc956a6620c73a19fdb13699228bf498919ea5b5f81df7be0c,2021-02-22T00:00:00Z,2021-02-22T00:15:00Z,2021-02-22T00:16:00Z,development,long_signal,0,1225.27204548952,0,61.263602274476,no_action_disarmed,,
intent_5d50a82a8b920692dbc2f901,2d28ece1f310605798dd6446b6fe49188acedbf8bfaecfa101c6ca4762950be7,2021-02-23T00:00:00Z,2021-02-23T00:15:00Z,2021-02-23T00:16:00Z,development,long_signal,0,1225.27204548952,0,61.263602274476,no_action_disarmed,,
intent_3267d645406d708b2d8bab11,568b58dac5e0e6bb21647c4910aee67c14c9e3d9bece7ac003b70245bd4310e5,2021-02-24T00:00:00Z,2021-02-24T00:15:00Z,2021-02-24T00:16:00Z,development,long_signal,0,1225.27204548952,0,61.263602274476,no_action_disarmed,,
intent_8deedb3bdba0ac4b5e1b67fb,2ce64d3f71f1f9da25cd6958312908a8b9da3c737f38c1b0f71732a02ee2caef,2021-02-25T00:00:00Z,2021-02-25T00:15:00Z,2021-02-25T00:16:00Z,development,long_signal,0,1225.27204548952,0,61.263602274476,no_action_disarmed,,
intent_25f79f531f68b2b8c52d70d2,31ed9cce1c32d88bced6de3eef4085e6dca21a6e1e4dbc80638c219475a3bfb2,2021-02-26T00:00:00Z,2021-02-26T00:15:00Z,2021-02-26T00:16:00Z,development,long_signal,0,1225.27204548952,0,61.263602274476,no_action_disarmed,,
intent_c4c860cca26e7adb1dfa1b25,87025b2fede8d20cbc63249923c96f65bfc29edf7094197f777c471a67b3ee84,2021-02-27T00:00:00Z,2021-02-27T00:15:00Z,2021-02-27T00:18:00Z,development,long_signal,0,1225.27204548952,0,61.263602274476,no_action_disarmed,,
intent_2eeee647126697a28d48c1ca,09176fdeeae3fac4d8a77a84580eb82ed29e6f9b777b3408832a591d1289505d,2021-02-28T00:00:00Z,2021-02-28T00:15:00Z,2021-02-28T00:16:00Z,development,long_signal,0,1225.27204548952,0,61.263602274476,no_action_disarmed,,
intent_58162be2a85d944e7fdfe97e,a96e324d3e17d34eb23cb1623e80e65d825da09c2c6cf245098e251cbc287829,2021-03-01T00:00:00Z,2021-03-01T00:15:00Z,2021-03-01T00:16:00Z,development,long_signal,0,1225.27204548952,0,61.263602274476,no_action_disarmed,,
intent_7fa6942885852ad531ed4995,c01c51ca6cfefe49dd76849bc81ff6e6ffa106c196a67f4247ba593efa0d0c2c,2021-03-02T00:00:00Z,2021-03-02T00:15:00Z,2021-03-02T00:16:00Z,development,long_signal,0,1225.27204548952,0,61.263602274476,no_action_disarmed,,
intent_af3becf420dad9aefe925f45,755ff6a8e9cd78bc06e6df1eee2949c227d7de4308ef641c79d21aa6a1ebac0e,2021-03-03T00:00:00Z,2021-03-03T00:15:00Z,2021-03-03T00:16:00Z,development,long_signal,0,1225.27204548952,0,61.263602274476,no_action_disarmed,,
intent_e25449c0ccc5a5f93a45db0a,b9daa04bb1b2ce9c6a51204425957f6a8498c2a2bdd97b68507bc3d38118a261,2021-03-04T00:00:00Z,2021-03-04T00:15:00Z,2021-03-04T00:17:00Z,development,long_signal,0,1225.27204548952,0,61.263602274476,no_action_disarmed,,
intent_02f1edd6e78537e3a94a8720,821ab08858d01be9546ce727c5ec670066c99770120448e482d47306e77028f9,2021-03-05T00:00:00Z,2021-03-05T00:15:00Z,2021-03-05T00:16:00Z,development,long_signal,0,1225.27204548952,0,61.263602274476,no_action_disarmed,,
intent_47d881b2a37f465219a535e0,2aed55a4131e8f55cfd0b0573b9c50fa77f5510827549dd57c8cab1d9c363133,2021-03-06T00:00:00Z,2021-03-06T00:15:00Z,2021-03-06T00:17:00Z,development,long_signal,0,1225.27204548952,0,61.263602274476,no_action_disarmed,,
intent_4ffb830578c553ee0eddb63c,e6fe7946cedcec8c41b2b8a9d7f50edeca02783ca620eff3ed06bd640d4e812e,2021-03-07T00:00:00Z,2021-03-07T00:15:00Z,2021-03-07T00:17:00Z,development,long_signal,0,1225.27204548952,0,61.263602274476,no_action_disarmed,,
intent_6addf83c98adefccb4647c56,d6f7ec6b2b9514fa15e9d108d1c26087753cb335c7e944191bee3fb4f995a70c,2021-03-08T00:00:00Z,2021-03-08T00:15:00Z,2021-03-08T00:18:00Z,development,long_signal,0,1225.27204548952,0,61.263602274476,no_action_disarmed,,
intent_af3d6a7ed00cb200e96c2e5d,584d82b3c27251b68d41bd9e51ce6f1484bcf6fe86abfcffdd7f495d021ebb46,2021-03-09T00:00:00Z,2021-03-09T00:15:00Z,2021-03-09T00:16:00Z,development,long_signal,0,1225.27204548952,0,61.263602274476,no_action_disarmed,,
intent_83e8f67944b29e1274b86878,0d322ef16164cc585b8c9ed26af39ebe94e55603fd156acee44ab4adf76a08f1,2021-03-10T00:00:00Z,2021-03-10T00:15:00Z,2021-03-10T00:16:00Z,development,long_signal,0,1225.27204548952,0,61.263602274476,no_action_disarmed,,
intent_97dad05710f02e08060a2f8c,abf35e69ce150b0be7da552eeea8a759bbb6d79d77c1c562e3a0ae5948fa5bf9,2021-03-11T00:00:00Z,2021-03-11T00:15:00Z,2021-03-11T00:16:00Z,development,long_signal,0,1225.27204548952,0,61.263602274476,no_action_disarmed,,
intent_96bcd6ff6c13d3ef8cc7549e,26f4e6648815017f0828e33675f0e27213d2dc5221160a55eb3035fa5d370a78,2021-03-12T00:00:00Z,2021-03-12T00:15:00Z,2021-03-12T00:17:00Z,development,long_signal,0,1225.27204548952,0,61.263602274476,no_action_disarmed,,
intent_f7df61c021863f7ba23c4bb7,bef620c8eb9943e50c27bc63f78617149a8538c39746e14c7243479e8bfa251a,2021-03-13T00:00:00Z,2021-03-13T00:15:00Z,2021-03-13T00:17:00Z,development,long_signal,0,1225.27204548952,0,61.263602274476,no_action_disarmed,,
intent_2fbf3d7c6f6129e2e9130b62,15dfd0fdca951099d3ea5dbe4399dab6b090e4269d2569a59a3e0e08c540a364,2021-03-14T00:00:00Z,2021-03-14T00:15:00Z,2021-03-14T00:16:00Z,development,long_signal,0,1225.27204548952,0,61.263602274476,no_action_disarmed,,
intent_63ce93d7d92a9ce0516d310f,42a36f23be491089525179ffac63803270c45f87f464d1a6d3df5c9b700efd77,2021-03-15T00:00:00Z,2021-03-15T00:15:00Z,2021-03-15T00:16:00Z,development,long_signal,0,1225.27204548952,0,61.263602274476,no_action_disarmed,,
intent_216c84f832a76a8237fede6f,abb1754cd389ce60f525c632fae0441bd8e275b55cff9922505d460aa0193bde,2021-03-16T00:00:00Z,2021-03-16T00:15:00Z,2021-03-16T00:16:00Z,development,long_signal,0,1225.27204548952,0,61.263602274476,no_action_disarmed,,
intent_56e3d0ef401c58995f680584,00ae1163735808ea3bce0adf7c7d0ede38fd4a333554199d88968420bbea6914,2021-03-17T00:00:00Z,2021-03-17T00:15:00Z,2021-03-17T00:19:00Z,development,long_signal,0,1225.27204548952,0,61.263602274476,no_action_disarmed,,
intent_c6318859f2edb9310e0238ec,17200e29914ddb10420971591e0d3befa3de67875ad303716e0c532ab7835dd6,2021-03-18T00:00:00Z,2021-03-18T00:15:00Z,2021-03-18T00:16:00Z,development,long_signal,0,1225.27204548952,0,61.263602274476,no_action_disarmed,,
intent_a6c5897c0c6d1a82b15705d2,ccd7b7dd56a4b031b4e4804895d99028ff723c12bf2e0fa5a0fba6cae51345aa,2021-03-19T00:00:00Z,2021-03-19T00:15:00Z,2021-03-19T00:16:00Z,development,long_signal,0,1225.27204548952,0,61.263602274476,no_action_disarmed,,
intent_75263f1afc1b07e9d88ffa8a,789c711476c81cb289f7a295894e709683fa03b8f9f01f7bd48e3c80ab670c93,2021-03-20T00:00:00Z,2021-03-20T00:15:00Z,2021-03-20T00:17:00Z,development,long_signal,0,1225.27204548952,0,61.263602274476,no_action_disarmed,,
intent_332ea95699ad8631b7663c82,42c28932ef63218832e5c76868e03a87c1dc02408f4d7ac99308c8223b7dfdf2,2021-03-21T00:00:00Z,2021-03-21T00:15:00Z,2021-03-21T00:16:00Z,development,long_signal,0,1225.27204548952,0,61.263602274476,no_action_disarmed,,
intent_ecbbaf28d698663e9d9d9d97,b3d68cf873b88600f9b9ef8c2703e41043c679683fe894e6fef99847b10ab42d,2021-03-22T00:00:00Z,2021-03-22T00:15:00Z,2021-03-22T00:19:00Z,development,long_signal,0,1225.27204548952,0,61.263602274476,no_action_disarmed,,
intent_ad946ba0177846049ede0ce3,c5cbcb3c49755e368a6463f18862e62ca76aea76c51c02c5a4af31f1a5d9dfc5,2021-03-23T00:00:00Z,2021-03-23T00:15:00Z,2021-03-23T00:17:00Z,development,long_signal,0,1225.27204548952,0,61.263602274476,no_action_disarmed,,
intent_1b67be740922d458f79966bd,ca10402d8bd73744831f14fd7a0eb73923df6be7dc09b9912e9744fda2bc44bc,2021-03-24T00:00:00Z,2021-03-24T00:15:00Z,2021-03-24T00:16:00Z,development,long_signal,0,1225.27204548952,0,61.263602274476,no_action_disarmed,,
intent_1f350c690807d744a5a500e5,89c05de7db693dfb7c264f904931533da9d162ab743620e7de5313952b65e4a0,2021-03-25T00:00:00Z,2021-03-25T00:15:00Z,2021-03-25T00:17:00Z,development,long_signal,0,1225.27204548952,0,61.263602274476,no_action_disarmed,,
intent_00bffeaa97841aae2a66ec16,4380d641c901d2aa1901487dcf08c452cfee043cb879cdfdcb4cc5bc8896de1a,2021-03-26T00:00:00Z,2021-03-26T00:15:00Z,2021-03-26T00:16:00Z,development,long_signal,0,1225.27204548952,0,61.263602274476,no_action_disarmed,,
intent_e543f596632cb92bfe423fc9,85285ab2be01fe2b94d23939cc6105b14de2c582d04a1e484e0dd3ae279f727d,2021-03-27T00:00:00Z,2021-03-27T00:15:00Z,2021-03-27T00:16:00Z,development,long_signal,0,1225.27204548952,0,61.263602274476,no_action_disarmed,,
intent_020afe3bb3f50ab6a7fb949e,b5f8b445ae2d6b8e2af238ee60ea6bf06940e38c349496d841ab5135edd62415,2021-03-28T00:00:00Z,2021-03-28T00:15:00Z,2021-03-28T00:17:00Z,development,long_signal,0,1225.27204548952,0,61.263602274476,no_action_disarmed,,
intent_e8974309389c2b2c5e8c3d9a,f375cc804a3cf8a73d8d836d6469a098b2c5e89aafcd3b433ecf02ee3081e31b,2021-03-29T00:00:00Z,2021-03-29T00:15:00Z,2021-03-29T00:16:00Z,development,long_signal,0,1225.27204548952,0,61.263602274476,no_action_disarmed,,
intent_1af47ef63de69c4c6e131dc8,eec39e5390a3eb5fed1abb715f4eed93c806486241af2954b6786a806b28eea8,2021-03-30T00:00:00Z,2021-03-30T00:15:00Z,2021-03-30T00:17:00Z,development,long_signal,0,1225.27204548952,0,61.263602274476,no_action_disarmed,,
intent_901d3b0afa9cfdebc1dcbaa3,25e672c780fa6d600949a624af6d7e560d46669ff53cf64317c9f94df9acfff4,2021-03-31T00:00:00Z,2021-03-31T00:15:00Z,2021-03-31T00:17:00Z,development,long_signal,0,1225.27204548952,0,61.263602274476,no_action_disarmed,,
intent_1ee680cbd9866c94349648a6,8ae0f52492924696e9fe90fdfb576a23590f42c0e31abf000f5d4b5313046d1b,2021-04-01T00:00:00Z,2021-04-01T00:15:00Z,2021-04-01T00:15:00Z,development,long_signal,0,1225.27204548952,0,61.263602274476,no_fill_reference_unavailable,,
intent_2519967b139bb8b56ef02da9,073ef5b5debfa66ad7c5f640342419b59748ec3e4db3234f7b8b4d8086fa36ad,2021-04-02T00:00:00Z,2021-04-02T00:15:00Z,2021-04-02T00:16:00Z,development,long_signal,0,1225.27204548952,0,61.263602274476,no_action_disarmed,,
intent_d1db15fc393e046bb257a9be,b2130600bd1cacbd2bd07b58d5628f4a18a77a0b8c0e62a449eb197bb026eeca,2021-04-03T00:00:00Z,2021-04-03T00:15:00Z,2021-04-03T00:16:00Z,development,long_signal,0,1225.27204548952,0,61.263602274476,no_action_disarmed,,
intent_8d53b4bcc9ab30a7174643c9,3acf8b91478b57d997a60a056beb290d5aaf0612a5b6a1c5820eab1f340e3e8b,2021-04-04T00:00:00Z,2021-04-04T00:15:00Z,2021-04-04T00:18:00Z,development,long_signal,0,1225.27204548952,0,61.263602274476,no_action_disarmed,,
intent_c9622ab1f940b6c64e8f285a,ed0c96025db923e839a5a070b8377a23f38abaeddba42a8a5cfa3e5a9cd9f088,2021-04-05T00:00:00Z,2021-04-05T00:15:00Z,2021-04-05T00:17:00Z,development,long_signal,0,1225.27204548952,0,61.263602274476,no_action_disarmed,,
intent_eceb990d075d334406232af2,e8ea026fccd64c595c18fe378531874f141111bbbd74f2f747d99740cf4f125f,2021-04-06T00:00:00Z,2021-04-06T00:15:00Z,2021-04-06T00:17:00Z,development,long_signal,0,1225.27204548952,0,61.263602274476,no_action_disarmed,,
intent_bfa45c18729e9b2b0cd75068,e81e138e75bc5e40aff08561261842082673b82811f3dff5d524cd21f05b98d4,2021-04-07T00:00:00Z,2021-04-07T00:15:00Z,2021-04-07T00:17:00Z,development,long_signal,0,1225.27204548952,0,61.263602274476,no_action_disarmed,,
intent_cf6449c6e7ab2ba5b217c289,e3bba61244513d3597c4da1a05221e39ce26f5a90fd3efebc88203955704de9a,2021-04-08T00:00:00Z,2021-04-08T00:15:00Z,2021-04-08T00:16:00Z,development,long_signal,0,1225.27204548952,0,61.263602274476,no_action_disarmed,,
intent_77880a457fefe1eaf95404df,d565f3e8460e20421974f1fa88bfee76b27fce09cc086d7b20c0d75e3bd97564,2021-04-09T00:00:00Z,2021-04-09T00:15:00Z,2021-04-09T00:18:00Z,development,long_signal,0,1225.27204548952,0,61.263602274476,no_action_disarmed,,
intent_56020e83a10ac1d236c3536f,4c4ca10bb75c327c6a73d93a2f5779fc7f70956b4fc8d874fcc2d5bc76cd95bb,2021-04-10T00:00:00Z,2021-04-10T00:15:00Z,2021-04-10T00:18:00Z,development,long_signal,0,1225.27204548952,0,61.263602274476,no_action_disarmed,,
intent_9a16b8696e17fe819701e0d8,10d2a46a942a2eb359e52b7385b724c6c6a8bd1684b9af191d36b2735ff44716,2021-04-11T00:00:00Z,2021-04-11T00:15:00Z,2021-04-11T00:16:00Z,development,long_signal,0,1225.27204548952,0,61.263602274476,no_action_disarmed,,
intent_2f63ffe7ebf46894746f758f,7b7711778351cb629186bb9202a4197f700fba68ce993550f3cc426c45df6b27,2021-04-12T00:00:00Z,2021-04-12T00:15:00Z,2021-04-12T00:17:00Z,development,long_signal,0,1225.27204548952,0,61.263602274476,no_action_disarmed,,
intent_7b6f3a8db38c877c8d68d9d5,0724c968ce8955e2071d21d8825a3e27a52c4f054d16915a66c7647fabfaab47,2021-04-13T00:00:00Z,2021-04-13T00:15:00Z,2021-04-13T00:18:00Z,development,long_signal,0,1225.27204548952,0,61.263602274476,no_action_disarmed,,
intent_6bacf97a2bbc29c79b6ddd12,a8f470960220c572ddad3676a63bb60fae02baf009f0afdc4afbb8f2b8fea096,2021-04-14T00:00:00Z,2021-04-14T00:15:00Z,2021-04-14T00:16:00Z,development,long_signal,0,1225.27204548952,0,61.263602274476,no_action_disarmed,,
intent_edbfc474faaeb289242a4920,65b0f71006b36f805fc8ba83ef70731d0a5e0bb28691e5ad566f45b97ed81a2b,2021-04-15T00:00:00Z,2021-04-15T00:15:00Z,2021-04-15T00:16:00Z,development,long_signal,0,1225.27204548952,0,61.263602274476,no_action_disarmed,,
intent_a6dc559ffc34113456cc66f6,560d42ac1f52c126fec945264b81ed04b871c6a491154e3bfd6068507508e5b5,2021-04-16T00:00:00Z,2021-04-16T00:15:00Z,2021-04-16T00:19:00Z,development,long_signal,0,1225.27204548952,0,61.263602274476,no_action_disarmed,,
intent_b6c46c7c3f7c66d8914b15e3,c307f7b1ddae6ea269fce9cf7639e3d3ded74f2bbad9e7ef734e2b865d7ed8a8,2021-04-17T00:00:00Z,2021-04-17T00:15:00Z,2021-04-17T00:18:00Z,development,long_signal,0,1225.27204548952,0,61.263602274476,no_action_disarmed,,
intent_c92978153e43ca71e05806e6,4574278c185a22d501fbf17d1fe9c6fd7a1dec18c0012a8829d23817d917a67c,2021-04-18T00:00:00Z,2021-04-18T00:15:00Z,2021-04-18T00:17:00Z,development,long_signal,0,1225.27204548952,0,61.263602274476,no_action_disarmed,,
intent_2267fa64c79d4842354ae1ec,1354cd5bf582d33988563506d3353d2022e2ca2aa1d0c58ff6bfc1cd330955e4,2021-04-19T00:00:00Z,2021-04-19T00:15:00Z,2021-04-19T00:17:00Z,development,long_signal,0,1225.27204548952,0,61.263602274476,no_action_disarmed,,
intent_9bebe9656cbb86128ba241d0,eb7eaa715af94c66915257a1761fc167107e16379a00bf491c98dd70f9bb3ace,2021-04-20T00:00:00Z,2021-04-20T00:15:00Z,2021-04-20T00:16:00Z,development,long_signal,0,1225.27204548952,0,61.263602274476,no_action_disarmed,,
intent_677cfb41b8d8a5d93b7c552f,258e67f0d4572fb34ef785af66c84d708807e0d885343962f9b8a2781d1e9e7f,2021-04-21T00:00:00Z,2021-04-21T00:15:00Z,2021-04-21T00:16:00Z,development,long_signal,0,1225.27204548952,0,61.263602274476,no_action_disarmed,,
intent_294fb7792a8fb559b4fdd7b0,2631ff53f12969b8e66d11a906c11df9fee623d05c35dd442f90e58130c1cf84,2021-04-22T00:00:00Z,2021-04-22T00:15:00Z,2021-04-22T00:16:00Z,development,long_signal,0,1225.27204548952,0,61.263602274476,no_action_disarmed,,
intent_af53bcc66370b3563fa08e56,ce8286f03c0411c0b81ba3a9c5106450bcf26fca7f2b5e3a901e327d28e9310c,2021-04-23T00:00:00Z,2021-04-23T00:15:00Z,2021-04-23T00:16:00Z,development,long_signal,0,1225.27204548952,0,61.263602274476,no_action_disarmed,,
intent_5057219bc3879b60f2d8c3eb,60d67fa08c7ab0bd6e5f430d6e302c2ee1730bf87cdcf6b05fe6eb1d37f0fa29,2021-04-24T00:00:00Z,2021-04-24T00:15:00Z,2021-04-24T00:17:00Z,development,long_signal,0,1225.27204548952,0,61.263602274476,no_action_disarmed,,
intent_fa910e76ea358700f7d26dbd,8719909e09c56d1575a108e4a041ce3d0bd05bbc84a763480b7068f0457f2f2d,2021-04-25T00:00:00Z,2021-04-25T00:15:00Z,2021-04-25T00:17:00Z,development,long_signal,0,1225.27204548952,0,61.263602274476,no_action_disarmed,,
intent_9e65db30c7280ad285d2dfed,6ee1a9d0cd0732b5741c5def294993b0a4eb51988449531aaf7802af07cf6b9d,2021-04-26T00:00:00Z,2021-04-26T00:15:00Z,2021-04-26T00:16:00Z,development,long_signal,0,1225.27204548952,0,61.263602274476,no_action_disarmed,,
intent_06dfa003417d8bd74ccc5633,ca9d68a29221acfc8cb8bf14e424abf6c573bb70fdedcbba21e2c045178c7bc9,2021-04-27T00:00:00Z,2021-04-27T00:15:00Z,2021-04-27T00:16:00Z,development,long_signal,0,1225.27204548952,0,61.263602274476,no_action_disarmed,,
intent_88cf338e654bdd9cdf6b86f0,09c168a73fffb17bae6601940c202e09416712e486949d755f7bb3036b50f1bd,2021-04-28T00:00:00Z,2021-04-28T00:15:00Z,2021-04-28T00:16:00Z,development,long_signal,0,1225.27204548952,0,61.263602274476,no_action_disarmed,,
intent_2fa46c55458d273f2e390f75,e1eaf1421de696ca73392a6854e8c928a0e4fb80b8cafffd383f1ab68b63f58b,2021-04-29T00:00:00Z,2021-04-29T00:15:00Z,2021-04-29T00:18:00Z,development,long_signal,0,1225.27204548952,0,61.263602274476,no_action_disarmed,,
intent_091357f769b092d88560de23,6a48975fade321d83fb4c1fa0ff7e139401307ce79ad6a61f5d69842de9f5e24,2021-04-30T00:00:00Z,2021-04-30T00:15:00Z,2021-04-30T00:17:00Z,development,long_signal,0,1225.27204548952,0,61.263602274476,no_action_disarmed,,
intent_c9d735fb58fe6103415d62d8,06b2a61ce4ea5b965a9cb6b0013f3c59c1a3e518d6faffb7c3359e4877197cb1,2021-05-01T00:00:00Z,2021-05-01T00:15:00Z,2021-05-01T00:19:00Z,development,long_signal,0,1225.27204548952,0,61.263602274476,no_action_disarmed,,
intent_663389cf74b2c72f90e165a5,db4008f842acad061590c52af03ca36288fbd69e1b60ee77e562dfb8e16413a4,2021-05-02T00:00:00Z,2021-05-02T00:15:00Z,2021-05-02T00:17:00Z,development,long_signal,0,1225.27204548952,0,61.263602274476,no_action_disarmed,,
intent_e8e86ca818e6d9cea6f806a3,4ff3b78b33f85f1f471726a84a70f1720d485f7f5327bb3b78aff33e377ccbbb,2021-05-03T00:00:00Z,2021-05-03T00:15:00Z,2021-05-03T00:16:00Z,development,long_signal,0,1225.27204548952,0,61.263602274476,no_action_disarmed,,
intent_dea6c7eb8a325424fc0421e9,ef910ece0192d1a0f6453524cfbd96ad07a4fedf798164fbefa3a62494a672f6,2021-05-04T00:00:00Z,2021-05-04T00:15:00Z,2021-05-04T00:16:00Z,development,long_signal,0,1225.27204548952,0,61.263602274476,no_action_disarmed,,
intent_1bd8e224b34aacebb8dfd246,c22c61b74aaed116571453404da1240b40fa33933944356846ffeb94825db9ce,2021-05-05T00:00:00Z,2021-05-05T00:15:00Z,2021-05-05T00:16:00Z,development,long_signal,0,1225.27204548952,0,61.263602274476,no_action_disarmed,,
intent_4cf754afb9f9734dc6d800a3,3bffd73387bb2be4c2ac2794fa7a9d26ea480b66750c9ff98311829cb08897d2,2021-05-06T00:00:00Z,2021-05-06T00:15:00Z,2021-05-06T00:16:00Z,development,long_signal,0,1225.27204548952,0,61.263602274476,no_action_disarmed,,
intent_87038bab9bc0e951978cd700,18bb68a3b59a76643e3a1d367b65c3708323734af3d8b07da860a3afee2b8054,2021-05-07T00:00:00Z,2021-05-07T00:15:00Z,2021-05-07T00:16:00Z,development,long_signal,0,1225.27204548952,0,61.263602274476,no_action_disarmed,,
intent_a63897e1ef6b9e8b69b5a7bc,4b385b11844aed9617aa103adedfe4d58e710facf5e350a49fdd894f6c24036f,2021-05-08T00:00:00Z,2021-05-08T00:15:00Z,2021-05-08T00:16:00Z,development,long_signal,0,1225.27204548952,0,61.263602274476,no_action_disarmed,,
intent_0d9674c2af00b9f7b64e6b7f,71c363147e1a7ed5ec2797105a6a4e1ce43331e93648ce10e4a6d813ea87402a,2021-05-09T00:00:00Z,2021-05-09T00:15:00Z,2021-05-09T00:16:00Z,development,long_signal,0,1225.27204548952,0,61.263602274476,no_action_disarmed,,
intent_def0879230ce8c4965557c84,cbc5b66e309bd0079db27c41692663035a78a0dacbadaa7c27f8991702e40691,2021-05-10T00:00:00Z,2021-05-10T00:15:00Z,2021-05-10T00:18:00Z,development,long_signal,0,1225.27204548952,0,61.263602274476,no_action_disarmed,,
intent_684d866b698916ac56351e55,d16d453984025565ec3ef5dcedb3e09ccbd10d00ca2e755b8eda93fe1085e8b8,2021-05-11T00:00:00Z,2021-05-11T00:15:00Z,2021-05-11T00:16:00Z,development,long_signal,0,1225.27204548952,0,61.263602274476,no_action_disarmed,,
intent_680cf6dc004302a726f28326,e2697cb432a3476a9d587ae3ca72ca88ecfee6da6ed7e1eb9ca91259b701cd76,2021-05-12T00:00:00Z,2021-05-12T00:15:00Z,2021-05-12T00:17:00Z,development,long_signal,0,1225.27204548952,0,61.263602274476,no_action_disarmed,,
intent_9d0fe2b1ca83946a10748fe4,6054fd430b00a2593333ab7901e9edabf2cc7fdae72265f0eb3e052318c03631,2021-05-13T00:00:00Z,2021-05-13T00:15:00Z,2021-05-13T00:16:00Z,development,non_positive_momentum,0,1225.27204548952,0,61.263602274476,no_action_disarmed,,
intent_360a8fa3d1c7de0e559eaa62,b244efe5db658449871f0041f9b4b3545c98a58519698cb9cde02cfb802d8d9f,2021-05-14T00:00:00Z,2021-05-14T00:15:00Z,2021-05-14T00:18:00Z,development,non_positive_momentum,0,1225.27204548952,0,61.263602274476,no_action_disarmed,,
intent_5486b7ef12986d76503ddf3b,8161c5c349016d0611c747aa79269d311743e6eeebad148f4c7ba4de5bfa05ff,2021-05-15T00:00:00Z,2021-05-15T00:15:00Z,2021-05-15T00:16:00Z,development,long_signal,0,1225.27204548952,0,61.263602274476,no_action_disarmed,,
intent_a5b276bc263db86667915adb,c989b08771c1e1153ffff2df0f8820b1cec5e0740a13348aa20292ea5678c041,2021-05-16T00:00:00Z,2021-05-16T00:15:00Z,2021-05-16T00:17:00Z,development,non_positive_momentum,0,1225.27204548952,0,61.263602274476,no_action_disarmed,,
intent_1efc14f23901c2dfd917064c,1bd69ea52ab57c31e2aff649478e89973d29389a173f1d3ff93724762bf2dd07,2021-05-17T00:00:00Z,2021-05-17T00:15:00Z,2021-05-17T00:20:00Z,development,non_positive_momentum,0,1225.27204548952,0,61.263602274476,no_action_disarmed,,
intent_53be5e547f5cf8300f984f20,189f5d11a9ac73d890f2e4aa194f8c5a41d5275b65ce25139a9e24bd6f8955e3,2021-05-18T00:00:00Z,2021-05-18T00:15:00Z,2021-05-18T00:16:00Z,development,non_positive_momentum,0,1225.27204548952,0,61.263602274476,no_action_disarmed,,
intent_a713a2764b455899efb419cf,e0a48c83e3134281c42082583bdd4d703ebde943af8bac5640c7cae8d4033a18,2021-05-19T00:00:00Z,2021-05-19T00:15:00Z,2021-05-19T00:17:00Z,development,non_positive_momentum,0,1225.27204548952,0,61.263602274476,no_action_disarmed,,
intent_59953eed2637d65c6b07192e,4b27b089b92049f98ff647aa8e5049085782ab33cc328ef7b3a60bbd12f58f0a,2021-05-20T00:00:00Z,2021-05-20T00:15:00Z,2021-05-20T00:16:00Z,development,non_positive_momentum,0,1225.27204548952,0,61.263602274476,no_action_disarmed,,
intent_1dedc7a1c3fd9baa77191cf5,76ef118e78cb9c27ff33c7afe109a1ca97411a159bb5edc9a7fc81a7a29e14cf,2021-05-21T00:00:00Z,2021-05-21T00:15:00Z,2021-05-21T00:16:00Z,development,non_positive_momentum,0,1225.27204548952,0,61.263602274476,no_action_disarmed,,
intent_88d6994e755c5f052e402cf7,da572977c4f7c9fab4e9a20b49cffbbcb663be4a25b02949bd03531eb70b8e2b,2021-05-22T00:00:00Z,2021-05-22T00:15:00Z,2021-05-22T00:16:00Z,development,non_positive_momentum,0,1225.27204548952,0,61.263602274476,no_action_disarmed,,
intent_0800da6069c1c3a9324a49b1,d8ef263b7e6bcc1b1b748370df261f28af7f1099a40ea0582068b66d7a11a183,2021-05-23T00:00:00Z,2021-05-23T00:15:00Z,2021-05-23T00:16:00Z,development,non_positive_momentum,0,1225.27204548952,0,61.263602274476,no_action_disarmed,,
intent_1ff1402e90703766477c906f,31eb25ff47bb85ca86efc8859e8782e99b6e5d3faefcd01f3964e80f8ef5729e,2021-05-24T00:00:00Z,2021-05-24T00:15:00Z,2021-05-24T00:16:00Z,development,non_positive_momentum,0,1225.27204548952,0,61.263602274476,no_action_disarmed,,
intent_ce9921045a0839f64b572309,4646b9c762da5fafc07cbb81740015336ba0d4384d625a24a4fc960a0cf89d42,2021-05-25T00:00:00Z,2021-05-25T00:15:00Z,2021-05-25T00:18:00Z,development,non_positive_momentum,0,1225.27204548952,0,61.263602274476,no_action_disarmed,,
intent_e92a452211418bdaff878a47,64af32f2ac6c048daf74c739bbb6532f86cedd6e431bc6c691ee541af32bddb5,2021-05-26T00:00:00Z,2021-05-26T00:15:00Z,2021-05-26T00:16:00Z,development,non_positive_momentum,0,1225.27204548952,0,61.263602274476,no_action_disarmed,,
intent_5a7d17ee2545c4ba7d155109,3b045effc910ae1bc41da1ee075966f9c7f0d7401ed7f99149ab1a8efdeeaec4,2021-05-27T00:00:00Z,2021-05-27T00:15:00Z,2021-05-27T00:17:00Z,development,non_positive_momentum,0,1225.27204548952,0,61.263602274476,no_action_disarmed,,
intent_de22648ef59ed306182b5493,1d187ab23e53185c2390938ff1ae96dc468345a7deeea43d8bb91dea3a513b3b,2021-05-28T00:00:00Z,2021-05-28T00:15:00Z,2021-05-28T00:16:00Z,development,non_positive_momentum,0,1225.27204548952,0,61.263602274476,no_action_disarmed,,
intent_b93b9e82b8da24faf744b3a9,6132126c7b2a42b986e7888cc49ce374ed39ff0e0f4b2681ed65971f0fbab528,2021-05-29T00:00:00Z,2021-05-29T00:15:00Z,2021-05-29T00:18:00Z,development,non_positive_momentum,0,1225.27204548952,0,61.263602274476,no_action_disarmed,,
intent_3c0101839c902f558f12e6e6,6a1333de7c14f8cce278e50cfbc2424a0e8fc745dfab38067247465bae7c5ebf,2021-05-30T00:00:00Z,2021-05-30T00:15:00Z,2021-05-30T00:18:00Z,development,non_positive_momentum,0,1225.27204548952,0,61.263602274476,no_action_disarmed,,
intent_8b2b96fa3b9986e9c3b91580,a2c838509b69f9dbc96c8ce469845de70a3e9ff3697f71db9e67c61afec1b8bf,2021-05-31T00:00:00Z,2021-05-31T00:15:00Z,2021-05-31T00:16:00Z,development,non_positive_momentum,0,1225.27204548952,0,61.263602274476,no_action_disarmed,,
intent_da7b9ce7b2c82104375c9e14,1ad228d94f1ef6dc651d28ef8e1b9520eeb84b6ef57d9b05917f006dd033200e,2021-06-01T00:00:00Z,2021-06-01T00:15:00Z,2021-06-01T00:16:00Z,development,non_positive_momentum,0,1225.27204548952,0,61.263602274476,no_action_disarmed,,
intent_4ec0726fcd2ecab359217f8d,6131d788f917fd3520d0bf57f87c9d234edbda8075dbc066389d3a0843a6bbfd,2021-06-02T00:00:00Z,2021-06-02T00:15:00Z,2021-06-02T00:17:00Z,development,non_positive_momentum,0,1225.27204548952,0,61.263602274476,no_action_disarmed,,
intent_ab81197d5a79539c061020a6,4206109ed18f8590ff0ed0059cea46697d3a447738dd70e12120ae33071e9d61,2021-06-03T00:00:00Z,2021-06-03T00:15:00Z,2021-06-03T00:18:00Z,development,non_positive_momentum,0,1225.27204548952,0,61.263602274476,no_action_disarmed,,
intent_acf643072d58eb7ed0e78206,82189da081fe994399c61d66ff7355a77f1ed78ce86112ad8af713a0d763f473,2021-06-04T00:00:00Z,2021-06-04T00:15:00Z,2021-06-04T00:18:00Z,development,non_positive_momentum,0,1225.27204548952,0,61.263602274476,no_action_disarmed,,
intent_e22406acb2a7b64d0d7b6a19,30a0df5f14e605dee1023e512f537d5538c9e0cc3317809dec5e567649d28621,2021-06-05T00:00:00Z,2021-06-05T00:15:00Z,2021-06-05T00:16:00Z,development,non_positive_momentum,0,1225.27204548952,0,61.263602274476,no_action_disarmed,,
intent_db026d34ca1d34cf6c56790d,38ffc15f0d82199c2c534245d8a232aa62dd7a1f21cec12cf85ef6e932ee419a,2021-06-06T00:00:00Z,2021-06-06T00:15:00Z,2021-06-06T00:16:00Z,development,non_positive_momentum,0,1225.27204548952,0,61.263602274476,no_action_disarmed,,
intent_82f35b1ef67c5fb28f7da0ae,8ecdf71f276fdb48e50fa73f80d438f941b1fa2683ba1cbe9db95fbde8f41412,2021-06-07T00:00:00Z,2021-06-07T00:15:00Z,2021-06-07T00:16:00Z,development,non_positive_momentum,0,1225.27204548952,0,61.263602274476,no_action_disarmed,,
intent_89b836882aeea0d3189c1502,349b418f2f6b62fd23d6f426c78363d97c5068f54430c82c5c52e43abf728f0a,2021-06-08T00:00:00Z,2021-06-08T00:15:00Z,2021-06-08T00:16:00Z,development,non_positive_momentum,0,1225.27204548952,0,61.263602274476,no_action_disarmed,,
intent_a7f921391fe35dca676d6908,87006375d2695d7289b0a43818f78c14e71834ecf9a9da6837fd74cfb7186dfb,2021-06-09T00:00:00Z,2021-06-09T00:15:00Z,2021-06-09T00:18:00Z,development,non_positive_momentum,0,1225.27204548952,0,61.263602274476,no_action_disarmed,,
intent_0c56416627adb24da8c85a40,d904b926cb10dc177549b89c0ce49369f994128e8634e7283a6af593221e9364,2021-06-10T00:00:00Z,2021-06-10T00:15:00Z,2021-06-10T00:17:00Z,development,non_positive_momentum,0,1225.27204548952,0,61.263602274476,no_action_disarmed,,
intent_50b4fe3e18473f7e45875cc5,4f77f7fafda53be9a509cb020d424f3f2ca887b3e01ca260b130e4b29c932506,2021-06-11T00:00:00Z,2021-06-11T00:15:00Z,2021-06-11T00:17:00Z,development,non_positive_momentum,0,1225.27204548952,0,61.263602274476,no_action_disarmed,,
intent_d9fcc63924244bf10afa6739,35a6f6a6feaf9f77e8235e5be529a1aeed89a23cd9296b1a6c8df4a33c215898,2021-06-12T00:00:00Z,2021-06-12T00:15:00Z,2021-06-12T00:20:00Z,development,non_positive_momentum,0,1225.27204548952,0,61.263602274476,no_action_disarmed,,
intent_8a6cb0d7e0f9aacf95afdfb2,46dcc7ee889fd3af513b40e54bd4d3fc7f8797f8986c9f50ce097e16987ab669,2021-06-13T00:00:00Z,2021-06-13T00:15:00Z,2021-06-13T00:18:00Z,development,non_positive_momentum,0,1225.27204548952,0,61.263602274476,no_action_disarmed,,
intent_ea1303820c6ce69f5b02d4cb,f3f4985aa7edb4a8c84743e8444421c88ab1a561e4dc0df1f758749412a8260e,2021-06-14T00:00:00Z,2021-06-14T00:15:00Z,2021-06-14T00:16:00Z,development,non_positive_momentum,0,1225.27204548952,0,61.263602274476,no_action_disarmed,,
intent_b092ee0b006faf9919a75c09,faed39c5a732c819b5cb1f97ec00c0036cb5ed1fb943ceabff24e04cd89d8a7b,2021-06-15T00:00:00Z,2021-06-15T00:15:00Z,2021-06-15T00:16:00Z,development,non_positive_momentum,0,1225.27204548952,0,61.263602274476,no_action_disarmed,,
intent_c4b62f1141300c7e715e696c,5973c5b439c846bb046e4892ce98be722622bd1045faf9da56d6d8cbac016523,2021-06-16T00:00:00Z,2021-06-16T00:15:00Z,2021-06-16T00:17:00Z,development,non_positive_momentum,0,1225.27204548952,0,61.263602274476,no_action_disarmed,,
intent_f14689fae49bc2e6a505d81f,f2048f1d6e417d5459c1c159a7d41ec8fd94d99f6771342e9e1bc40b413b9dee,2021-06-17T00:00:00Z,2021-06-17T00:15:00Z,2021-06-17T00:20:00Z,development,non_positive_momentum,0,1225.27204548952,0,61.263602274476,no_action_disarmed,,
intent_8ac38b4173641b63e427c1d7,d50e4f0f28faf8d8036340bf39e27ea1e140b25e09176ebf63a5e77871c55a76,2021-06-18T00:00:00Z,2021-06-18T00:15:00Z,2021-06-18T00:16:00Z,development,non_positive_momentum,0,1225.27204548952,0,61.263602274476,no_action_disarmed,,
intent_be121a8b1551ef43932494de,921877d513d96a256cf37f49624f7e8a86143773b0ba0d9e582279bff8ced6c2,2021-06-19T00:00:00Z,2021-06-19T00:15:00Z,2021-06-19T00:16:00Z,development,non_positive_momentum,0,1225.27204548952,0,61.263602274476,no_action_disarmed,,
intent_0889377d8f6ce11a0441ead6,828530ca5f1e58ec2a88fbf2e6ab89dbf487198b94d59411b3d6e97bc482752e,2021-06-20T00:00:00Z,2021-06-20T00:15:00Z,2021-06-20T00:17:00Z,development,non_positive_momentum,0,1225.27204548952,0,61.263602274476,no_action_disarmed,,
intent_e8a4d8435939c8744f3276cc,5fb728099d229f966fd3a21b1aabe012437d9823e817121b2fe25efd07411450,2021-06-21T00:00:00Z,2021-06-21T00:15:00Z,2021-06-21T00:17:00Z,development,non_positive_momentum,0,1225.27204548952,0,61.263602274476,no_action_disarmed,,
intent_b6a28c0d8b583ec3988c31b8,e0316c65641ffb9bd75a43b9dd4225e083ad0350fed0d7a1f165398bdd804ee8,2021-06-22T00:00:00Z,2021-06-22T00:15:00Z,2021-06-22T00:17:00Z,development,non_positive_momentum,0,1225.27204548952,0,61.263602274476,no_action_disarmed,,
intent_71f43707d4657994a09f07d2,679ee08b3b4b83a67b7eff337d2466ab3d24f31f10d169a1767d76b1cd780e2c,2021-06-23T00:00:00Z,2021-06-23T00:15:00Z,2021-06-23T00:15:00Z,development,non_positive_momentum,0,1225.27204548952,0,61.263602274476,no_fill_reference_unavailable,,
intent_d430a77c17b0e89c28b4e1a4,dace392e7c245d9ecdca6b8683af2fd967ce37a579ef9e28dfe2124cbe8f3c8f,2021-06-24T00:00:00Z,2021-06-24T00:15:00Z,2021-06-24T00:20:00Z,development,non_positive_momentum,0,1225.27204548952,0,61.263602274476,no_action_disarmed,,
intent_cae2343a6c6378b8f9cb39f2,ae15c475f1471a4c57787fdf2303e284b7c678e85e7004d76d1feffac0a88f86,2021-06-25T00:00:00Z,2021-06-25T00:15:00Z,2021-06-25T00:16:00Z,development,non_positive_momentum,0,1225.27204548952,0,61.263602274476,no_action_disarmed,,
intent_4b5889f8d5dee3b3354f91e1,c36e1c5a9163abdcb1500e72f93aab27961305806dbd0d7e0d62b65fe0056312,2021-06-26T00:00:00Z,2021-06-26T00:15:00Z,2021-06-26T00:16:00Z,development,non_positive_momentum,0,1225.27204548952,0,61.263602274476,no_action_disarmed,,
intent_970256b921631768843a08c2,9393bb69f3ed4212eb85e45467bbdd3554368c2c7fdd8546b9e8bc89c8680c7c,2021-06-27T00:00:00Z,2021-06-27T00:15:00Z,2021-06-27T00:16:00Z,development,non_positive_momentum,0,1225.27204548952,0,61.263602274476,no_action_disarmed,,
intent_5e323cb56a62b21805031b9d,6cb22445d02c9df692b571c7ed1e76839143a3f5d0f0e110e27f33188327e538,2021-06-28T00:00:00Z,2021-06-28T00:15:00Z,2021-06-28T00:17:00Z,development,non_positive_momentum,0,1225.27204548952,0,61.263602274476,no_action_disarmed,,
intent_13b1786b4d7cce22b2f69bb4,baab2f04465df812f8d8a9b5f45210b6d1d2f96c0535e6af3378580a8bde41be,2021-06-29T00:00:00Z,2021-06-29T00:15:00Z,2021-06-29T00:16:00Z,development,non_positive_momentum,0,1225.27204548952,0,61.263602274476,no_action_disarmed,,
intent_a9d638832f068784557c29b4,7f82161bfb68b7fbd5616cc494b3a21e247f5cb192e7b26a37ece6afb4a76787,2021-06-30T00:00:00Z,2021-06-30T00:15:00Z,2021-06-30T00:16:00Z,development,non_positive_momentum,0,1225.27204548952,0,61.263602274476,no_action_disarmed,,
intent_407ddad379cd0e6e9c17d28c,1e316826d78930c5368f6853b8887fcdb0877bc5511126ea4b5ba181eeac213f,2021-07-01T00:00:00Z,2021-07-01T00:15:00Z,2021-07-01T00:16:00Z,development,non_positive_momentum,0,1225.27204548952,0,61.263602274476,no_action_disarmed,,
intent_3974067689c2a5869006ed2e,80b01f045214fde82882d9e4887973739ebaf0104881f1aa5688cb2c51ac78cb,2021-07-02T00:00:00Z,2021-07-02T00:15:00Z,2021-07-02T00:16:00Z,development,non_positive_momentum,0,1225.27204548952,0,61.263602274476,no_action_disarmed,,
intent_0a7690e4fbec966913395989,16d47e1318c0a81ec289b705d29bc2754159889152b54aa66695a5baee123628,2021-07-03T00:00:00Z,2021-07-03T00:15:00Z,2021-07-03T00:18:00Z,development,non_positive_momentum,0,1225.27204548952,0,61.263602274476,no_action_disarmed,,
intent_398fb660254d10791dba95cf,925f3243bf67c3dda21ae3cc6f0c07e4d12f0d8af7aeea75f77b0ab31f1d7582,2021-07-04T00:00:00Z,2021-07-04T00:15:00Z,2021-07-04T00:16:00Z,development,non_positive_momentum,0,1225.27204548952,0,61.263602274476,no_action_disarmed,,
intent_af616146ac2dd5fd576747b8,4cfbeb99d6cd0eb778a2e7e3a52513f71b04293491fc3221f58cd2ca72132d03,2021-07-05T00:00:00Z,2021-07-05T00:15:00Z,2021-07-05T00:17:00Z,development,non_positive_momentum,0,1225.27204548952,0,61.263602274476,no_action_disarmed,,
intent_d4ad6acbdf6fc172705fdf10,092a23334300baf02d2110c49a7850d5dce6e9483d174e1532a38b99108aa00d,2021-07-06T00:00:00Z,2021-07-06T00:15:00Z,2021-07-06T00:16:00Z,development,non_positive_momentum,0,1225.27204548952,0,61.263602274476,no_action_disarmed,,
intent_49dc99eedd0a639bedabd7a1,ff31cdc91e581ae39e1afd078e7477bd890a3eb1addff59bfd470b0dd46d776c,2021-07-07T00:00:00Z,2021-07-07T00:15:00Z,2021-07-07T00:16:00Z,development,non_positive_momentum,0,1225.27204548952,0,61.263602274476,no_action_disarmed,,
intent_209231ed8a35ef81f8d36e2f,a45a8fc44e2720f1ef27e61c5a6dea6a1277cc28e51966f83a8e843d407056fe,2021-07-08T00:00:00Z,2021-07-08T00:15:00Z,2021-07-08T00:16:00Z,development,non_positive_momentum,0,1225.27204548952,0,61.263602274476,no_action_disarmed,,
intent_1c22f3e9b62d9706e667640b,e13c2f5c2161ea4ea1344472a09a8cdc8d0db34c787255113de434104ae426da,2021-07-09T00:00:00Z,2021-07-09T00:15:00Z,2021-07-09T00:16:00Z,development,non_positive_momentum,0,1225.27204548952,0,61.263602274476,no_action_disarmed,,
intent_6a3e90aa93c123ac7f345fed,168f9a610f2abef0bf0e7ad586665f4a7d94f456be2ea158ac5ec178cb05b34d,2021-07-10T00:00:00Z,2021-07-10T00:15:00Z,2021-07-10T00:16:00Z,development,non_positive_momentum,0,1225.27204548952,0,61.263602274476,no_action_disarmed,,
intent_747f0dc15637af4bce12a183,f8443b996fae307f06d8e1fd451c9f66c60a6d34ca052727cac54642c21dbf97,2021-07-11T00:00:00Z,2021-07-11T00:15:00Z,2021-07-11T00:17:00Z,development,non_positive_momentum,0,1225.27204548952,0,61.263602274476,no_action_disarmed,,
intent_6b303389d1ebeb2e0cb4a310,ac2f83d13f57043602888257be75e2b09a9f2d2cafa61d3f09fa7397120a2164,2021-07-12T00:00:00Z,2021-07-12T00:15:00Z,2021-07-12T00:15:00Z,development,non_positive_momentum,0,1225.27204548952,0,61.263602274476,no_fill_reference_unavailable,,
intent_46bb32fe1d38a623e0d5b543,c4cba7223649152a8b4172d3c225c8074cc402a90596f3f2733e27c1c9ade0a4,2021-07-13T00:00:00Z,2021-07-13T00:15:00Z,2021-07-13T00:16:00Z,development,non_positive_momentum,0,1225.27204548952,0,61.263602274476,no_action_disarmed,,
intent_d4d119166d5ae59851a16951,0c0617883f5b9d06015ae25feef8a8a2c64a57b681301320a7862385c8c47001,2021-07-14T00:00:00Z,2021-07-14T00:15:00Z,2021-07-14T00:15:00Z,development,non_positive_momentum,0,1225.27204548952,0,61.263602274476,no_fill_reference_unavailable,,
intent_c6d9feb9ed1e308c032a9c9f,e7393d314fe1105009b97451fb6a7726b826da20b800fc5a997542420f7ba72f,2021-07-15T00:00:00Z,2021-07-15T00:15:00Z,2021-07-15T00:16:00Z,development,non_positive_momentum,0,1225.27204548952,0,61.263602274476,no_action_disarmed,,
intent_134317d9958bf5fe043ad8f3,fca53a4fdfad84210e0d9ef5884bfb798928dc3df697bfa9077ecb63a73165e9,2021-07-16T00:00:00Z,2021-07-16T00:15:00Z,2021-07-16T00:20:00Z,development,non_positive_momentum,0,1225.27204548952,0,61.263602274476,no_action_disarmed,,
intent_496191116315401113850a76,fa1c964d50fd5fdbf84580ab6a7f5814dca1466c9d219fbf910b0c1fed320a5a,2021-07-17T00:00:00Z,2021-07-17T00:15:00Z,2021-07-17T00:16:00Z,development,non_positive_momentum,0,1225.27204548952,0,61.263602274476,no_action_disarmed,,
intent_0e3630d604e96c9251e6915d,f07d863ac7dd5da587420169f5a77b5bf361818dfdd1c4ef4dcb07568c42c803,2021-07-18T00:00:00Z,2021-07-18T00:15:00Z,2021-07-18T00:15:00Z,development,non_positive_momentum,0,1225.27204548952,0,61.263602274476,no_fill_reference_unavailable,,
intent_153c1a2013e525b4104f597f,500d2d2fa79bc968a23bd1bedfa500a580521d7ba07bcaee796777abefe62e8b,2021-07-19T00:00:00Z,2021-07-19T00:15:00Z,2021-07-19T00:19:00Z,development,non_positive_momentum,0,1225.27204548952,0,61.263602274476,no_action_disarmed,,
intent_7ebdba2d08583d4df27d627e,07ad140900424be78b53dedcf1ef882f5330a54ba6c34dede524a56d9af1598f,2021-07-20T00:00:00Z,2021-07-20T00:15:00Z,2021-07-20T00:16:00Z,development,non_positive_momentum,0,1225.27204548952,0,61.263602274476,no_action_disarmed,,
intent_1ab416bc626910674eb4cd1c,0ad2b67dee70e45cb589195b4fe286f09f9c130e9e26b67d1d0c79f1097112fa,2021-07-21T00:00:00Z,2021-07-21T00:15:00Z,2021-07-21T00:18:00Z,development,non_positive_momentum,0,1225.27204548952,0,61.263602274476,no_action_disarmed,,
intent_2abf4efdb4b955f52de55468,b0e898139e8278c0a237efc9f353a9fd72033324bfb1e8162647bfdd2332ed44,2021-07-22T00:00:00Z,2021-07-22T00:15:00Z,2021-07-22T00:18:00Z,development,non_positive_momentum,0,1225.27204548952,0,61.263602274476,no_action_disarmed,,
intent_ec48e877079e4e9909fc3342,e2c1df04fd6bf0c76996c1b451b6c3f067ac7136b83f1667d65d96d0748b00b5,2021-07-23T00:00:00Z,2021-07-23T00:15:00Z,2021-07-23T00:15:00Z,development,non_positive_momentum,0,1225.27204548952,0,61.263602274476,no_fill_reference_unavailable,,
intent_09ffffd706435b37dd129a91,8c9c10c145331a1d2292d3f5c23497dac63f8645a80b3d61aefbb20dac8315d5,2021-07-24T00:00:00Z,2021-07-24T00:15:00Z,2021-07-24T00:17:00Z,development,non_positive_momentum,0,1225.27204548952,0,61.263602274476,no_action_disarmed,,
intent_5b292dd548ef0f32f881aa0e,a1e748462a7594b752fcc4261eab34ac2bb9add73fa19cc41c8b8cc75aa556a4,2021-07-25T00:00:00Z,2021-07-25T00:15:00Z,2021-07-25T00:16:00Z,development,non_positive_momentum,0,1225.27204548952,0,61.263602274476,no_action_disarmed,,
intent_686a8e613d34ea90ca7e70dd,3bc26623dfaaf2749aa8d1352d8a5e321135fc8b6a4849a4262f3efb85fdf064,2021-07-26T00:00:00Z,2021-07-26T00:15:00Z,2021-07-26T00:17:00Z,development,non_positive_momentum,0,1225.27204548952,0,61.263602274476,no_action_disarmed,,
intent_2c2440f95487c903e903b623,59af43c29e063df4e04552f1723be358338fc7e3f0cabf8410b46965ac265e27,2021-07-27T00:00:00Z,2021-07-27T00:15:00Z,2021-07-27T00:17:00Z,development,non_positive_momentum,0,1225.27204548952,0,61.263602274476,no_action_disarmed,,
intent_79230440e73a7b3eaa97f352,39747ebaaec69cd01725e653f12beab9b96ede24ddaafd8ab2b39bc9e08429bf,2021-07-28T00:00:00Z,2021-07-28T00:15:00Z,2021-07-28T00:16:00Z,development,non_positive_momentum,0,1225.27204548952,0,61.263602274476,no_action_disarmed,,
intent_40c31229cdb9178f1b082c03,2d3f165b50d3e73d55287cc3b48d91640fe364bb6f51685f4b78616b2b3aed10,2021-07-29T00:00:00Z,2021-07-29T00:15:00Z,2021-07-29T00:16:00Z,development,non_positive_momentum,0,1225.27204548952,0,61.263602274476,no_action_disarmed,,
intent_dcf1deee680b0325b6f9d707,d63a7972a0a04aadfcde9c90f63ab2e8da76a8125b822f2896a6192f27b885f4,2021-07-30T00:00:00Z,2021-07-30T00:15:00Z,2021-07-30T00:16:00Z,development,non_positive_momentum,0,1225.27204548952,0,61.263602274476,no_action_disarmed,,
intent_4be0a48a525329ac1051eedb,76de570b0e31285e52079191a7577ec6766a4f6460de9cb8497804413faf78bf,2021-07-31T00:00:00Z,2021-07-31T00:15:00Z,2021-07-31T00:16:00Z,development,non_positive_momentum,0,1225.27204548952,0,61.263602274476,no_action_disarmed,,
intent_7598faa607356bd03430c340,84ac8bc433659a458bff4442798e551d693bb0c8e3092be6c11beaf22c2a56b8,2021-08-01T00:00:00Z,2021-08-01T00:15:00Z,2021-08-01T00:16:00Z,development,non_positive_momentum,0,1225.27204548952,0,61.263602274476,no_action_disarmed,,
intent_0fc3c5f7fde2cff7b23b54f9,378c7a3c66ba415f295e3479d409a2c05bd5180a1cafc7896606f7c0aa53f6fd,2021-08-02T00:00:00Z,2021-08-02T00:15:00Z,2021-08-02T00:18:00Z,development,non_positive_momentum,0,1225.27204548952,0,61.263602274476,no_action_disarmed,,
intent_7cb0e895b9e641a6008fc4f1,2990d25e6741affb5c475051e3dbc9d460faacd7fa80a4bf4cfd5476899d3752,2021-08-03T00:00:00Z,2021-08-03T00:15:00Z,2021-08-03T00:16:00Z,development,non_positive_momentum,0,1225.27204548952,0,61.263602274476,no_action_disarmed,,
intent_841959afa35ddf3adb2f652e,5738bcbcb450d2fa154e3e53d2fd1760247209e5b2022abb7cae05be69833333,2021-08-04T00:00:00Z,2021-08-04T00:15:00Z,2021-08-04T00:17:00Z,development,non_positive_momentum,0,1225.27204548952,0,61.263602274476,no_action_disarmed,,
intent_fd97e4470aff8f1314908b5e,cb41c8012c4a925cc3a0336f2c0289c98f75209fd7e6271468b212c9f7dc4ad6,2021-08-05T00:00:00Z,2021-08-05T00:15:00Z,2021-08-05T00:16:00Z,development,non_positive_momentum,0,1225.27204548952,0,61.263602274476,no_action_disarmed,,
intent_ae46b16d023d22cbe008dea4,e9b0104fedff62e55011a10725edb4a18f84c3678b74c1e0813554b73027a1c5,2021-08-06T00:00:00Z,2021-08-06T00:15:00Z,2021-08-06T00:16:00Z,development,non_positive_momentum,0,1225.27204548952,0,61.263602274476,no_action_disarmed,,
intent_11dc6ea20a92f42bd8ef0596,f619996c43ce9d58aa00ec643d14cce916fc5225b5d869f7e9aff9024d975952,2021-08-07T00:00:00Z,2021-08-07T00:15:00Z,2021-08-07T00:16:00Z,development,non_positive_momentum,0,1225.27204548952,0,61.263602274476,no_action_disarmed,,
intent_7b93641252862c9f669dc422,a4bd049f7ef0199b302ad5e287c0db5c8dd266f433bf653c13fb819f6fb1b610,2021-08-08T00:00:00Z,2021-08-08T00:15:00Z,2021-08-08T00:16:00Z,development,non_positive_momentum,0,1225.27204548952,0,61.263602274476,no_action_disarmed,,
intent_bedf24e9089ad10a0a0fedb7,ce6acd4baaf423b152713db2dc41ee351dc9a5a688ce46f82d558b3281c0e925,2021-08-09T00:00:00Z,2021-08-09T00:15:00Z,2021-08-09T00:16:00Z,development,non_positive_momentum,0,1225.27204548952,0,61.263602274476,no_action_disarmed,,
intent_7d73d2dd7ce6ffbc854257ca,fd84d3c9c11c5c3270bad15f95a11991858020434919835a340975dae3b3d02f,2021-08-10T00:00:00Z,2021-08-10T00:15:00Z,2021-08-10T00:15:00Z,development,non_positive_momentum,0,1225.27204548952,0,61.263602274476,no_fill_reference_unavailable,,
intent_604e055de97d68040357b3e6,4f65749a18a243ca713dd3fb0b087890e65a72d1c0382abab58b56808ed1b77a,2021-08-11T00:00:00Z,2021-08-11T00:15:00Z,2021-08-11T00:16:00Z,development,non_positive_momentum,0,1225.27204548952,0,61.263602274476,no_action_disarmed,,
intent_7abcbe1a0391c8cf0bf972c4,368ecbbe7743937210f665f3d722a69b6f04d747d446cf9196456c9aa2fef046,2021-08-12T00:00:00Z,2021-08-12T00:15:00Z,2021-08-12T00:16:00Z,development,non_positive_momentum,0,1225.27204548952,0,61.263602274476,no_action_disarmed,,
intent_661c0174d7f06381a09f65a8,470aebbd96baf56fb7e4099caeb47db46399a8388689e93db0a69707679d8ca7,2021-08-13T00:00:00Z,2021-08-13T00:15:00Z,2021-08-13T00:16:00Z,development,non_positive_momentum,0,1225.27204548952,0,61.263602274476,no_action_disarmed,,
intent_f3c40e82c0b411bd39a815f7,119ab5cb80dfbfec216c2fa14741025509cf5120ec069bd0a5292c67a7431180,2021-08-14T00:00:00Z,2021-08-14T00:15:00Z,2021-08-14T00:16:00Z,development,long_signal,0,1225.27204548952,0,61.263602274476,no_action_disarmed,,
intent_3d5b5631e8a81126da831fff,db98addacdcc89c71611ccbc410af91e685ddeb6bfc7510c560d7c865a7f021f,2021-08-15T00:00:00Z,2021-08-15T00:15:00Z,2021-08-15T00:16:00Z,development,long_signal,0,1225.27204548952,0,61.263602274476,no_action_disarmed,,
intent_e570740617cd0413c1390168,541c044e03d43c8d490817c9f09ca8964fdaac8727910db605b40352b22d049f,2021-08-16T00:00:00Z,2021-08-16T00:15:00Z,2021-08-16T00:16:00Z,development,long_signal,0,1225.27204548952,0,61.263602274476,no_action_disarmed,,
intent_8ed926028f8870659d84ccd2,1e43577706a4ebec0e523ed15f42c85c10104085aead505f463eec171785bc9f,2021-08-17T00:00:00Z,2021-08-17T00:15:00Z,2021-08-17T00:17:00Z,development,long_signal,0,1225.27204548952,0,61.263602274476,no_action_disarmed,,
intent_ade9612c269932ca3db32ecc,18fcc4739b2769991dbfb14e94f00f08e4529d49c2bc0ac4f832bd931b8a2d5b,2021-08-18T00:00:00Z,2021-08-18T00:15:00Z,2021-08-18T00:17:00Z,development,below_trend,0,1225.27204548952,0,61.263602274476,no_action_disarmed,,
intent_17ebb9ebb9e9a54d4494c78d,a5a8d2321baa80e5902c360791efa567fec78b4849cc02881703339a34569f71,2021-08-19T00:00:00Z,2021-08-19T00:15:00Z,2021-08-19T00:16:00Z,development,below_trend,0,1225.27204548952,0,61.263602274476,no_action_disarmed,,
intent_e1712bbcc20c03ab6a1b80e0,6998196fecc10d48d0fe1965d621bb3b4558b596ce0525354e60a54c6c620411,2021-08-20T00:00:00Z,2021-08-20T00:15:00Z,2021-08-20T00:16:00Z,development,long_signal,0,1225.27204548952,0,61.263602274476,no_action_disarmed,,
intent_25d238162680f1e74683f798,2a3f133c9d7a65959a8052fb4a7981282179eb89bea9674c557eeea4c7c76b40,2021-08-21T00:00:00Z,2021-08-21T00:15:00Z,2021-08-21T00:16:00Z,development,long_signal,0,1225.27204548952,0,61.263602274476,no_action_disarmed,,
intent_fd9e2cfce323f69820b8f210,caae174ee3f433938d1eb086e4327278a092c8b7b189edcafa3f2f509cd37aaa,2021-08-22T00:00:00Z,2021-08-22T00:15:00Z,2021-08-22T00:15:00Z,development,long_signal,0,1225.27204548952,0,61.263602274476,no_fill_reference_unavailable,,
intent_aa59d870915ba162b12a5104,b24c140a2f69d5e223c67bbee8fb87d7ad3b1459786313800dc30ad2fac990e9,2021-08-23T00:00:00Z,2021-08-23T00:15:00Z,2021-08-23T00:16:00Z,development,long_signal,0,1225.27204548952,0,61.263602274476,no_action_disarmed,,
intent_b45580bb50eb898c0e3cc1a4,845f578c0bc4651867a49a6f64a2ec21274120caa7eb27d9d895fd90a8354bee,2021-08-24T00:00:00Z,2021-08-24T00:15:00Z,2021-08-24T00:16:00Z,development,long_signal,0,1225.27204548952,0,61.263602274476,no_action_disarmed,,
intent_a1a95d826f3c807903977f89,b5ee6511b1a33e5cbc8419a18a713ba059d9de4d53bb8bac8e48c1f55c11cbb6,2021-08-25T00:00:00Z,2021-08-25T00:15:00Z,2021-08-25T00:16:00Z,development,long_signal,0,1225.27204548952,0,61.263602274476,no_action_disarmed,,
intent_73bead047940fa7b0854ef7b,e62a47ca39b1e0ed1c3942d9a7260b747baf755eb6c9db3c1e2759041101d28e,2021-08-26T00:00:00Z,2021-08-26T00:15:00Z,2021-08-26T00:16:00Z,development,long_signal,0,1225.27204548952,0,61.263602274476,no_action_disarmed,,
intent_ee5445eb9daa9f9988ef4760,fc11bc71fdf014c5ab806bd352730c8103d96c3972917630522a481382e87e13,2021-08-27T00:00:00Z,2021-08-27T00:15:00Z,2021-08-27T00:17:00Z,development,long_signal,0,1225.27204548952,0,61.263602274476,no_action_disarmed,,
intent_13b431e343e21f061b228624,a0063f95d26178a05c21696d9f28cb0d13b843cd1dd47dbb9c6f900a3ec7146a,2021-08-28T00:00:00Z,2021-08-28T00:15:00Z,2021-08-28T00:19:00Z,development,long_signal,0,1225.27204548952,0,61.263602274476,no_action_disarmed,,
intent_a786a7c3847d95a35186183e,828f4264a9dc34cebc2b1c1760651d9235391a043df2c8709fb23602544ba17f,2021-08-29T00:00:00Z,2021-08-29T00:15:00Z,2021-08-29T00:18:00Z,development,long_signal,0,1225.27204548952,0,61.263602274476,no_action_disarmed,,
intent_02e87ed59f10b5c33ecc2398,a17b3e8f19f366e683f303c74bee69f8635dc70ed3a1405341fd8c7edb1242a6,2021-08-30T00:00:00Z,2021-08-30T00:15:00Z,2021-08-30T00:16:00Z,development,long_signal,0,1225.27204548952,0,61.263602274476,no_action_disarmed,,
intent_797e0c71f468781a718ef1f5,6be8d8c1dfb9dbf673fb258845ecc8284570ae2109454c2289e8d253f61fff8b,2021-08-31T00:00:00Z,2021-08-31T00:15:00Z,2021-08-31T00:17:00Z,development,long_signal,0,1225.27204548952,0,61.263602274476,no_action_disarmed,,
intent_8079b07b0f0d5ed817602ddd,3a4be6ffc69d18bab5d0b29c69bdd6718df18a2ff67e1fa1163ab3374beae9fa,2021-09-01T00:00:00Z,2021-09-01T00:15:00Z,2021-09-01T00:17:00Z,development,long_signal,0,1225.27204548952,0,61.263602274476,no_action_disarmed,,
intent_979c7db744d0778cd05564ce,eb50039be3f8ac2e065abb68c889c0a80d727b402cef8d7927781c2ba63dbfac,2021-09-02T00:00:00Z,2021-09-02T00:15:00Z,2021-09-02T00:16:00Z,development,long_signal,0,1225.27204548952,0,61.263602274476,no_action_disarmed,,
intent_7b8a7b54e9ab2328e1b77866,caaffe71301ad564974042b66bbee23725ff1a05259401de9d65d28e0fe5a064,2021-09-03T00:00:00Z,2021-09-03T00:15:00Z,2021-09-03T00:16:00Z,development,long_signal,0,1225.27204548952,0,61.263602274476,no_action_disarmed,,
intent_aea78eff2363c83180f57d6d,92612e8c9570bb4ab00fb8b565880c714b7e3c74b292ba3b38d3d83e623254e0,2021-09-04T00:00:00Z,2021-09-04T00:15:00Z,2021-09-04T00:18:00Z,development,long_signal,0,1225.27204548952,0,61.263602274476,no_action_disarmed,,
intent_f56d2e36b9f15c13b5cd76d2,496aed30d687aa9662700c4686de06bfe0796f97ea570fde618ccb28a49beac0,2021-09-05T00:00:00Z,2021-09-05T00:15:00Z,2021-09-05T00:16:00Z,development,long_signal,0,1225.27204548952,0,61.263602274476,no_action_disarmed,,
intent_37cb7f7596ab490f7eeb706b,1e2f124fc29d756984b2ff878f15888cb65b3f05f8f00532319547e7f78035e5,2021-09-06T00:00:00Z,2021-09-06T00:15:00Z,2021-09-06T00:16:00Z,development,long_signal,0,1225.27204548952,0,61.263602274476,no_action_disarmed,,
intent_d1609567ed53bfe843591ddb,cf228c23ee521b84403c3cdd7d36d00847754fe4ff078287adfe1c0434027ba9,2021-09-07T00:00:00Z,2021-09-07T00:15:00Z,2021-09-07T00:16:00Z,development,long_signal,0,1225.27204548952,0,61.263602274476,no_action_disarmed,,
intent_ceeb683ce46c2e3d710a7afc,33742a264e6269ec584a4173a87055a00b621b1f68d3083835d8e9855664f802,2021-09-08T00:00:00Z,2021-09-08T00:15:00Z,2021-09-08T00:16:00Z,development,long_signal,0,1225.27204548952,0,61.263602274476,no_action_disarmed,,
intent_bfaeefcdcc5a6ac20d71b3d4,dc1afa15b22e0c5d6f532401b8b7f0e0cf0a9d33907c868f9d2b6e7e3835f65f,2021-09-09T00:00:00Z,2021-09-09T00:15:00Z,2021-09-09T00:17:00Z,development,long_signal,0,1225.27204548952,0,61.263602274476,no_action_disarmed,,
intent_a2af6c1f3a5a0249ca128117,c8bbdd04388947444840a40696fa5206f54df5692ee73ff6db761feac3d13705,2021-09-10T00:00:00Z,2021-09-10T00:15:00Z,2021-09-10T00:16:00Z,development,long_signal,0,1225.27204548952,0,61.263602274476,no_action_disarmed,,
intent_9d95011bb8f6142faed66c5a,9ead49927114800cba9fbbc26504c3db94183eed6c57d3d5f3991ec925597361,2021-09-11T00:00:00Z,2021-09-11T00:15:00Z,2021-09-11T00:20:00Z,development,below_trend,0,1225.27204548952,0,61.263602274476,no_action_disarmed,,
intent_4e87d15198ce3e90e806b9a1,5e304668b8fe6f9fed101141ca5e97d5019f69a6c7282c422a60602b10918574,2021-09-12T00:00:00Z,2021-09-12T00:15:00Z,2021-09-12T00:17:00Z,development,long_signal,0,1225.27204548952,0,61.263602274476,no_action_disarmed,,
intent_1228342166cf2b302f5983fa,ccefb24c548bf62b3ee8fd184949507b81acf9e49c07d04d3029da27250ff552,2021-09-13T00:00:00Z,2021-09-13T00:15:00Z,2021-09-13T00:16:00Z,development,long_signal,0,1225.27204548952,0,61.263602274476,no_action_disarmed,,
intent_5cdfa44ad05f66f1f8578260,5a61386e99acfb35326fedb81dc1f4b3bea1a218dcf189dfd8004477855c110b,2021-09-14T00:00:00Z,2021-09-14T00:15:00Z,2021-09-14T00:16:00Z,development,below_trend,0,1225.27204548952,0,61.263602274476,no_action_disarmed,,
intent_181049875bcc3224c5dddc3d,9ac6f5857abf45b088fd8ea8787a3ab7595447078ee29a00c8f142daed99c3aa,2021-09-15T00:00:00Z,2021-09-15T00:15:00Z,2021-09-15T00:16:00Z,development,long_signal,0,1225.27204548952,0,61.263602274476,no_action_disarmed,,
intent_9de2bfd58716b0f5dfd1da11,cda7df8dc5ba92c41c6bb2a7026aed664d4c4395bd858155975fb38f063d2dca,2021-09-16T00:00:00Z,2021-09-16T00:15:00Z,2021-09-16T00:16:00Z,development,long_signal,0,1225.27204548952,0,61.263602274476,no_action_disarmed,,
intent_06eb027a769a8c5b04664a33,bb5851ef4cfa039032b0a0e29233a0b816f6802a6ca4c9036cc0dd74b0487e42,2021-09-17T00:00:00Z,2021-09-17T00:15:00Z,2021-09-17T00:18:00Z,development,long_signal,0,1225.27204548952,0,61.263602274476,no_action_disarmed,,
intent_15ef309326168d62223d90a3,1682f7261a53d1886a3079c994a7afb6c932e4c91785b450df1c6995fba11c78,2021-09-18T00:00:00Z,2021-09-18T00:15:00Z,2021-09-18T00:18:00Z,development,long_signal,0,1225.27204548952,0,61.263602274476,no_action_disarmed,,
intent_8ca6f1e6259e43510309b888,a163554e350e64e53624bc559931fa32def0ab4e46e7c9688b96a1c91590c508,2021-09-19T00:00:00Z,2021-09-19T00:15:00Z,2021-09-19T00:19:00Z,development,long_signal,0,1225.27204548952,0,61.263602274476,no_action_disarmed,,
intent_37675779423fa6cc0194ed7f,fe669fa4ea4a74b59a1233d6ab6e859035561efd8560b8f56c7e6c28f8ff0a76,2021-09-20T00:00:00Z,2021-09-20T00:15:00Z,2021-09-20T00:17:00Z,development,long_signal,0,1225.27204548952,0,61.263602274476,no_action_disarmed,,
intent_33187d7ab12e42b1339542fe,da3330026420c4ac19fe7f370e31952d8252c8281706249f26bf4af4e271ce4d,2021-09-21T00:00:00Z,2021-09-21T00:15:00Z,2021-09-21T00:16:00Z,development,below_trend,0,1225.27204548952,0,61.263602274476,no_action_disarmed,,
intent_13bd8be5779217a865bd0878,8bda6bdb6c2eee2c77715cafdaff2c0484b04f29f1230a8836705ff831f5ffbe,2021-09-22T00:00:00Z,2021-09-22T00:15:00Z,2021-09-22T00:16:00Z,development,below_trend,0,1225.27204548952,0,61.263602274476,no_action_disarmed,,
intent_0537c7889febc821025f238f,57ceeee06ef826a366a456e2866e40ae1b0b91a6e3d698359417a27121e9e489,2021-09-23T00:00:00Z,2021-09-23T00:15:00Z,2021-09-23T00:16:00Z,development,below_trend,0,1225.27204548952,0,61.263602274476,no_action_disarmed,,
intent_6c59952212b5a22710da9c08,660394278e23fe36e75c8d463b8c4c76e245ba4c7be34a05364f87a951afa3b3,2021-09-24T00:00:00Z,2021-09-24T00:15:00Z,2021-09-24T00:16:00Z,development,below_trend,0,1225.27204548952,0,61.263602274476,no_action_disarmed,,
intent_92bbaf029a5feda261c550d4,5c792b2030460cb836681a1451b0d8ce844660ab4d372a8120396f7829cc215a,2021-09-25T00:00:00Z,2021-09-25T00:15:00Z,2021-09-25T00:17:00Z,development,below_trend,0,1225.27204548952,0,61.263602274476,no_action_disarmed,,
intent_2b41a91ddf794a9d012f718d,89f12d3d03be783de7115a5073bc55a20e1829c69919218fcbacc0922a00ed78,2021-09-26T00:00:00Z,2021-09-26T00:15:00Z,2021-09-26T00:16:00Z,development,below_trend,0,1225.27204548952,0,61.263602274476,no_action_disarmed,,
intent_7d17f6f405d0c09233721a09,62adfa2e5baebf2dfd07b68417a45965310debb3f668af145a0d63f154a53077,2021-09-27T00:00:00Z,2021-09-27T00:15:00Z,2021-09-27T00:16:00Z,development,below_trend,0,1225.27204548952,0,61.263602274476,no_action_disarmed,,
intent_482fff59fda1cadb450065da,ff7b575767d02f851cbb750a34fc174bddf24c6d980e9149e38e760b4c9c29b0,2021-09-28T00:00:00Z,2021-09-28T00:15:00Z,2021-09-28T00:16:00Z,development,below_trend,0,1225.27204548952,0,61.263602274476,no_action_disarmed,,
intent_cb49cc5ce1dd8afcead93b77,9faa1456bbf251c8bd0fab792f15014892b25863ecc13776dccd1136a946aff3,2021-09-29T00:00:00Z,2021-09-29T00:15:00Z,2021-09-29T00:16:00Z,development,below_trend,0,1225.27204548952,0,61.263602274476,no_action_disarmed,,
intent_2551999145c21262be29c86f,27a5e06fe116e5d9c8f66e9910d570c35d0cabff1779fa3d19a8f5cb2cf03119,2021-09-30T00:00:00Z,2021-09-30T00:15:00Z,2021-09-30T00:17:00Z,development,below_trend,0,1225.27204548952,0,61.263602274476,no_action_disarmed,,
intent_85801ac51b2c35ca6e264856,53db6cb9fde77437fdb3a70de90e2d0a56cc952e95672b1585dff865f6c41d89,2021-10-01T00:00:00Z,2021-10-01T00:15:00Z,2021-10-01T00:19:00Z,development,below_trend,0,1225.27204548952,0,61.263602274476,no_action_disarmed,,
intent_18a2c614a0cbf59dee426226,e18da167d1818990c4554974607f20c2779966b84dd4597f8cc661903db60a8b,2021-10-02T00:00:00Z,2021-10-02T00:15:00Z,2021-10-02T00:18:00Z,development,long_signal,0,1225.27204548952,0,61.263602274476,no_action_disarmed,,
intent_f65b5e8898945f2f346fce2c,36e1e881b91f4947187ff1167556e6ef7a806f0cb7cd65d794dd119f9ee27075,2021-10-03T00:00:00Z,2021-10-03T00:15:00Z,2021-10-03T00:16:00Z,development,long_signal,0,1225.27204548952,0,61.263602274476,no_action_disarmed,,
intent_b7593b4ca9dea5b6e413c439,9fc2069cf14351be6ce2870ba623ee15dc913e79632e52b7171348b2a3818e27,2021-10-04T00:00:00Z,2021-10-04T00:15:00Z,2021-10-04T00:16:00Z,development,long_signal,0,1225.27204548952,0,61.263602274476,no_action_disarmed,,
intent_ee6ce695b6c77dc9cbbac8ac,c722f0c4b0221e638ae73709f66e9c10849e72e8e2c43ccc0c04a759c21d9cba,2021-10-05T00:00:00Z,2021-10-05T00:15:00Z,2021-10-05T00:16:00Z,development,long_signal,0,1225.27204548952,0,61.263602274476,no_action_disarmed,,
intent_f3c5089c75cdace7edc684fa,13a74d97e423d7558ffe2e48ef426efce346646f656d4db08f30f5bd4502582b,2021-10-06T00:00:00Z,2021-10-06T00:15:00Z,2021-10-06T00:20:00Z,development,long_signal,0,1225.27204548952,0,61.263602274476,no_action_disarmed,,
intent_05ed5468cd579901dc14c500,4e98fbdf348e6872b87a6cd3134621e68b489841e69d62fc3584c53e0d6129ed,2021-10-07T00:00:00Z,2021-10-07T00:15:00Z,2021-10-07T00:16:00Z,development,long_signal,0,1225.27204548952,0,61.263602274476,no_action_disarmed,,
intent_a39b75d73df4e1aeff8ed76a,d5463d7dfee2551e9f5bfdadf9c501298f5b7e7b8dc896032ddedb1f186e8d75,2021-10-08T00:00:00Z,2021-10-08T00:15:00Z,2021-10-08T00:16:00Z,development,long_signal,0,1225.27204548952,0,61.263602274476,no_action_disarmed,,
intent_43bbe5be4bedf9c6b07bc22e,17a2a0ac036076253e5c1a3b1ab0b8df882e6e2aa69c8e2bd52dc6bedaed5479,2021-10-09T00:00:00Z,2021-10-09T00:15:00Z,2021-10-09T00:16:00Z,development,long_signal,0,1225.27204548952,0,61.263602274476,no_action_disarmed,,
intent_7956e9222a94d9bdf2608a82,7ecf5dd847f489560da07e2720a8e58b3d2ef0f3a28fb73a93345ebf45f5c0a3,2021-10-10T00:00:00Z,2021-10-10T00:15:00Z,2021-10-10T00:17:00Z,development,long_signal,0,1225.27204548952,0,61.263602274476,no_action_disarmed,,
intent_9eb382231790d268b350af89,0908dcff32a0caf4b09feaddb9545d6534e8ea8383a582c7ea2b7d9509294f49,2021-10-11T00:00:00Z,2021-10-11T00:15:00Z,2021-10-11T00:16:00Z,development,long_signal,0,1225.27204548952,0,61.263602274476,no_action_disarmed,,
intent_12c87c9d6fc475522247eedb,f9db14b83f6c6e15701320382cb7828441ebb8ea99115857ed315fc7b9bb283f,2021-10-12T00:00:00Z,2021-10-12T00:15:00Z,2021-10-12T00:16:00Z,development,long_signal,0,1225.27204548952,0,61.263602274476,no_action_disarmed,,
intent_48e130c87fff7acb51c4ece6,2664f56367b95c45808ef64efe8f9fec7a3ff3c01a39361280e9e2f454250913,2021-10-13T00:00:00Z,2021-10-13T00:15:00Z,2021-10-13T00:18:00Z,development,long_signal,0,1225.27204548952,0,61.263602274476,no_action_disarmed,,
intent_9ff2c419600579e327458664,3f440561f99cf7430843e361bf4b8e68bd90af6caa8da13887b49ccf1df602fb,2021-10-14T00:00:00Z,2021-10-14T00:15:00Z,2021-10-14T00:17:00Z,development,long_signal,0,1225.27204548952,0,61.263602274476,no_action_disarmed,,
intent_7661f45a5c9835e4e3c53417,acbb6e7e0d834ac7a2e39d472144d1081ffda50173aa00963928c1ce66f9baea,2021-10-15T00:00:00Z,2021-10-15T00:15:00Z,2021-10-15T00:16:00Z,development,long_signal,0,1225.27204548952,0,61.263602274476,no_action_disarmed,,
intent_05ec183e95393e6508796caa,7b571dde57cbb17fadf527f41818c45b7761d757193d01f14fe5dc8eaabf19db,2021-10-16T00:00:00Z,2021-10-16T00:15:00Z,2021-10-16T00:19:00Z,development,long_signal,0,1225.27204548952,0,61.263602274476,no_action_disarmed,,
intent_acd92ab7fa65d17f4e80f262,7efbd927233dc90bb9d109723b98a6c3a4e1c566acdb183e2d717718f1724ae6,2021-10-17T00:00:00Z,2021-10-17T00:15:00Z,2021-10-17T00:16:00Z,development,long_signal,0,1225.27204548952,0,61.263602274476,no_action_disarmed,,
intent_f6211eae92e797fb82a3b6ac,3c4b18e777afcfa5a20ae1a62e896842152c556ce2c9c444c3f6eeeb9808f324,2021-10-18T00:00:00Z,2021-10-18T00:15:00Z,2021-10-18T00:18:00Z,development,long_signal,0,1225.27204548952,0,61.263602274476,no_action_disarmed,,
intent_174d57056ad96df560222c94,c63ed53cc4301cb76e60daddadeed333ea7d0bac91f19990cc28117b6f99d9cf,2021-10-19T00:00:00Z,2021-10-19T00:15:00Z,2021-10-19T00:16:00Z,development,long_signal,0,1225.27204548952,0,61.263602274476,no_action_disarmed,,
intent_87e2f4d13be6de91aa84b6a4,b305b9e14ad23b0aa6b71e285ca8167303f9a14f19ec7ab662253bff128d3937,2021-10-20T00:00:00Z,2021-10-20T00:15:00Z,2021-10-20T00:16:00Z,development,long_signal,0,1225.27204548952,0,61.263602274476,no_action_disarmed,,
intent_c9417fbd32e4d9d2e6473a9d,a05c349ee1fa749f2fd1f7d9d79470ebd6e51072e24445b40b310de9365412e2,2021-10-21T00:00:00Z,2021-10-21T00:15:00Z,2021-10-21T00:16:00Z,development,long_signal,0,1225.27204548952,0,61.263602274476,no_action_disarmed,,
intent_aab053bc808770d7bd5c714b,c65bbc23f21c5affa8c979bfab1ea8bfebce8141845c60dd88effd8bcae2df8f,2021-10-22T00:00:00Z,2021-10-22T00:15:00Z,2021-10-22T00:16:00Z,development,long_signal,0,1225.27204548952,0,61.263602274476,no_action_disarmed,,
intent_0fbe3261644f171b6eb0aa8d,e399e736042d0ea3cf78295392273550f4067753ba8973d5b5dff4f6be498125,2021-10-23T00:00:00Z,2021-10-23T00:15:00Z,2021-10-23T00:18:00Z,development,long_signal,0,1225.27204548952,0,61.263602274476,no_action_disarmed,,
intent_33b618d70712c621051790dc,4bd9c1b69d723234e4ce725f9621c0b7dedee9ea1170b62b1eca085eaef00366,2021-10-24T00:00:00Z,2021-10-24T00:15:00Z,2021-10-24T00:16:00Z,development,long_signal,0,1225.27204548952,0,61.263602274476,no_action_disarmed,,
intent_81e4892c431470fbd7aa2c82,bd8bd89ac538b1b529df90b9f082de814bbf8e9c3fe28079cfc3800ada9dc5b3,2021-10-25T00:00:00Z,2021-10-25T00:15:00Z,2021-10-25T00:19:00Z,development,long_signal,0,1225.27204548952,0,61.263602274476,no_action_disarmed,,
intent_e3902e2ccf5ba8c524b4f985,765d39c2524f20124e5235287c83f6c8b911cbc0a9a346b545078ee5db27906c,2021-10-26T00:00:00Z,2021-10-26T00:15:00Z,2021-10-26T00:16:00Z,development,long_signal,0,1225.27204548952,0,61.263602274476,no_action_disarmed,,
intent_8cab5de836b08e69c9df8267,1d05b164b38bdab6425ae9f53497b2be17d88538cdcbbf22c429a775bf18331c,2021-10-27T00:00:00Z,2021-10-27T00:15:00Z,2021-10-27T00:16:00Z,development,long_signal,0,1225.27204548952,0,61.263602274476,no_action_disarmed,,
intent_bf702c75c662f772890fb7de,dfa3da10e6b7208964be92bf480a2c00c0075de760354de2c0f1eed3583630c4,2021-10-28T00:00:00Z,2021-10-28T00:15:00Z,2021-10-28T00:16:00Z,development,long_signal,0,1225.27204548952,0,61.263602274476,no_action_disarmed,,
intent_2c4ad3220c9804e3f27e9079,4b8103c0b708df53c81dee3c1844240988f5a33041428da8c6febb4771f06a24,2021-10-29T00:00:00Z,2021-10-29T00:15:00Z,2021-10-29T00:16:00Z,development,long_signal,0,1225.27204548952,0,61.263602274476,no_action_disarmed,,
intent_099b5561b3ecbeded69f9d06,66995b51efa496b6a43b9da2aa1cc23ee0a9863315528a898f35c39e388dc0ca,2021-10-30T00:00:00Z,2021-10-30T00:15:00Z,2021-10-30T00:16:00Z,development,long_signal,0,1225.27204548952,0,61.263602274476,no_action_disarmed,,
intent_54198e1027edeb09e614d19c,3d6bd0c798e376767deb608ecfc61cad963173a5b816915023026c5d8387ff2c,2021-10-31T00:00:00Z,2021-10-31T00:15:00Z,2021-10-31T00:16:00Z,development,long_signal,0,1225.27204548952,0,61.263602274476,no_action_disarmed,,
intent_6a96c3fcb5fcb2ec1cc010ab,c21c569d98a5ca4ae7aeddd5fcb7a1697d8b805693d0c749bc89c701df2d9acf,2021-11-01T00:00:00Z,2021-11-01T00:15:00Z,2021-11-01T00:16:00Z,development,long_signal,0,1225.27204548952,0,61.263602274476,no_action_disarmed,,
intent_07ae80b489c1b1145dd14440,abdf6521275036c465a21b53b271f08f2517dab8eb4fcf5452257c6f743ea1bc,2021-11-02T00:00:00Z,2021-11-02T00:15:00Z,2021-11-02T00:16:00Z,development,long_signal,0,1225.27204548952,0,61.263602274476,no_action_disarmed,,
intent_8205b7cc15988ea9055b344a,46bb987490cf66320553ab9a452ca8ee8859a98821e1da6c93bd2f6f5fda7cae,2021-11-03T00:00:00Z,2021-11-03T00:15:00Z,2021-11-03T00:16:00Z,development,long_signal,0,1225.27204548952,0,61.263602274476,no_action_disarmed,,
intent_558fe62e6b4d181dad516086,2ed3c52425d943dedc0664203cba3392833e4f7d5746ed597648c4b5a4992ac4,2021-11-04T00:00:00Z,2021-11-04T00:15:00Z,2021-11-04T00:15:00Z,development,long_signal,0,1225.27204548952,0,61.263602274476,no_fill_reference_unavailable,,
intent_c11b1f8015d017b4ac155f38,545f8d16508cfea3428a10cae2bcb901fa58f361269c75007af47830be195e56,2021-11-05T00:00:00Z,2021-11-05T00:15:00Z,2021-11-05T00:17:00Z,development,long_signal,0,1225.27204548952,0,61.263602274476,no_action_disarmed,,
intent_96634ae700a23240ba383c41,21aa2563e13a61bcc9b6e1fd48076f1aa2b2bb6c4cdb986ea72463f2497edaef,2021-11-06T00:00:00Z,2021-11-06T00:15:00Z,2021-11-06T00:16:00Z,development,long_signal,0,1225.27204548952,0,61.263602274476,no_action_disarmed,,
intent_25fc21d991d4d8094cbceed5,3a752075a0b925dd8483e2019df3f84e17d25be74d0ae0d6e15472769eb69e11,2021-11-07T00:00:00Z,2021-11-07T00:15:00Z,2021-11-07T00:16:00Z,development,long_signal,0,1225.27204548952,0,61.263602274476,no_action_disarmed,,
intent_854104d5f24946f758718ba4,93c76fc43592fb68aac993591e8f66b33ac8533443985333158caaaac7670f2f,2021-11-08T00:00:00Z,2021-11-08T00:15:00Z,2021-11-08T00:16:00Z,development,long_signal,0,1225.27204548952,0,61.263602274476,no_action_disarmed,,
intent_a2fb9dac7324899cb3431fc8,acb49ce67b0b6eee580edd2b945856a586aefc2f34e6bf42b5665470044b8a42,2021-11-09T00:00:00Z,2021-11-09T00:15:00Z,2021-11-09T00:16:00Z,development,long_signal,0,1225.27204548952,0,61.263602274476,no_action_disarmed,,
intent_de2b54ce4f2c53a30b9eca65,a8d528edfdf6a7dd7d09c28b10263495843d827b76159b64ba98e546eddb8aa5,2021-11-10T00:00:00Z,2021-11-10T00:15:00Z,2021-11-10T00:16:00Z,development,long_signal,0,1225.27204548952,0,61.263602274476,no_action_disarmed,,
intent_8539c3ee08b280e3d9659936,9ea18aeee26a95ea6d7862d9a1a4934ac7fc58550b63e23059a4c2d786a41787,2021-11-11T00:00:00Z,2021-11-11T00:15:00Z,2021-11-11T00:16:00Z,development,long_signal,0,1225.27204548952,0,61.263602274476,no_action_disarmed,,
intent_10fba46d418378e4c21e890b,b01c5d567a6cdfc514d13b6526f66113fa88c2eca5dc187ed10f55ee918151b9,2021-11-12T00:00:00Z,2021-11-12T00:15:00Z,2021-11-12T00:16:00Z,development,long_signal,0,1225.27204548952,0,61.263602274476,no_action_disarmed,,
intent_80c1b92ac8f04b9bad55d3a0,3908b77572ce0806347513f2b14245400b5a80202de4eb778b6b1c4dca808284,2021-11-13T00:00:00Z,2021-11-13T00:15:00Z,2021-11-13T00:17:00Z,development,long_signal,0,1225.27204548952,0,61.263602274476,no_action_disarmed,,
intent_b64c97518ac8c3302361ccb5,856fdcb1b15d6a0c40c6abd89b4babd21dbe0bed72642af41d7ec2869a76ff9f,2021-11-14T00:00:00Z,2021-11-14T00:15:00Z,2021-11-14T00:16:00Z,development,long_signal,0,1225.27204548952,0,61.263602274476,no_action_disarmed,,
intent_b02523756c0d7880ffd83c2b,b3eadf95de5b1fdb23a49b8d2ff88ca1dda4b4010274b01ea8e749325f0ab5a6,2021-11-15T00:00:00Z,2021-11-15T00:15:00Z,2021-11-15T00:16:00Z,development,long_signal,0,1225.27204548952,0,61.263602274476,no_action_disarmed,,
intent_3c6521a35902ad001df663a9,ab426dd94a65e64ef57f70f6eec0650082d4297bdfb1dd311aa2df0dde99b078,2021-11-16T00:00:00Z,2021-11-16T00:15:00Z,2021-11-16T00:16:00Z,development,long_signal,0,1225.27204548952,0,61.263602274476,no_action_disarmed,,
intent_ed9f7aec5f8ef2abeff9d655,eaca789f2584f68634bbb3667df26b2090afa3b40da104647cefecdc4f2fd858,2021-11-17T00:00:00Z,2021-11-17T00:15:00Z,2021-11-17T00:16:00Z,development,long_signal,0,1225.27204548952,0,61.263602274476,no_action_disarmed,,
intent_24eb62ac0963eaecb6b960e9,a287dcdc2124d5a1fad8dbc30dbd815960ebe7dbfae975579afdd90363e330ba,2021-11-18T00:00:00Z,2021-11-18T00:15:00Z,2021-11-18T00:16:00Z,development,long_signal,0,1225.27204548952,0,61.263602274476,no_action_disarmed,,
intent_6356ab2e1f56b43d9a7c91bc,a94e0ff8548f49b1d34a0feef234e4c519f30cabcded79663e2113ea915abe4e,2021-11-19T00:00:00Z,2021-11-19T00:15:00Z,2021-11-19T00:16:00Z,development,long_signal,0,1225.27204548952,0,61.263602274476,no_action_disarmed,,
intent_db6c735a1f7987013886094e,9e21202374a9e013e59b24eab8bee0c3020e41b0428071ab4ba2fbb0e69d8b5f,2021-11-20T00:00:00Z,2021-11-20T00:15:00Z,2021-11-20T00:16:00Z,development,long_signal,0,1225.27204548952,0,61.263602274476,no_action_disarmed,,
intent_aa0cbf1d73ef07a9324f22a9,c703c470e4b83f7bf9adcac1fdb658d7932d2e502184cf0f9822ae4875dd6232,2021-11-21T00:00:00Z,2021-11-21T00:15:00Z,2021-11-21T00:16:00Z,development,long_signal,0,1225.27204548952,0,61.263602274476,no_action_disarmed,,
intent_64199e83f61b5e82faf401cb,c638d9c55ddfe2e98bb376379fd7e4a876cafb877149ee5b548f66d3fd706030,2021-11-22T00:00:00Z,2021-11-22T00:15:00Z,2021-11-22T00:16:00Z,development,long_signal,0,1225.27204548952,0,61.263602274476,no_action_disarmed,,
intent_5e4fea21a372052c25925781,e122906138fde896ead1ed9f851ae8a08c4b3c8e45d1d79ddad548a7c70b019f,2021-11-23T00:00:00Z,2021-11-23T00:15:00Z,2021-11-23T00:15:00Z,development,long_signal,0,1225.27204548952,0,61.263602274476,no_fill_reference_unavailable,,
intent_7a825674dd006a5da84f0e2a,6113091f144fecb9f01ad685e3fdc639869c303b7fdd38cb025e6e246012f4a2,2021-11-24T00:00:00Z,2021-11-24T00:15:00Z,2021-11-24T00:16:00Z,development,long_signal,0,1225.27204548952,0,61.263602274476,no_action_disarmed,,
intent_800dd79cc4746febb1dd0bfe,7997d96eda4a2191337120fcddbaaca639be3835aa8eabf4e0567edad0773069,2021-11-25T00:00:00Z,2021-11-25T00:15:00Z,2021-11-25T00:16:00Z,development,long_signal,0,1225.27204548952,0,61.263602274476,no_action_disarmed,,
intent_a4ed47665f41e66d8323295a,f42dfcc27eb247ad74ffbc315f223138f564ccaa19965759a552f676209afa3c,2021-11-26T00:00:00Z,2021-11-26T00:15:00Z,2021-11-26T00:17:00Z,development,long_signal,0,1225.27204548952,0,61.263602274476,no_action_disarmed,,
intent_ce12de1f7bc9d90f7c66be92,782a5e85f24af042b57b3635966143b0003a1314532e072f13389facbbf092b5,2021-11-27T00:00:00Z,2021-11-27T00:15:00Z,2021-11-27T00:18:00Z,development,long_signal,0,1225.27204548952,0,61.263602274476,no_action_disarmed,,
intent_5ecdce14a75b882e0c18badd,37e59197cdd933bf218caa8bfb084cc7395132e5ce8b8e40a2f4f471a41d74a6,2021-11-28T00:00:00Z,2021-11-28T00:15:00Z,2021-11-28T00:18:00Z,development,long_signal,0,1225.27204548952,0,61.263602274476,no_action_disarmed,,
intent_220e21bcbeac00f869d76270,1257d8c4d2d13aa9238a1ebec058cc94a5e1ae5c77f9621c6421dfccabcdf058,2021-11-29T00:00:00Z,2021-11-29T00:15:00Z,2021-11-29T00:16:00Z,development,long_signal,0,1225.27204548952,0,61.263602274476,no_action_disarmed,,
intent_7bae1c9ded24482ad791a9a6,60f0f716e58c3b66779c999d6c58e51148c11797cadc0b874371d03e04fa4743,2021-11-30T00:00:00Z,2021-11-30T00:15:00Z,2021-11-30T00:16:00Z,development,long_signal,0,1225.27204548952,0,61.263602274476,no_action_disarmed,,
intent_f6ef84e321d939dd5f7db4b3,90ab210993968548a8b0935037db575c894e11b6bf20c7db5aca364b122f9ee7,2021-12-01T00:00:00Z,2021-12-01T00:15:00Z,2021-12-01T00:16:00Z,development,long_signal,0,1225.27204548952,0,61.263602274476,no_action_disarmed,,
intent_5e21509d48bac400e9b30e9f,b4613116af23191348d55c54a2d64034ff82630d6f863594844da873b1b1dcaf,2021-12-02T00:00:00Z,2021-12-02T00:15:00Z,2021-12-02T00:18:00Z,development,long_signal,0,1225.27204548952,0,61.263602274476,no_action_disarmed,,
intent_29e51ac89176eb78360272e3,aab5826ce1aa2465f596574bcab645adc6085b8a85f33198aa978d616859f755,2021-12-03T00:00:00Z,2021-12-03T00:15:00Z,2021-12-03T00:16:00Z,development,long_signal,0,1225.27204548952,0,61.263602274476,no_action_disarmed,,
intent_74491b480f63c5788e3a890c,f8454546eb4e89dfdf87d14ef6ad6cbb9cd065e1e2759e7c04b0f9d049c3d010,2021-12-04T00:00:00Z,2021-12-04T00:15:00Z,2021-12-04T00:20:00Z,development,long_signal,0,1225.27204548952,0,61.263602274476,no_action_disarmed,,
intent_a233c37a15c81e879f2b562d,33f9babc0b865b1fe231bafe35e6c461944a980df90e4b44ab329e8c3a6bf044,2021-12-05T00:00:00Z,2021-12-05T00:15:00Z,2021-12-05T00:16:00Z,development,non_positive_momentum,0,1225.27204548952,0,61.263602274476,no_action_disarmed,,
intent_d8a7070a01bcfd8af3c348ef,917b06d52aecc3353fabef4f9cbba7af47358716c925af17ee2758f4e5fe8709,2021-12-06T00:00:00Z,2021-12-06T00:15:00Z,2021-12-06T00:17:00Z,development,non_positive_momentum,0,1225.27204548952,0,61.263602274476,no_action_disarmed,,
intent_969c888322e46b9add6fa2e0,a2a6d0e532d2aed539d75aabebef932440ecb96ef82302eae059b4cba4df584e,2021-12-07T00:00:00Z,2021-12-07T00:15:00Z,2021-12-07T00:17:00Z,development,long_signal,0,1225.27204548952,0,61.263602274476,no_action_disarmed,,
intent_fedae23594c8a4ee7044442b,b3b35c35b7e66bdce7f168e0faf721b58df9532d1f3bf9e675b7997fda5f2165,2021-12-08T00:00:00Z,2021-12-08T00:15:00Z,2021-12-08T00:17:00Z,development,long_signal,0,1225.27204548952,0,61.263602274476,no_action_disarmed,,
intent_6cb0f2c63a4aea683bd5fded,72c4dabdd225e3c7364c1b35241c4cccaa47d4e1706fce8e3c46659015019cfa,2021-12-09T00:00:00Z,2021-12-09T00:15:00Z,2021-12-09T00:16:00Z,development,long_signal,0,1225.27204548952,0,61.263602274476,no_action_disarmed,,
intent_3a93e40edbef00cdf7e69c7a,33be03a80920ea29ea1079bb96dd99f6b6a745ed6873f8daacb05a733aee9f66,2021-12-10T00:00:00Z,2021-12-10T00:15:00Z,2021-12-10T00:17:00Z,development,long_signal,0,1225.27204548952,0,61.263602274476,no_action_disarmed,,
intent_84c615972a0a0867dad71abc,9d40330eb34e1c8fdb6b89c0462d6c9764d36c0c84e8bd7ea029aa0b12ec5179,2021-12-11T00:00:00Z,2021-12-11T00:15:00Z,2021-12-11T00:16:00Z,development,long_signal,0,1225.27204548952,0,61.263602274476,no_action_disarmed,,
intent_a4f46baf1265e94137b0835c,64fd1e1a935ceb2771a7d43530780a6da761823936c4a45c2d00ccaf0588a9e7,2021-12-12T00:00:00Z,2021-12-12T00:15:00Z,2021-12-12T00:18:00Z,development,long_signal,0,1225.27204548952,0,61.263602274476,no_action_disarmed,,
intent_62247140eb000514e86d6220,6c266ca5ea6c9ba0d88f3dc367a00ab254a4b047a69f676a9567903a064950f1,2021-12-13T00:00:00Z,2021-12-13T00:15:00Z,2021-12-13T00:16:00Z,development,long_signal,0,1225.27204548952,0,61.263602274476,no_action_disarmed,,
intent_99ff69b7efc89a342a842ddb,ca575b3b3bbc3f697c5ce895de333400a6fd6f138937fd2ad3b841578af74e07,2021-12-14T00:00:00Z,2021-12-14T00:15:00Z,2021-12-14T00:16:00Z,development,long_signal,0,1225.27204548952,0,61.263602274476,no_action_disarmed,,
intent_486de2606f817678453a1f60,e24d5763c3d7dc75886dd562c90e481f0fbcde625969e4fabc16845faa809ec6,2021-12-15T00:00:00Z,2021-12-15T00:15:00Z,2021-12-15T00:16:00Z,development,long_signal,0,1225.27204548952,0,61.263602274476,no_action_disarmed,,
intent_50a7f11adc7e7ec45268577c,87e706f44b842f827fec1c349c7f914e9edd2c4dc654701d3936ba09e1b01289,2021-12-16T00:00:00Z,2021-12-16T00:15:00Z,2021-12-16T00:15:00Z,development,long_signal,0,1225.27204548952,0,61.263602274476,no_fill_reference_unavailable,,
intent_b6b89c3d0836241ad9ee9d43,189f826118e7e537a7ad0f2ad8525144176128431777f362bcf1d0b1df37a8c5,2021-12-17T00:00:00Z,2021-12-17T00:15:00Z,2021-12-17T00:15:00Z,development,long_signal,0,1225.27204548952,0,61.263602274476,no_fill_reference_unavailable,,
intent_f6fdce6e491601e7fd41fcb5,9d7dd3e4c682a5b384d2cd64cb3a730c7beae7447f9b0f0b0aa65aa743ff6d3e,2021-12-18T00:00:00Z,2021-12-18T00:15:00Z,2021-12-18T00:15:00Z,development,non_positive_momentum,0,1225.27204548952,0,61.263602274476,no_fill_reference_unavailable,,
intent_bc72b976cafb13df11ee2661,4911f300a3ee263ee36d210f7d66be774a2219e4fcbb9ca3a8449782ca4bc7fa,2021-12-19T00:00:00Z,2021-12-19T00:15:00Z,2021-12-19T00:15:00Z,development,non_positive_momentum,0,1225.27204548952,0,61.263602274476,no_fill_reference_unavailable,,
intent_632e808b41d3746d52b1ad40,5f833a9e22de211db0fbba839ec106112f98c14dd6385a6d2958bf18982b6152,2021-12-20T00:00:00Z,2021-12-20T00:15:00Z,2021-12-20T00:15:00Z,development,long_signal,0,1225.27204548952,0,61.263602274476,no_fill_reference_unavailable,,
intent_85c91265c7e7bcc14a9b2f5e,40a0acff10b1ab0f01b9f4316a18ee83397698d05634196e3093bcf981c20b0f,2021-12-21T00:00:00Z,2021-12-21T00:15:00Z,2021-12-21T00:15:00Z,development,long_signal,0,1225.27204548952,0,61.263602274476,no_fill_reference_unavailable,,
intent_b06b55ffcc269a8f0a7cd085,cd9ea1f9e1c9c2bd6b19d8fbb17cda0b457a9c663b027e23072ad161a2a2987b,2021-12-22T00:00:00Z,2021-12-22T00:15:00Z,2021-12-22T00:17:00Z,development,long_signal,0,1225.27204548952,0,61.263602274476,no_action_disarmed,,
intent_f50bb81f31069019a13b7f9e,8c79c1201e9ad762dbcc5c72191c2567a62efbc953700477054880253af80b3c,2021-12-23T00:00:00Z,2021-12-23T00:15:00Z,2021-12-23T00:18:00Z,development,long_signal,0,1225.27204548952,0,61.263602274476,no_action_disarmed,,
intent_81dfc44b97d8bee8e818c8ac,1611a96dfb77963ba045c5012c64197907396792349aaf3e9e458336e8334f63,2021-12-24T00:00:00Z,2021-12-24T00:15:00Z,2021-12-24T00:20:00Z,development,long_signal,0,1225.27204548952,0,61.263602274476,no_action_disarmed,,
intent_c251801adbfcaf6a9ebb53ca,14c506a5fc93057f109c73a294364c8b8f7e12432300c126727ebb9fad80afda,2021-12-25T00:00:00Z,2021-12-25T00:15:00Z,2021-12-25T00:19:00Z,development,long_signal,0,1225.27204548952,0,61.263602274476,no_action_disarmed,,
intent_072bae306295ada8cd8b432c,179c97e02c16c6041686230432958255e94ddd783687d48595791a9cfb293873,2021-12-26T00:00:00Z,2021-12-26T00:15:00Z,2021-12-26T00:15:00Z,development,long_signal,0,1225.27204548952,0,61.263602274476,no_fill_reference_unavailable,,
intent_f396c7f3e50ff31c92af32f7,36f55faefd1de8f03b18084f6e808ad823d7c9fe92e50235dab8d3fbb1e306a7,2021-12-27T00:00:00Z,2021-12-27T00:15:00Z,2021-12-27T00:16:00Z,development,long_signal,0,1225.27204548952,0,61.263602274476,no_action_disarmed,,
intent_273163d8d1677b73e3dfb3ea,2e3748121fa5fbf834f7a566090863a4e382efff5cbdaa6dbb2fd8f0da550c26,2021-12-28T00:00:00Z,2021-12-28T00:15:00Z,2021-12-28T00:20:00Z,development,long_signal,0,1225.27204548952,0,61.263602274476,no_action_disarmed,,
intent_e97077176c1741b1008c88f5,5cf8ec767e532f727e5de2c511f103ff5a4157add6cb7808b9f95d4e6771b37a,2021-12-29T00:00:00Z,2021-12-29T00:15:00Z,2021-12-29T00:17:00Z,development,long_signal,0,1225.27204548952,0,61.263602274476,no_action_disarmed,,
intent_a144bd48624239411be859d7,90cc3b17af33a09c57f44d48df260cbe8b0c4b51d500485553396b34672574ae,2021-12-30T00:00:00Z,2021-12-30T00:15:00Z,2021-12-30T00:17:00Z,development,below_trend,0,1225.27204548952,0,61.263602274476,no_action_disarmed,,
intent_9311bdb57a04bee9146d8533,112b2d3fd339ced7af356338c6c82584c833c1db3a1b0244021b3462c75e7dd9,2021-12-31T00:00:00Z,2021-12-31T00:15:00Z,2021-12-31T00:19:00Z,development,non_positive_momentum,0,1225.27204548952,0,61.263602274476,no_action_disarmed,,
intent_6ab84ebb4f878229736c5f98,ed3665d9f1a67e4d8dcca9c0cc2758d57bcb21c13dbbd013f077b761ce33c1b1,2022-01-01T00:00:00Z,2022-01-01T00:15:00Z,2022-01-01T00:20:00Z,development,non_positive_momentum,0,1225.27204548952,0,61.263602274476,no_action_disarmed,,
intent_4e3594420797f40134459cac,e7896c5a694d8bc93c8f9087b72fb21c9894d67aba4669109548560e1d9fe23c,2022-01-02T00:00:00Z,2022-01-02T00:15:00Z,2022-01-02T00:17:00Z,development,long_signal,0,1225.27204548952,0,61.263602274476,no_action_disarmed,,
intent_c173326c748abbb9f8da3e45,223ef3ee831bd092666c535f6c0faf96795ba5b2b3d2a69b902a820b15920ec1,2022-01-03T00:00:00Z,2022-01-03T00:15:00Z,2022-01-03T00:16:00Z,development,non_positive_momentum,0,1225.27204548952,0,61.263602274476,no_action_disarmed,,
intent_b0d62e2a37d13187d7c98c6f,ae177e41d03bfb36d0ccb46c3cc93edb3483823f466e9d506371c7e5f5ed7333,2022-01-04T00:00:00Z,2022-01-04T00:15:00Z,2022-01-04T00:17:00Z,development,non_positive_momentum,0,1225.27204548952,0,61.263602274476,no_action_disarmed,,
intent_90312f3aea9505df64643cf4,f3e81b6d6c93c02b058c345b8d1e3fde8ec6af23d2101e434f7583faf279eb07,2022-01-05T00:00:00Z,2022-01-05T00:15:00Z,2022-01-05T00:19:00Z,development,non_positive_momentum,0,1225.27204548952,0,61.263602274476,no_action_disarmed,,
intent_f831500998a554da4e06831c,ad29ff315550830bda94e4751035b0ff29a54357fd6908387e8c5fdf2093b7ed,2022-01-06T00:00:00Z,2022-01-06T00:15:00Z,2022-01-06T00:17:00Z,development,non_positive_momentum,0,1225.27204548952,0,61.263602274476,no_action_disarmed,,
intent_910bfe4a0da5fd9c327f0b03,83def86f5ad275b7caeee2ea3a3f93ae03038dea2a9349d2c6392148f209a7f7,2022-01-07T00:00:00Z,2022-01-07T00:15:00Z,2022-01-07T00:18:00Z,development,non_positive_momentum,0,1225.27204548952,0,61.263602274476,no_action_disarmed,,
intent_651f5c8200c1ce0df16f8101,8eb6a30644ab57f7b28237fad60157d625fcae40d03273c3ed242720c8a9d92c,2022-01-08T00:00:00Z,2022-01-08T00:15:00Z,2022-01-08T00:16:00Z,development,non_positive_momentum,0,1225.27204548952,0,61.263602274476,no_action_disarmed,,
intent_8caa99d057a7415018f96a3e,5b1e9d219be3d2d339ef03ff4b7486451b14a810ee38d04ae12d2d5b74952bf3,2022-01-09T00:00:00Z,2022-01-09T00:15:00Z,2022-01-09T00:15:00Z,development,non_positive_momentum,0,1225.27204548952,0,61.263602274476,no_fill_reference_unavailable,,
intent_cd8f72e4b90dcdc1f45e1a02,1914ed675e780a04dd2c498b01ce55bb3338521bbad4c86e4624c2f6b77c6106,2022-01-10T00:00:00Z,2022-01-10T00:15:00Z,2022-01-10T00:20:00Z,development,non_positive_momentum,0,1225.27204548952,0,61.263602274476,no_action_disarmed,,
intent_0d394b5381d268943f1a6534,8dbd99d7c778dadfd8a5f45d212937fee33a682922c2d7439a778f8b9d6958f5,2022-01-11T00:00:00Z,2022-01-11T00:15:00Z,2022-01-11T00:16:00Z,development,non_positive_momentum,0,1225.27204548952,0,61.263602274476,no_action_disarmed,,
intent_99781849b42aadc28a428e5c,4276e15a332b5699676e21123c2668ead4b85415b4ce7955c4a7151c7d8aabaa,2022-01-12T00:00:00Z,2022-01-12T00:15:00Z,2022-01-12T00:19:00Z,development,non_positive_momentum,0,1225.27204548952,0,61.263602274476,no_action_disarmed,,
intent_2a15ba66311b8204a5ce301f,51c2be5df3875013c362bffa5707781d9c01222ed0183529e83040dfee98dd80,2022-01-13T00:00:00Z,2022-01-13T00:15:00Z,2022-01-13T00:17:00Z,development,non_positive_momentum,0,1225.27204548952,0,61.263602274476,no_action_disarmed,,
intent_5afd71e2d7e252ae6377f964,a104c6c210fae2a080876f367aa25e14447d2cda2f12750942d69ad5670633be,2022-01-14T00:00:00Z,2022-01-14T00:15:00Z,2022-01-14T00:16:00Z,development,non_positive_momentum,0,1225.27204548952,0,61.263602274476,no_action_disarmed,,
intent_5425a6536cf228d68c859273,b298d03e18fe4eb839e8ef5535172553e514219e0c26f2cd13af0605737f4730,2022-01-15T00:00:00Z,2022-01-15T00:15:00Z,2022-01-15T00:16:00Z,development,non_positive_momentum,0,1225.27204548952,0,61.263602274476,no_action_disarmed,,
intent_df481008f63e9b2e200a2152,12844630e1701682b7003070b3bea4c520ee408bb5b507fa61d50dd3e512f2bb,2022-01-16T00:00:00Z,2022-01-16T00:15:00Z,2022-01-16T00:15:00Z,development,non_positive_momentum,0,1225.27204548952,0,61.263602274476,no_fill_reference_unavailable,,
intent_7bd603072ffd8a82fdd84cea,8c0508ab7f02f9b299cd9776c2946bb2b99db9e4b7e96d5d1f220419f6e47cf1,2022-01-17T00:00:00Z,2022-01-17T00:15:00Z,2022-01-17T00:16:00Z,development,non_positive_momentum,0,1225.27204548952,0,61.263602274476,no_action_disarmed,,
intent_95f99b291430a7d45bb7c73e,1c73534afbd105ccf2ef6bb9a6a4e776602b1328399e721a7aecead782484cf4,2022-01-18T00:00:00Z,2022-01-18T00:15:00Z,2022-01-18T00:16:00Z,development,non_positive_momentum,0,1225.27204548952,0,61.263602274476,no_action_disarmed,,
intent_7aa98bb6ee967b3ecf0e683a,81ee05c838a593c07cfe8f01fd1627cdbf0f45b29891099433201f1db4c881d3,2022-01-19T00:00:00Z,2022-01-19T00:15:00Z,2022-01-19T00:19:00Z,development,non_positive_momentum,0,1225.27204548952,0,61.263602274476,no_action_disarmed,,
intent_1f5e1602fa31f05d2ea19b80,91696ec980c64e5df3032efc13e92224358220692f83a6296507a732ed92eabe,2022-01-20T00:00:00Z,2022-01-20T00:15:00Z,2022-01-20T00:15:00Z,development,non_positive_momentum,0,1225.27204548952,0,61.263602274476,no_fill_reference_unavailable,,
intent_e592373291e9782248f30e65,7156f9de0a47052e6862482668f835b27023e3e10889cf6e190b08ae650e4a59,2022-01-21T00:00:00Z,2022-01-21T00:15:00Z,2022-01-21T00:16:00Z,development,non_positive_momentum,0,1225.27204548952,0,61.263602274476,no_action_disarmed,,
intent_d09fc5f267974283742cd50e,e060b5b7024b1cb579d8423ab9f75bb0a4f61ab2d1803f7a2436ccc93f5598d0,2022-01-22T00:00:00Z,2022-01-22T00:15:00Z,2022-01-22T00:16:00Z,development,non_positive_momentum,0,1225.27204548952,0,61.263602274476,no_action_disarmed,,
intent_37ca4a10fea30803dee8fe9a,82847a1fed1b99e601ac5c4d7c36dacf2ecb302273607ee24ab945178b328486,2022-01-23T00:00:00Z,2022-01-23T00:15:00Z,2022-01-23T00:16:00Z,development,non_positive_momentum,0,1225.27204548952,0,61.263602274476,no_action_disarmed,,
intent_78f9fa187e0497c077f9f392,946fde4062fcbfd6e715f9da7bfd3670bbc867e5c6851e0040b6251e37a614c7,2022-01-24T00:00:00Z,2022-01-24T00:15:00Z,2022-01-24T00:15:00Z,development,non_positive_momentum,0,1225.27204548952,0,61.263602274476,no_fill_reference_unavailable,,
intent_95835ea2481454749b56cbff,2392f6caf816d951970f616d855c1e02287eb600157979d50ee2f366eb5666cf,2022-01-25T00:00:00Z,2022-01-25T00:15:00Z,2022-01-25T00:16:00Z,development,non_positive_momentum,0,1225.27204548952,0,61.263602274476,no_action_disarmed,,
intent_120f6131d58c4b413f0233f8,71093aacf9f80cbc907cd42a49f2e79560abadf91bb6cd5f88abcb6289aa4fa6,2022-01-26T00:00:00Z,2022-01-26T00:15:00Z,2022-01-26T00:18:00Z,development,non_positive_momentum,0,1225.27204548952,0,61.263602274476,no_action_disarmed,,
intent_94adde224f1278fade758b1d,652503cf47d41b1d925530b26d6bac705a3348b1689c3dc860e9d42c50708b09,2022-01-27T00:00:00Z,2022-01-27T00:15:00Z,2022-01-27T00:17:00Z,development,non_positive_momentum,0,1225.27204548952,0,61.263602274476,no_action_disarmed,,
intent_976123d7ca980024d0bf99a9,ed2db063f7f75015f99777840705a9949f8a946d762d68d874c4d14d97b44063,2022-01-28T00:00:00Z,2022-01-28T00:15:00Z,2022-01-28T00:20:00Z,development,non_positive_momentum,0,1225.27204548952,0,61.263602274476,no_action_disarmed,,
intent_613dee2570a88517df6236d6,4fd9fe3de41a375e912ec8cb219c70dca5921f0e91e8b9318eb9b91f2ea1abd5,2022-01-29T00:00:00Z,2022-01-29T00:15:00Z,2022-01-29T00:16:00Z,development,non_positive_momentum,0,1225.27204548952,0,61.263602274476,no_action_disarmed,,
intent_d9df98d0ef161c993fecbe70,185434b783862d4fefc46dfb2c133d6d14bbed9b104d0ed4fbc802f5dbd8a4b0,2022-01-30T00:00:00Z,2022-01-30T00:15:00Z,2022-01-30T00:16:00Z,development,non_positive_momentum,0,1225.27204548952,0,61.263602274476,no_action_disarmed,,
intent_da1da157b91e354065a19c38,353f439ac61f0cbecf343f84ea60b3739fa58299222c3708aec3c6230945f32d,2022-01-31T00:00:00Z,2022-01-31T00:15:00Z,2022-01-31T00:17:00Z,development,non_positive_momentum,0,1225.27204548952,0,61.263602274476,no_action_disarmed,,
intent_5e81212e52189da5c3a7bde4,71e0260746f4ceb92ddf1169871484ca4a4e8e98276b54d195faf0017c38382a,2022-02-01T00:00:00Z,2022-02-01T00:15:00Z,2022-02-01T00:17:00Z,development,non_positive_momentum,0,1225.27204548952,0,61.263602274476,no_action_disarmed,,
intent_ef620e4438ca537f5314c700,6633f01fd395d9692a812f4e8b03c22072f072dd85f6e7dff0f57765ff518143,2022-02-02T00:00:00Z,2022-02-02T00:15:00Z,2022-02-02T00:16:00Z,development,non_positive_momentum,0,1225.27204548952,0,61.263602274476,no_action_disarmed,,
intent_b7cfceaf2524a0bcb62e53ba,b8ee58d19b4d776282312cbb24ba930fe458ece78919f3083de729f7a61db4ce,2022-02-03T00:00:00Z,2022-02-03T00:15:00Z,2022-02-03T00:17:00Z,development,non_positive_momentum,0,1225.27204548952,0,61.263602274476,no_action_disarmed,,
intent_4ccc01f800101a00d0ad8e99,a71c3ddf12f7059c556ad7eb6b5001bb031fd44ca8634de0235ff79229aa49ec,2022-02-04T00:00:00Z,2022-02-04T00:15:00Z,2022-02-04T00:16:00Z,development,non_positive_momentum,0,1225.27204548952,0,61.263602274476,no_action_disarmed,,
intent_dcd646370dfb6d7ef3403503,887a585db5af27f990a82cd6e1b32e4e3e5cfd6641cc29cbae3e2ed49874458a,2022-02-05T00:00:00Z,2022-02-05T00:15:00Z,2022-02-05T00:16:00Z,development,non_positive_momentum,0,1225.27204548952,0,61.263602274476,no_action_disarmed,,
intent_c8befaa1557509e70e805e39,34de06fd4633d63b737e3aece05c8e191c8703d7c900fc043d97ec8f676d2125,2022-02-06T00:00:00Z,2022-02-06T00:15:00Z,2022-02-06T00:19:00Z,development,non_positive_momentum,0,1225.27204548952,0,61.263602274476,no_action_disarmed,,
intent_3559b34e1cd74b40ecb7e15c,8ec96b44734b73ee1669e23d24354f95f1200308c2b59a1b1a7f2cdcc4cf2ae7,2022-02-07T00:00:00Z,2022-02-07T00:15:00Z,2022-02-07T00:16:00Z,development,non_positive_momentum,0,1225.27204548952,0,61.263602274476,no_action_disarmed,,
intent_108e4b794ef93bca1870527c,bd66c86d0a2e577bb478b02db2a3f7639a4a7a4d6b2253f4200a6e3e6a67f31e,2022-02-08T00:00:00Z,2022-02-08T00:15:00Z,2022-02-08T00:16:00Z,development,non_positive_momentum,0,1225.27204548952,0,61.263602274476,no_action_disarmed,,
intent_ddab32fe5c6338b9de59230e,81a3bd50c3e7f58e76feab039b2ba2717ac55d4c09287787c97098c8e61cf76e,2022-02-09T00:00:00Z,2022-02-09T00:15:00Z,2022-02-09T00:17:00Z,development,non_positive_momentum,0,1225.27204548952,0,61.263602274476,no_action_disarmed,,
intent_3a3ed2156b1bf0d7d3588f64,c175613769db9998fcd912c1ad590f66b52ab2ff6741e3bb4d389399a979d97e,2022-02-10T00:00:00Z,2022-02-10T00:15:00Z,2022-02-10T00:19:00Z,development,non_positive_momentum,0,1225.27204548952,0,61.263602274476,no_action_disarmed,,
intent_089d2f3c2df71ed4cf816f64,652e765977565eb862b269514c565404bd36e9478859a442d145f4876133da2c,2022-02-11T00:00:00Z,2022-02-11T00:15:00Z,2022-02-11T00:15:00Z,development,non_positive_momentum,0,1225.27204548952,0,61.263602274476,no_fill_reference_unavailable,,
intent_e5bdeb2c49ec9d1060363a47,df573cf24bb2d72e03fef3375a0d8c1e7c5087e3851d9c49f9661010dcd7bf6b,2022-02-12T00:00:00Z,2022-02-12T00:15:00Z,2022-02-12T00:19:00Z,development,non_positive_momentum,0,1225.27204548952,0,61.263602274476,no_action_disarmed,,
intent_64383a26c9fa71a4a0d085c7,86ffc6544b93fdad9dfd5da1e95816292bccd5b7a4bc27a4131ffc42ed7c2041,2022-02-13T00:00:00Z,2022-02-13T00:15:00Z,2022-02-13T00:17:00Z,development,non_positive_momentum,0,1225.27204548952,0,61.263602274476,no_action_disarmed,,
intent_93234374fd729816319adeec,6d1c0d5e68e0805eef2e51fa9c559d20d18cf70d357435d99d85d8856d77652d,2022-02-14T00:00:00Z,2022-02-14T00:15:00Z,2022-02-14T00:15:00Z,development,non_positive_momentum,0,1225.27204548952,0,61.263602274476,no_fill_reference_unavailable,,
intent_148dd559bbf166a2ad85306a,32544371150cb47d603f65fd21947e12bfc966f73f5db20258d9f86826e4a73f,2022-02-15T00:00:00Z,2022-02-15T00:15:00Z,2022-02-15T00:17:00Z,development,non_positive_momentum,0,1225.27204548952,0,61.263602274476,no_action_disarmed,,
intent_f0549b704ab4be50371fc332,b6d4760a900de093c350a2bc81b94ec42c157adf2d884f1c4fcd23cd9a9811cd,2022-02-16T00:00:00Z,2022-02-16T00:15:00Z,2022-02-16T00:16:00Z,development,non_positive_momentum,0,1225.27204548952,0,61.263602274476,no_action_disarmed,,
intent_bb7ed82e910a15a140cd905c,c74fd2afcdd298b1237aadbb8a3115c1981b1ed3f28f4b8252b83ccc3699741f,2022-02-17T00:00:00Z,2022-02-17T00:15:00Z,2022-02-17T00:20:00Z,development,non_positive_momentum,0,1225.27204548952,0,61.263602274476,no_action_disarmed,,
intent_765e875b09f1b680894d5c69,1f9edef5e51ce6385081f7578278c813bb0510a80c2be7174b2b4aa83d455d7d,2022-02-18T00:00:00Z,2022-02-18T00:15:00Z,2022-02-18T00:19:00Z,development,non_positive_momentum,0,1225.27204548952,0,61.263602274476,no_action_disarmed,,
intent_857ee6befd1dc9f38e320272,806a4b4b841e8366815216e937733be0ae7eb47f77ebbbb33132ce5222f3b597,2022-02-19T00:00:00Z,2022-02-19T00:15:00Z,2022-02-19T00:15:00Z,development,non_positive_momentum,0,1225.27204548952,0,61.263602274476,no_fill_reference_unavailable,,
intent_55e0463c3ddd0ffa65032997,d7d4bd8ad950c0b587dcb1e10a52082b4ce80f62291570fbbd083ee4a1a8a041,2022-02-20T00:00:00Z,2022-02-20T00:15:00Z,2022-02-20T00:18:00Z,development,non_positive_momentum,0,1225.27204548952,0,61.263602274476,no_action_disarmed,,
intent_38e048912fc3d56812bf5557,f10d25cff245e0a4bc258be522b9103a5691d97d85944bd3ff81cc999b3bd08d,2022-02-21T00:00:00Z,2022-02-21T00:15:00Z,2022-02-21T00:20:00Z,development,non_positive_momentum,0,1225.27204548952,0,61.263602274476,no_action_disarmed,,
intent_528e0cf9a28243854a203d2e,6df950e71282d49350f50b78ea487a190726bfaddccfdcb8ee2b05335d23f165,2022-02-22T00:00:00Z,2022-02-22T00:15:00Z,2022-02-22T00:16:00Z,development,non_positive_momentum,0,1225.27204548952,0,61.263602274476,no_action_disarmed,,
intent_58d5066aaa33a14d4ac9c782,e0f0a77411a93713030cca90f739c948da7bd135a17132fd8ba94e223d1f04d9,2022-02-23T00:00:00Z,2022-02-23T00:15:00Z,2022-02-23T00:17:00Z,development,non_positive_momentum,0,1225.27204548952,0,61.263602274476,no_action_disarmed,,
intent_4e458d4d3de2547894f92df0,08a7bd9840749d5666a982f62dd9fb6e52f0d804b0a7fa8c43d2edc5c52dd734,2022-02-24T00:00:00Z,2022-02-24T00:15:00Z,2022-02-24T00:16:00Z,development,non_positive_momentum,0,1225.27204548952,0,61.263602274476,no_action_disarmed,,
intent_c6698724990c11cd3c3e8422,39c0b4fa3486dd2917b7669f6ac973cc3b37f847babf4567231a8fb4814349e2,2022-02-25T00:00:00Z,2022-02-25T00:15:00Z,2022-02-25T00:16:00Z,development,non_positive_momentum,0,1225.27204548952,0,61.263602274476,no_action_disarmed,,
intent_e0d112b2236ebc4dd7f8682d,6c7cb692418bda5656f5148d8bcf7f5eb09ce211c512dfbb2fd3ec5efd8d7bac,2022-02-26T00:00:00Z,2022-02-26T00:15:00Z,2022-02-26T00:18:00Z,development,non_positive_momentum,0,1225.27204548952,0,61.263602274476,no_action_disarmed,,
intent_f067cea02b203838239dd46a,83075c978b85bdeaf77de7e554f368539acdb5cb6c4314789e0e93824449b654,2022-02-27T00:00:00Z,2022-02-27T00:15:00Z,2022-02-27T00:19:00Z,development,non_positive_momentum,0,1225.27204548952,0,61.263602274476,no_action_disarmed,,
intent_f5d8c88a8fcb3801911b2944,9ef9c9efc90ca9abcef80a662109547805b865657c6001f4f3df9fd920bca200,2022-02-28T00:00:00Z,2022-02-28T00:15:00Z,2022-02-28T00:16:00Z,development,non_positive_momentum,0,1225.27204548952,0,61.263602274476,no_action_disarmed,,
intent_192994aa2b3349f4f773d37d,43600017ad28e0419c9526dec195dffcf07015223f78e3fd8a2b14a873b967bf,2022-03-01T00:00:00Z,2022-03-01T00:15:00Z,2022-03-01T00:16:00Z,development,non_positive_momentum,0,1225.27204548952,0,61.263602274476,no_action_disarmed,,
intent_1c7ec50f0926b460577a09c0,348e9db5cd1d1a61d983a437673382d6b3e57241befa9969d1ca71c2d01aca3b,2022-03-02T00:00:00Z,2022-03-02T00:15:00Z,2022-03-02T00:16:00Z,development,non_positive_momentum,0,1225.27204548952,0,61.263602274476,no_action_disarmed,,
intent_0b0db2075dfea75a86bdb283,b20d61c15c10b53a44179399ce7b469eee87bafe2a9de4d8b5ce95fea4cf4b3f,2022-03-03T00:00:00Z,2022-03-03T00:15:00Z,2022-03-03T00:17:00Z,development,non_positive_momentum,0,1225.27204548952,0,61.263602274476,no_action_disarmed,,
intent_0de151a9561e44fee4cc8a3c,c8f0b471a38ffc75806e12dd1a9f862a599d0851c4ec8c2102011596d9ae08b4,2022-03-04T00:00:00Z,2022-03-04T00:15:00Z,2022-03-04T00:17:00Z,development,non_positive_momentum,0,1225.27204548952,0,61.263602274476,no_action_disarmed,,
intent_2f30f96b97eddda88a4663b3,d77eaa298732a37c190033cd571ee6ef5c4a9d9eeee5812e85b1ce4ded107d61,2022-03-05T00:00:00Z,2022-03-05T00:15:00Z,2022-03-05T00:18:00Z,development,non_positive_momentum,0,1225.27204548952,0,61.263602274476,no_action_disarmed,,
intent_201a0ce523fcf492fa00529f,1400ffe8662942b31c603f3a05bbc0ef0695694a4f11a85ba900e2f94d3acb57,2022-03-06T00:00:00Z,2022-03-06T00:15:00Z,2022-03-06T00:17:00Z,development,non_positive_momentum,0,1225.27204548952,0,61.263602274476,no_action_disarmed,,
intent_9dc93b6351fcb8bc957c24fd,5c0bc0d4001fecce42bfdb23d73ad3e465289a88c52ac5a9e751ee86740509b8,2022-03-07T00:00:00Z,2022-03-07T00:15:00Z,2022-03-07T00:16:00Z,development,non_positive_momentum,0,1225.27204548952,0,61.263602274476,no_action_disarmed,,
intent_7bbe40c3b001d052d0b4d248,c27d7c6a5ffc508dbb19a2a97d9deee3ad6042d59a59693bdba6ae26589f042e,2022-03-08T00:00:00Z,2022-03-08T00:15:00Z,2022-03-08T00:16:00Z,development,non_positive_momentum,0,1225.27204548952,0,61.263602274476,no_action_disarmed,,
intent_0320da4fc07ff198f9e3d8e3,d9e168d9fa75c4c32835f09b97df835e174e4358e757eba444e025c571eff36b,2022-03-09T00:00:00Z,2022-03-09T00:15:00Z,2022-03-09T00:16:00Z,development,non_positive_momentum,0,1225.27204548952,0,61.263602274476,no_action_disarmed,,
intent_f7ebe77f724a79b4b7119642,e46f3ee87456534129b5c1c8f15ae249f127a0abd966d3680d36294b6c6b6e76,2022-03-10T00:00:00Z,2022-03-10T00:15:00Z,2022-03-10T00:17:00Z,development,non_positive_momentum,0,1225.27204548952,0,61.263602274476,no_action_disarmed,,
intent_10d8b4f13435938748834c62,310439c8a152bd53b59740ec1d01cc2e67d1cf03206d2e7c94b0f7e1532be9b2,2022-03-11T00:00:00Z,2022-03-11T00:15:00Z,2022-03-11T00:18:00Z,development,non_positive_momentum,0,1225.27204548952,0,61.263602274476,no_action_disarmed,,
intent_9cc921d1b922ecc3e69ab6f7,0fef3fb446dde2e00a31b85cee6ce741b58dfd654b3a25cd8d4f3be881bbfe78,2022-03-12T00:00:00Z,2022-03-12T00:15:00Z,2022-03-12T00:17:00Z,development,non_positive_momentum,0,1225.27204548952,0,61.263602274476,no_action_disarmed,,
intent_2ff689bb36a67de9311befd3,ba046cc8489b426a8244b44781063c2f25985ee2c9e1e5f801e312bccb2b2230,2022-03-13T00:00:00Z,2022-03-13T00:15:00Z,2022-03-13T00:16:00Z,development,non_positive_momentum,0,1225.27204548952,0,61.263602274476,no_action_disarmed,,
intent_042cea49069edc792ea6ce0c,05b947ded67acd374e404611c10e01fc9fec778435c5edef0ec8a6623efe0f13,2022-03-14T00:00:00Z,2022-03-14T00:15:00Z,2022-03-14T00:16:00Z,development,non_positive_momentum,0,1225.27204548952,0,61.263602274476,no_action_disarmed,,
intent_f0e49f27861dedc5e545eb8e,7ff07838d2e951d05334a8df0dbb2186639378129ec75beeb4ba065e0bc5acbc,2022-03-15T00:00:00Z,2022-03-15T00:15:00Z,2022-03-15T00:16:00Z,development,non_positive_momentum,0,1225.27204548952,0,61.263602274476,no_action_disarmed,,
intent_fa6c019448dcf7e314b37d88,e918e05416468a7ec9af0d7bab5d2e86073aa02ca0375c85a0cd4ce361c9b295,2022-03-16T00:00:00Z,2022-03-16T00:15:00Z,2022-03-16T00:19:00Z,development,non_positive_momentum,0,1225.27204548952,0,61.263602274476,no_action_disarmed,,
intent_2494b154272f248217c1d43c,f2a26fca5aa41b99f6a986775bee884b4a91245d227ea839abba45ec86c757d8,2022-03-17T00:00:00Z,2022-03-17T00:15:00Z,2022-03-17T00:17:00Z,development,non_positive_momentum,0,1225.27204548952,0,61.263602274476,no_action_disarmed,,
intent_e5c10d940727dc396bbc401c,31c71d39eb2e9d6ce3ac6dae6c814c1eb8c45e66f7dc3fdf3c79e8cae3d55226,2022-03-18T00:00:00Z,2022-03-18T00:15:00Z,2022-03-18T00:16:00Z,development,non_positive_momentum,0,1225.27204548952,0,61.263602274476,no_action_disarmed,,
intent_c231de48ec6cea72dedd6c90,2e9e04228c8b189a2b89471970a0c2f92463f520345dd3c8380b3483e852a733,2022-03-19T00:00:00Z,2022-03-19T00:15:00Z,2022-03-19T00:16:00Z,development,non_positive_momentum,0,1225.27204548952,0,61.263602274476,no_action_disarmed,,
intent_873b45bea2fcb83de590e4e2,7c03284fd1e09a9f06c10d09d06f7bf1d1131745e5c479e177c6d3690f5031b4,2022-03-20T00:00:00Z,2022-03-20T00:15:00Z,2022-03-20T00:16:00Z,development,non_positive_momentum,0,1225.27204548952,0,61.263602274476,no_action_disarmed,,
intent_26b926bea27a15b99124e1d7,4858548e8d3391fb72435fae64054326e5086debb14f2a943f8c36221c7fee69,2022-03-21T00:00:00Z,2022-03-21T00:15:00Z,2022-03-21T00:16:00Z,development,non_positive_momentum,0,1225.27204548952,0,61.263602274476,no_action_disarmed,,
intent_70ed798dd45ae6ac08e802f3,bab6f393fd234e484aa537821b2da2c8e2cbafcc566b4ae73f72bd1984a685f3,2022-03-22T00:00:00Z,2022-03-22T00:15:00Z,2022-03-22T00:16:00Z,development,non_positive_momentum,0,1225.27204548952,0,61.263602274476,no_action_disarmed,,
intent_95f90020aaf76211315fd9dd,2ae55a6d7730b7722a088ffc9f927e7f5977618ef3c7bcc2529ef4d8620c8e14,2022-03-23T00:00:00Z,2022-03-23T00:15:00Z,2022-03-23T00:18:00Z,development,non_positive_momentum,0,1225.27204548952,0,61.263602274476,no_action_disarmed,,
intent_70cd63a4847e11cfc606da8b,94319f16bff4304e4d1cab2c89879b8e723be96985bfe412cda1df3fb1696344,2022-03-24T00:00:00Z,2022-03-24T00:15:00Z,2022-03-24T00:16:00Z,development,non_positive_momentum,0,1225.27204548952,0,61.263602274476,no_action_disarmed,,
intent_1ab31bbe57859d73c5225105,647a588dcab3034f4c12455e45fe0be14ba5909b7f9dbd332dcfdf2fdcf8ebd5,2022-03-25T00:00:00Z,2022-03-25T00:15:00Z,2022-03-25T00:17:00Z,development,non_positive_momentum,0,1225.27204548952,0,61.263602274476,no_action_disarmed,,
intent_34a27bf9e8fa8b226c90c335,27a2fe7f8f13e16132b7305e66b5f769444ca405632f683d76214dccfca3578e,2022-03-26T00:00:00Z,2022-03-26T00:15:00Z,2022-03-26T00:17:00Z,development,non_positive_momentum,0,1225.27204548952,0,61.263602274476,no_action_disarmed,,
intent_ee4c4cc4eaa602fd8826d2aa,88b3431d75ad76879971bea4f7b726d568db09a924e0c75204c6b0d3075958b4,2022-03-27T00:00:00Z,2022-03-27T00:15:00Z,2022-03-27T00:20:00Z,development,non_positive_momentum,0,1225.27204548952,0,61.263602274476,no_action_disarmed,,
intent_a501c4046f1096900c60e844,2c2543593dfeb58f6253fb98729f72e6b8f3522921f03019503b9fa4cc64dac2,2022-03-28T00:00:00Z,2022-03-28T00:15:00Z,2022-03-28T00:17:00Z,development,non_positive_momentum,0,1225.27204548952,0,61.263602274476,no_action_disarmed,,
intent_a2cefc316f7542ea21dd9dff,48a2b69127992ed468a7a9952a7e5fb5c84653a012be6d115bcb0761f4612a57,2022-03-29T00:00:00Z,2022-03-29T00:15:00Z,2022-03-29T00:16:00Z,development,non_positive_momentum,0,1225.27204548952,0,61.263602274476,no_action_disarmed,,
intent_55730e0a50f731c25e80c73d,d1fc8c5503c225954d9f7204944060e767e5d9d425a1575793e49f312188f9a7,2022-03-30T00:00:00Z,2022-03-30T00:15:00Z,2022-03-30T00:19:00Z,development,non_positive_momentum,0,1225.27204548952,0,61.263602274476,no_action_disarmed,,
intent_fa937de0b3890f50c9dc34a5,65f12b1c9cd695041c7678d614fbe4f1227c9f9408640cd2eb1631f6dcc6b67d,2022-03-31T00:00:00Z,2022-03-31T00:15:00Z,2022-03-31T00:18:00Z,development,non_positive_momentum,0,1225.27204548952,0,61.263602274476,no_action_disarmed,,
intent_7aaabedb16b131d86278d9c9,ae0ccc13b4a9826301d2b0f431d37c9c1aa1d1de849bd92ec5fd083344971d3d,2022-04-01T00:00:00Z,2022-04-01T00:15:00Z,2022-04-01T00:17:00Z,development,non_positive_momentum,0,1225.27204548952,0,61.263602274476,no_action_disarmed,,
intent_e0b983b8a3985612ab4bc31d,cd58287a08071f3c37bd7bfab84c9a0e90e315f0b747e5477aed20728ce232a0,2022-04-02T00:00:00Z,2022-04-02T00:15:00Z,2022-04-02T00:16:00Z,development,non_positive_momentum,0,1225.27204548952,0,61.263602274476,no_action_disarmed,,
intent_b1f124b83ab3f2c44052759d,b8e4b47b7005be3ea30cf7fa68d362acd9939af4fc710f6c0099f32575a98c83,2022-04-03T00:00:00Z,2022-04-03T00:15:00Z,2022-04-03T00:19:00Z,development,non_positive_momentum,0,1225.27204548952,0,61.263602274476,no_action_disarmed,,
intent_6c76dfb186e6a62fe1e76479,b2c54a135d06c5068ac446ea16d8546cc8412487c0c923b279bdf09eb515a112,2022-04-04T00:00:00Z,2022-04-04T00:15:00Z,2022-04-04T00:16:00Z,development,non_positive_momentum,0,1225.27204548952,0,61.263602274476,no_action_disarmed,,
intent_c089672547d5304a4c9deb6b,9dd0f405a7017e48388d099988ddc1a89ac65fe19523e0315ed660e2fad3a25e,2022-04-05T00:00:00Z,2022-04-05T00:15:00Z,2022-04-05T00:16:00Z,development,below_trend,0,1225.27204548952,0,61.263602274476,no_action_disarmed,,
intent_631a490afa984850b444707c,02996bdcad8e1d29052598ba4e45bff0f36b73e1fb6adc0d4088c64ff2d9605c,2022-04-06T00:00:00Z,2022-04-06T00:15:00Z,2022-04-06T00:16:00Z,development,below_trend,0,1225.27204548952,0,61.263602274476,no_action_disarmed,,
intent_e242501ef23eb0e04abbc859,d1633aace5ca2d350ce8b5d1c460824572cb078637af17ce82674bc536521d6b,2022-04-07T00:00:00Z,2022-04-07T00:15:00Z,2022-04-07T00:16:00Z,development,non_positive_momentum,0,1225.27204548952,0,61.263602274476,no_action_disarmed,,
intent_92e0cf749606aee1e73534cd,46bbf63a075f36bf55fb429c36d3785209b3628cb069118c58fa648190c65dd7,2022-04-08T00:00:00Z,2022-04-08T00:15:00Z,2022-04-08T00:16:00Z,development,below_trend,0,1225.27204548952,0,61.263602274476,no_action_disarmed,,
intent_3737a51ca943806b6ea5de83,8a35505e27ffb31d5fcdd2d08e732e8154b5250634c4bd1c5a3573b51df8f7e7,2022-04-09T00:00:00Z,2022-04-09T00:15:00Z,2022-04-09T00:16:00Z,development,below_trend,0,1225.27204548952,0,61.263602274476,no_action_disarmed,,
intent_874dfb18ff7ab201d0307850,c4aff26e0c010eee57c01bd020ee95a2aed44a75e0234544de89960bb4729ee0,2022-04-10T00:00:00Z,2022-04-10T00:15:00Z,2022-04-10T00:17:00Z,development,below_trend,0,1225.27204548952,0,61.263602274476,no_action_disarmed,,
intent_3fa3fe602e30896377835a95,ffabd96b325dbcb0fcf8cae246f676f5a244eef2c36ad40086fe2a5d70b2697c,2022-04-11T00:00:00Z,2022-04-11T00:15:00Z,2022-04-11T00:18:00Z,development,below_trend,0,1225.27204548952,0,61.263602274476,no_action_disarmed,,
intent_d6b6bad25501954adfc7f933,2a62dc9cddc554a3d6eaef7b6e6a65f8b35f4779e48187732031ad9322a0dec2,2022-04-12T00:00:00Z,2022-04-12T00:15:00Z,2022-04-12T00:16:00Z,development,non_positive_momentum,0,1225.27204548952,0,61.263602274476,no_action_disarmed,,
intent_8fbbc11b68f49ec848a124f8,18061d2be25a482f9da0186030702298362528180a10d5f36111ad241461b264,2022-04-13T00:00:00Z,2022-04-13T00:15:00Z,2022-04-13T00:15:00Z,development,non_positive_momentum,0,1225.27204548952,0,61.263602274476,no_fill_reference_unavailable,,
intent_e86daaf1937f1d47894183c6,68bac80e33a73cf42427463554cdd84dbb87bc6dacd32d809ac8c0b5e9e8a2ac,2022-04-14T00:00:00Z,2022-04-14T00:15:00Z,2022-04-14T00:15:00Z,development,non_positive_momentum,0,1225.27204548952,0,61.263602274476,no_fill_reference_unavailable,,
intent_15c00750318a29a7be686dfe,532e60bbbe6324222977f9a21ea45daeae70e4561d6f764989455cbdad0cff90,2022-04-15T00:00:00Z,2022-04-15T00:15:00Z,2022-04-15T00:19:00Z,development,non_positive_momentum,0,1225.27204548952,0,61.263602274476,no_action_disarmed,,
intent_48aecb086f2cbcfec73aa3ec,8072639ea60b3166a6301775912dca590425d859aa82eac9ba373a586c2ccfc6,2022-04-16T00:00:00Z,2022-04-16T00:15:00Z,2022-04-16T00:16:00Z,development,non_positive_momentum,0,1225.27204548952,0,61.263602274476,no_action_disarmed,,
intent_305f67d44502fef47c861f7a,0a2a7b5f0a8aef04b331b6cce5a56fc852cc694d43ff4fa3464311995cdf5f06,2022-04-17T00:00:00Z,2022-04-17T00:15:00Z,2022-04-17T00:15:00Z,development,non_positive_momentum,0,1225.27204548952,0,61.263602274476,no_fill_reference_unavailable,,
intent_658df65efc7fe09c29dca7fa,b22261c78556062d5cd4cd331cda6cb0bbe423aefef829c5b599898427f5a030,2022-04-18T00:00:00Z,2022-04-18T00:15:00Z,2022-04-18T00:16:00Z,development,non_positive_momentum,0,1225.27204548952,0,61.263602274476,no_action_disarmed,,
intent_79f1dd304f2ea4eaa9d86592,d6f49f0700c991639d0514ab2a46dccf77c6d6614a2b6bd239dc4a47c7dc4db3,2022-04-19T00:00:00Z,2022-04-19T00:15:00Z,2022-04-19T00:18:00Z,development,non_positive_momentum,0,1225.27204548952,0,61.263602274476,no_action_disarmed,,
intent_9e22c249e104f30c7c0c0f26,0f6117b3ff0e0146bc239dd5a9ddd112f588e9348445adab0684b0aabbeeaecd,2022-04-20T00:00:00Z,2022-04-20T00:15:00Z,2022-04-20T00:16:00Z,development,below_trend,0,1225.27204548952,0,61.263602274476,no_action_disarmed,,
intent_bbb8e377374b23b434d70385,914cf67310f00737591f0d5d139c6c223679e378bbe7701c6c05f694584250aa,2022-04-21T00:00:00Z,2022-04-21T00:15:00Z,2022-04-21T00:15:00Z,development,below_trend,0,1225.27204548952,0,61.263602274476,no_fill_reference_unavailable,,
intent_327f510211f33de7e10fae6a,16bc232153c6110a462f100743349a7d4b17a19ab9c520fafdb0c6e34bc19038,2022-04-22T00:00:00Z,2022-04-22T00:15:00Z,2022-04-22T00:16:00Z,development,below_trend,0,1225.27204548952,0,61.263602274476,no_action_disarmed,,
intent_58f0faa004fec0dfa16c21f9,d3411216178106b2683533ef86b31b3e26743ca82e633fc985829663a2e0e1d0,2022-04-23T00:00:00Z,2022-04-23T00:15:00Z,2022-04-23T00:20:00Z,development,below_trend,0,1225.27204548952,0,61.263602274476,no_action_disarmed,,
intent_543aa6a68cf2f89b52b8fb48,7bb18edcf2a19128cc7ba9ae045490c4625e368f89c33ad29229b994d26e4ddf,2022-04-24T00:00:00Z,2022-04-24T00:15:00Z,2022-04-24T00:17:00Z,development,below_trend,0,1225.27204548952,0,61.263602274476,no_action_disarmed,,
intent_d81d9a5a07da2a8d6d2a1050,35a4ed229af56e36a3f04bb2bb943ae0e3509c4651afa532d216ec69ae3bdda2,2022-04-25T00:00:00Z,2022-04-25T00:15:00Z,2022-04-25T00:16:00Z,development,below_trend,0,1225.27204548952,0,61.263602274476,no_action_disarmed,,
intent_6879bab169ac5bb09fab3796,0d45dd140ea9f2546b1ec613ddf892278f8c8e6b3b9c2db3463e69662ad5c61b,2022-04-26T00:00:00Z,2022-04-26T00:15:00Z,2022-04-26T00:16:00Z,development,below_trend,0,1225.27204548952,0,61.263602274476,no_action_disarmed,,
intent_fa8652dbc55fc66f769c59c9,766bd3d59d337d44c553b9bec773c1e167695629dc5d2f0c3df46245cb5e0bfd,2022-04-27T00:00:00Z,2022-04-27T00:15:00Z,2022-04-27T00:16:00Z,development,below_trend,0,1225.27204548952,0,61.263602274476,no_action_disarmed,,
intent_1b006a82ab1d66715e342f78,07364fb44dac06b3d2f8ddf38461b1ca142cace1df11613245c3b34c6939fe40,2022-04-28T00:00:00Z,2022-04-28T00:15:00Z,2022-04-28T00:20:00Z,development,below_trend,0,1225.27204548952,0,61.263602274476,no_action_disarmed,,
intent_aa3996d781d875e8665eb490,f605b24126d12e23e1e2f8f163a381ff10d948d003fb8d124c7aae0cfe5ea6dc,2022-04-29T00:00:00Z,2022-04-29T00:15:00Z,2022-04-29T00:16:00Z,development,below_trend,0,1225.27204548952,0,61.263602274476,no_action_disarmed,,
intent_722763b01796b21f569b9cdd,d901aa25acfef714b1db8726bfa5635f73200170b6b98b9a206035055fd0269c,2022-04-30T00:00:00Z,2022-04-30T00:15:00Z,2022-04-30T00:17:00Z,development,below_trend,0,1225.27204548952,0,61.263602274476,no_action_disarmed,,
intent_c4bd15ad5b28cf3bc8ee683c,f79c247da6c19147fc3e90f3cb37a62799a3db0750451f2a48a4ba272c50f452,2022-05-01T00:00:00Z,2022-05-01T00:15:00Z,2022-05-01T00:16:00Z,development,non_positive_momentum,0,1225.27204548952,0,61.263602274476,no_action_disarmed,,
intent_11ada84080a19c17858d392c,dbf7bea32574e11303f2753d968f91ddcb2d810199298bfa1a4703ff8e6d1135,2022-05-02T00:00:00Z,2022-05-02T00:15:00Z,2022-05-02T00:16:00Z,development,below_trend,0,1225.27204548952,0,61.263602274476,no_action_disarmed,,
intent_a55b0fa09e4040168a745e0f,e48927e365ac351eacb796c78e6d45aa5343da1c7567ab66cb85e15af61ceeb7,2022-05-03T00:00:00Z,2022-05-03T00:15:00Z,2022-05-03T00:17:00Z,development,below_trend,0,1225.27204548952,0,61.263602274476,no_action_disarmed,,
intent_9bc0b95f9941b1088942ebaf,47e1d1020bc6c2d8cafb78d01bb7b7c72c2b8907ba0677e33f91ddb31da0648b,2022-05-04T00:00:00Z,2022-05-04T00:15:00Z,2022-05-04T00:19:00Z,development,below_trend,0,1225.27204548952,0,61.263602274476,no_action_disarmed,,
intent_8ab7346b5d66896ef6e3272d,8b40578bd4d97c37aae463e7cf5280c64b497d5f13487656c22ce068ec583a08,2022-05-05T00:00:00Z,2022-05-05T00:15:00Z,2022-05-05T00:18:00Z,development,below_trend,0,1225.27204548952,0,61.263602274476,no_action_disarmed,,
intent_c0bde571b76bfd95f6ac0994,ccc80a8048be38909e54e6427edc208c6513f324598b7a48984cdc0141b7feca,2022-05-06T00:00:00Z,2022-05-06T00:15:00Z,2022-05-06T00:16:00Z,development,non_positive_momentum,0,1225.27204548952,0,61.263602274476,no_action_disarmed,,
intent_a181beda12ffc768261d4522,f0223e499bf437de3dd2a5155772c6644e99730febf04d21a529b96faa91d3de,2022-05-07T00:00:00Z,2022-05-07T00:15:00Z,2022-05-07T00:16:00Z,development,non_positive_momentum,0,1225.27204548952,0,61.263602274476,no_action_disarmed,,
intent_46183e4a4c9b7d4a14917cf0,ceaf6b04289a54ba4a5bbf3b69d032c330db879d7076ab1bd741c090bb842143,2022-05-08T00:00:00Z,2022-05-08T00:15:00Z,2022-05-08T00:16:00Z,development,non_positive_momentum,0,1225.27204548952,0,61.263602274476,no_action_disarmed,,
intent_6dd0ad498cec864e367c5ca0,6bc692e3e54765399aaf84af85cb14a50427a64f06761d73b0c7a3e546b0fc7d,2022-05-09T00:00:00Z,2022-05-09T00:15:00Z,2022-05-09T00:16:00Z,development,non_positive_momentum,0,1225.27204548952,0,61.263602274476,no_action_disarmed,,
intent_5c6111f5c555d68131e3dc82,5d8f2ab2cc859db8c096cd39d4a770b258a572fe85d89f069de7c0368280f78c,2022-05-10T00:00:00Z,2022-05-10T00:15:00Z,2022-05-10T00:16:00Z,development,non_positive_momentum,0,1225.27204548952,0,61.263602274476,no_action_disarmed,,
intent_142fa59dda91150acf3f8c4f,50758c1cc7483df6562a4f00367de64dd1eaba219f99eafd1ffba2f9d524bd0f,2022-05-11T00:00:00Z,2022-05-11T00:15:00Z,2022-05-11T00:16:00Z,development,non_positive_momentum,0,1225.27204548952,0,61.263602274476,no_action_disarmed,,
intent_9fc5b79d3dc28b5ebd859877,0193a8dabc1dd8e9ae1919013813ae2d878cdcca6e03a62deb5b8e3f072f5a25,2022-05-12T00:00:00Z,2022-05-12T00:15:00Z,2022-05-12T00:17:00Z,development,non_positive_momentum,0,1225.27204548952,0,61.263602274476,no_action_disarmed,,
intent_1ce92361fadc1fa56ae32582,e9dadd54d4824fae904ead6760ab8e58a6b0832a42dd38389a2f68f6255be3a9,2022-05-13T00:00:00Z,2022-05-13T00:15:00Z,2022-05-13T00:16:00Z,development,non_positive_momentum,0,1225.27204548952,0,61.263602274476,no_action_disarmed,,
intent_12a63c288b89cf5ad6414715,62f331ef7dd9b4666d312d2b9682d6d5e5643f4335ebd2933378eafa89245515,2022-05-14T00:00:00Z,2022-05-14T00:15:00Z,2022-05-14T00:16:00Z,development,non_positive_momentum,0,1225.27204548952,0,61.263602274476,no_action_disarmed,,
intent_90e75ca86440ee65b7732176,bc4509361b03b7f8a7745b0c4e4baf3816db49a1b063b939177b3b271e0d7127,2022-05-15T00:00:00Z,2022-05-15T00:15:00Z,2022-05-15T00:16:00Z,development,non_positive_momentum,0,1225.27204548952,0,61.263602274476,no_action_disarmed,,
intent_4b59e9b95fd60447eb235157,c6373c792c31b641692b71d88ab46ecfe66f0a1b65b17c5d84059a0a90c218a7,2022-05-16T00:00:00Z,2022-05-16T00:15:00Z,2022-05-16T00:18:00Z,development,non_positive_momentum,0,1225.27204548952,0,61.263602274476,no_action_disarmed,,
intent_e91c29a58da144016726438e,677614efc1347de2ce6a32f73dedc2d43525e4149d102f7c6f422f05ee7a2f45,2022-05-17T00:00:00Z,2022-05-17T00:15:00Z,2022-05-17T00:16:00Z,development,non_positive_momentum,0,1225.27204548952,0,61.263602274476,no_action_disarmed,,
intent_9bce7e72fe94d5057f1e39ce,b13d51794f18f359f792f8c96e9443da78cde70d464df0089aa9ac00a1e962a5,2022-05-18T00:00:00Z,2022-05-18T00:15:00Z,2022-05-18T00:19:00Z,development,non_positive_momentum,0,1225.27204548952,0,61.263602274476,no_action_disarmed,,
intent_c936e2143775d78b0010d273,af532e9d807fe3f7abb7908ccb0985b7947d5d6f13ef9cbeb8eb3bac22819692,2022-05-19T00:00:00Z,2022-05-19T00:15:00Z,2022-05-19T00:16:00Z,development,non_positive_momentum,0,1225.27204548952,0,61.263602274476,no_action_disarmed,,
intent_150d9156b3704e839fe2cddd,99ed2862543bcd19f6be021e0c9d35d4a7036b230df70a65af072efba58af160,2022-05-20T00:00:00Z,2022-05-20T00:15:00Z,2022-05-20T00:16:00Z,development,non_positive_momentum,0,1225.27204548952,0,61.263602274476,no_action_disarmed,,
intent_ccbe0d57f333674f70fbca27,8a154729f2032ed15361e7d5b773e10ce9751c0d96905b53685fec4c0622d31a,2022-05-21T00:00:00Z,2022-05-21T00:15:00Z,2022-05-21T00:20:00Z,development,non_positive_momentum,0,1225.27204548952,0,61.263602274476,no_action_disarmed,,
intent_a35d356ccc76c32e5a30c602,d01317341484ef5a80e2b53211d8729987e9e5536450d2a6118603be1d19a6e0,2022-05-22T00:00:00Z,2022-05-22T00:15:00Z,2022-05-22T00:19:00Z,development,non_positive_momentum,0,1225.27204548952,0,61.263602274476,no_action_disarmed,,
intent_6afc3a6aa29adf4c212b66b3,6d71e065e289decce71e59f784f7b4c202e6982fad1d7b5eb39dba7b1aef19d6,2022-05-23T00:00:00Z,2022-05-23T00:15:00Z,2022-05-23T00:19:00Z,development,non_positive_momentum,0,1225.27204548952,0,61.263602274476,no_action_disarmed,,
intent_50dc36675c52e3b357a2d252,8d2c6950b63c519754d39a281ac1d880e0848d8ffb1458fd7bdbf4aeaa7d848a,2022-05-24T00:00:00Z,2022-05-24T00:15:00Z,2022-05-24T00:16:00Z,development,non_positive_momentum,0,1225.27204548952,0,61.263602274476,no_action_disarmed,,
intent_d26f69da68e5b736423dd229,3e03feb81e9a13ba479e5cd8662dfae8c21c05840d98d5cf0569615860df8c33,2022-05-25T00:00:00Z,2022-05-25T00:15:00Z,2022-05-25T00:17:00Z,development,non_positive_momentum,0,1225.27204548952,0,61.263602274476,no_action_disarmed,,
intent_0448f2a596c85d20bf707dd7,d0d7b5256d5b743f36c6d09b725e67e8706e7665acc690336340583d281a8ea8,2022-05-26T00:00:00Z,2022-05-26T00:15:00Z,2022-05-26T00:18:00Z,development,non_positive_momentum,0,1225.27204548952,0,61.263602274476,no_action_disarmed,,
intent_c2b7767d3a5e505efdf7adf7,5affc9c487d6296751ce47992ac64f5cede86b27df9c918f7593f1d16abc9e00,2022-05-27T00:00:00Z,2022-05-27T00:15:00Z,2022-05-27T00:17:00Z,development,non_positive_momentum,0,1225.27204548952,0,61.263602274476,no_action_disarmed,,
intent_09c51def5ad3b4844aacb061,1250cc0f6a2374639d68223750adfc6009fc5b35aae045b0f9c4854829656fe1,2022-05-28T00:00:00Z,2022-05-28T00:15:00Z,2022-05-28T00:19:00Z,development,non_positive_momentum,0,1225.27204548952,0,61.263602274476,no_action_disarmed,,
intent_cd664196645e01dd892e5b49,f1b7a460f415817dda4c520a4285907fe0cda2dfff6629f443b532e03a3c18c7,2022-05-29T00:00:00Z,2022-05-29T00:15:00Z,2022-05-29T00:15:00Z,development,non_positive_momentum,0,1225.27204548952,0,61.263602274476,no_fill_reference_unavailable,,
intent_401bd8230ecd46ed4a954fe1,867cf7524ec48f0c32b186d4c63ceadb2d5d49281a88ab5e12648341d3d895fb,2022-05-30T00:00:00Z,2022-05-30T00:15:00Z,2022-05-30T00:15:00Z,development,non_positive_momentum,0,1225.27204548952,0,61.263602274476,no_fill_reference_unavailable,,
intent_43071d304ab5434e4c057dc2,9fd0bd8c8b26597e365204d37d87a704f1011b4a7db7220fc5e813836d2d4c0b,2022-05-31T00:00:00Z,2022-05-31T00:15:00Z,2022-05-31T00:17:00Z,development,non_positive_momentum,0,1225.27204548952,0,61.263602274476,no_action_disarmed,,
intent_2a29f20975aedd46e5d09b5d,2d21a564fbc5018857600fae807da5c2a7276f9836ccbf4e6b0b746feb922229,2022-06-01T00:00:00Z,2022-06-01T00:15:00Z,2022-06-01T00:16:00Z,development,non_positive_momentum,0,1225.27204548952,0,61.263602274476,no_action_disarmed,,
intent_397bc09a33265dad3f441c47,55bcf6922c9b3c8cf94bf194c6d581fe10f14231e91e472678f8866f51591715,2022-06-02T00:00:00Z,2022-06-02T00:15:00Z,2022-06-02T00:17:00Z,development,non_positive_momentum,0,1225.27204548952,0,61.263602274476,no_action_disarmed,,
intent_499b21fafefa0b17e24ae7c3,7467ccdd67c7f30fff3bb61991311c39eeebfe21495d1b30b1c8883da286d92d,2022-06-03T00:00:00Z,2022-06-03T00:15:00Z,2022-06-03T00:16:00Z,development,non_positive_momentum,0,1225.27204548952,0,61.263602274476,no_action_disarmed,,
intent_ceaee754559d291842ee53d5,b1cfa8f645f7f714247abbad4ce603c464c74b2cc4cd6c11aeea0a1b08e76f7e,2022-06-04T00:00:00Z,2022-06-04T00:15:00Z,2022-06-04T00:15:00Z,development,non_positive_momentum,0,1225.27204548952,0,61.263602274476,no_fill_reference_unavailable,,
intent_2d4064e17ed254802ae136e5,71a51a2b3556afe66a489e472ac47d27dfffd9f4c0a4e97504dab5f3418a8ecd,2022-06-05T00:00:00Z,2022-06-05T00:15:00Z,2022-06-05T00:15:00Z,development,non_positive_momentum,0,1225.27204548952,0,61.263602274476,no_fill_reference_unavailable,,
intent_cc78583bb13e123eb7c16ee5,3bece8102d588cc34ed99e84e96df7ba1596f630583b5b872492d98653ec945d,2022-06-06T00:00:00Z,2022-06-06T00:15:00Z,2022-06-06T00:15:00Z,development,non_positive_momentum,0,1225.27204548952,0,61.263602274476,no_fill_reference_unavailable,,
intent_4ba709875dbe315c5d95e916,26c98feaa621b9b324f49ec49edbbf92c301322917b283a237ab043d3c90b028,2022-06-07T00:00:00Z,2022-06-07T00:15:00Z,2022-06-07T00:16:00Z,development,non_positive_momentum,0,1225.27204548952,0,61.263602274476,no_action_disarmed,,
intent_a7c021b3c0d89c037102cd41,b6086d878921fa5ba905593504aade253488fb4423aeb156b26d9ae14eaeb7a1,2022-06-08T00:00:00Z,2022-06-08T00:15:00Z,2022-06-08T00:17:00Z,development,non_positive_momentum,0,1225.27204548952,0,61.263602274476,no_action_disarmed,,
intent_f17130b99f41250eac1001d9,374807446af84fc1903eddae8abfd8b9157b91326577237d44bbeb7a9095d91e,2022-06-09T00:00:00Z,2022-06-09T00:15:00Z,2022-06-09T00:16:00Z,development,non_positive_momentum,0,1225.27204548952,0,61.263602274476,no_action_disarmed,,
intent_89802e97a92bfb3efc6e899b,4337cee10454d0c188e36c9444ad9874c9e0c835c36e946ebdb9f03090effb7e,2022-06-10T00:00:00Z,2022-06-10T00:15:00Z,2022-06-10T00:17:00Z,development,non_positive_momentum,0,1225.27204548952,0,61.263602274476,no_action_disarmed,,
intent_490e361ff2feb468a116b909,e2b587c0e642907b9e6e8c073399a24132f17753f4905520cea039c9b057f9bf,2022-06-11T00:00:00Z,2022-06-11T00:15:00Z,2022-06-11T00:18:00Z,development,non_positive_momentum,0,1225.27204548952,0,61.263602274476,no_action_disarmed,,
intent_40d711d330719a7f14df7efd,64d1a63fe86d89c7e7838c9c79496c001195e11bb868ef8ad520340c259e2056,2022-06-12T00:00:00Z,2022-06-12T00:15:00Z,2022-06-12T00:18:00Z,development,non_positive_momentum,0,1225.27204548952,0,61.263602274476,no_action_disarmed,,
intent_761804401f03a4d25046d43e,d2a0b8c162e756e274c33ce6553459454eac2f51732f4c357b625c2edd33b719,2022-06-13T00:00:00Z,2022-06-13T00:15:00Z,2022-06-13T00:16:00Z,development,non_positive_momentum,0,1225.27204548952,0,61.263602274476,no_action_disarmed,,
intent_961cfec4a539e585f5261d0f,75a06f77fbb2fb7c724ec3e97090f48572ca17e54a4050bcccd18766f9df5908,2022-06-14T00:00:00Z,2022-06-14T00:15:00Z,2022-06-14T00:16:00Z,development,non_positive_momentum,0,1225.27204548952,0,61.263602274476,no_action_disarmed,,
intent_0407c59f44a70541723b4a97,808ab6b7b793b62ab502fd4dac9324d05dfb6f5206c747252e35499eb04ea1c5,2022-06-15T00:00:00Z,2022-06-15T00:15:00Z,2022-06-15T00:17:00Z,development,non_positive_momentum,0,1225.27204548952,0,61.263602274476,no_action_disarmed,,
intent_47fca4c15cb0f0224097d232,bc2d7ab83a840127c789d6bef880d6f2b4b559f81ca166350940d91fb0e45248,2022-06-16T00:00:00Z,2022-06-16T00:15:00Z,2022-06-16T00:18:00Z,development,non_positive_momentum,0,1225.27204548952,0,61.263602274476,no_action_disarmed,,
intent_38cbdac8e879ef6248208d55,0e6c1f2b0897a0fac091ccf303dbbf3e444dac2930c9e2b0572aad4e25fa92f7,2022-06-17T00:00:00Z,2022-06-17T00:15:00Z,2022-06-17T00:17:00Z,development,non_positive_momentum,0,1225.27204548952,0,61.263602274476,no_action_disarmed,,
intent_a7a5511f06c9d021ae616f96,46717f39d678bfa22a296206fd3fc40c565174853dd8e2446c035c7f6989f28a,2022-06-18T00:00:00Z,2022-06-18T00:15:00Z,2022-06-18T00:15:00Z,development,non_positive_momentum,0,1225.27204548952,0,61.263602274476,no_fill_reference_unavailable,,
intent_f8efd3c62cb1f68a17a69f3c,2b5f1979cae2c8c0a6ccb3cc71a70c8cde88e4cdc14f118617eafd64e35b25e9,2022-06-19T00:00:00Z,2022-06-19T00:15:00Z,2022-06-19T00:17:00Z,development,non_positive_momentum,0,1225.27204548952,0,61.263602274476,no_action_disarmed,,
intent_0bd6a22c17983e957bea5763,a0d1d56d123340cdc547d4b22f118685d49976d82abf80f4c5bcf0c89588b083,2022-06-20T00:00:00Z,2022-06-20T00:15:00Z,2022-06-20T00:16:00Z,development,non_positive_momentum,0,1225.27204548952,0,61.263602274476,no_action_disarmed,,
intent_231cd4bb30c9aa3429ec58a5,c75e8762765af0b07209edfd3dc0e57e8818685dd84549f8a0439a4fd839a948,2022-06-21T00:00:00Z,2022-06-21T00:15:00Z,2022-06-21T00:16:00Z,development,non_positive_momentum,0,1225.27204548952,0,61.263602274476,no_action_disarmed,,
intent_f40cf36631a62426182092b2,de38a0e55c911dd3d10968bcf4d7ee75894f6f86e3f2c7216e05f570a581f142,2022-06-22T00:00:00Z,2022-06-22T00:15:00Z,2022-06-22T00:17:00Z,development,non_positive_momentum,0,1225.27204548952,0,61.263602274476,no_action_disarmed,,
intent_596d8823f663eca50a2f4cae,cfbebd306a50eb199b693610d6ac1c03cce63d50947cfe1444dbe29435776781,2022-06-23T00:00:00Z,2022-06-23T00:15:00Z,2022-06-23T00:15:00Z,development,non_positive_momentum,0,1225.27204548952,0,61.263602274476,no_fill_reference_unavailable,,
intent_2ebe2e9a6e6c8fdc50763c71,b968b1ba291c2e236d76c1cd445fef7f0a9011336eac56aeb9bd10ad6f3af3be,2022-06-24T00:00:00Z,2022-06-24T00:15:00Z,2022-06-24T00:19:00Z,development,non_positive_momentum,0,1225.27204548952,0,61.263602274476,no_action_disarmed,,
intent_04d3e7b66fa0d10d407ec7b7,b1f522955fe10c3a1165e6a3a61c77b8e412beac50817cc614b57de41f82d4b3,2022-06-25T00:00:00Z,2022-06-25T00:15:00Z,2022-06-25T00:19:00Z,development,non_positive_momentum,0,1225.27204548952,0,61.263602274476,no_action_disarmed,,
intent_23a29bbf68c92b5de5e423cd,5b5dce90d36398c65ede07bce72c14324fd77bc0335d9942cab4164831daaffd,2022-06-26T00:00:00Z,2022-06-26T00:15:00Z,2022-06-26T00:17:00Z,development,non_positive_momentum,0,1225.27204548952,0,61.263602274476,no_action_disarmed,,
intent_6af2c613e3a5a650fb480cee,465c03a70878cba8ab0c8f3c5a7bc28aada3b8c3657e0d3d3e5b2514c202e52e,2022-06-27T00:00:00Z,2022-06-27T00:15:00Z,2022-06-27T00:17:00Z,development,non_positive_momentum,0,1225.27204548952,0,61.263602274476,no_action_disarmed,,
intent_718bb006cdbb0ea477b7bff0,c6df151cebd450e147beaca3afc1c9e84b0111e7363ef9af8e621b59a02a4551,2022-06-28T00:00:00Z,2022-06-28T00:15:00Z,2022-06-28T00:20:00Z,development,non_positive_momentum,0,1225.27204548952,0,61.263602274476,no_action_disarmed,,
intent_1240b9e937ea7be25e8d5fd8,8f9e0deb71a89f507d74798839b8064f989229e69a818887895f2098bf601af2,2022-06-29T00:00:00Z,2022-06-29T00:15:00Z,2022-06-29T00:20:00Z,development,non_positive_momentum,0,1225.27204548952,0,61.263602274476,no_action_disarmed,,
intent_d48bd409a99c5b2da03e094f,5a980f10ad7e52f3d0705acb6c311dbba341354fb36fe530f8aef4ce1ca0a51b,2022-06-30T00:00:00Z,2022-06-30T00:15:00Z,2022-06-30T00:15:00Z,development,non_positive_momentum,0,1225.27204548952,0,61.263602274476,no_fill_reference_unavailable,,
intent_92deb1c018ea9a82fbf8eeb6,daba9913f738c30e8c1a1dc11b828d5dd95a3b84ae5ce728a60e5cfa6210cfa2,2022-07-01T00:00:00Z,2022-07-01T00:15:00Z,2022-07-01T00:17:00Z,development,non_positive_momentum,0,1225.27204548952,0,61.263602274476,no_action_disarmed,,
intent_21275e6aec177b752f23b984,61fca4721cfd1c078ff733603d1c5cb620059f2bf305dd5146fe74b7d64a6f25,2022-07-02T00:00:00Z,2022-07-02T00:15:00Z,2022-07-02T00:19:00Z,development,non_positive_momentum,0,1225.27204548952,0,61.263602274476,no_action_disarmed,,
intent_da433e3876c8c62f29d46391,70ad3ba473d994dcc07ac2abd57eaffb3ec59898560acbd4c1c9faabadc4ec41,2022-07-03T00:00:00Z,2022-07-03T00:15:00Z,2022-07-03T00:17:00Z,development,non_positive_momentum,0,1225.27204548952,0,61.263602274476,no_action_disarmed,,
intent_b88e1c2062948f1e26fe19d4,c1183cb4909cc01f9776775aeef3156260a5f1bfe6e8d79093c3ead8fd19d55e,2022-07-04T00:00:00Z,2022-07-04T00:15:00Z,2022-07-04T00:17:00Z,development,non_positive_momentum,0,1225.27204548952,0,61.263602274476,no_action_disarmed,,
intent_77bb81f1ab0f2b4ea058798d,a93c32827bbe9d7e16e1ef0a68a31a55d320bb4baf374e85f7efae80c30d11a7,2022-07-05T00:00:00Z,2022-07-05T00:15:00Z,2022-07-05T00:15:00Z,development,non_positive_momentum,0,1225.27204548952,0,61.263602274476,no_fill_reference_unavailable,,
intent_75970718a951cfe45e9ca2bd,1269f4ba82ad265ec3c025bfc0f598bf7597425aae60202d3e47cfeb7f11e6f3,2022-07-06T00:00:00Z,2022-07-06T00:15:00Z,2022-07-06T00:16:00Z,development,non_positive_momentum,0,1225.27204548952,0,61.263602274476,no_action_disarmed,,
intent_3435e237604bba54eb9a46b4,301f44eb1cc028c6219278588fa910f7f1d6904a2a4ce9a94fbd558857027d79,2022-07-07T00:00:00Z,2022-07-07T00:15:00Z,2022-07-07T00:16:00Z,development,non_positive_momentum,0,1225.27204548952,0,61.263602274476,no_action_disarmed,,
intent_22b7eb1029fa5ffb4d7b1494,7e8708a1391ea660b4fa4ab252c78dc6d2dc33a1d5fb3ecd106f8f32b4820244,2022-07-08T00:00:00Z,2022-07-08T00:15:00Z,2022-07-08T00:17:00Z,development,non_positive_momentum,0,1225.27204548952,0,61.263602274476,no_action_disarmed,,
intent_c9819702e4cd8d52efe758f7,6a9e1a572190428af89a6b1bbf326e4c61418ffa9a06245c43b405d10f6ef289,2022-07-09T00:00:00Z,2022-07-09T00:15:00Z,2022-07-09T00:15:00Z,development,non_positive_momentum,0,1225.27204548952,0,61.263602274476,no_fill_reference_unavailable,,
intent_fd11a36960a193826f26bfd5,88a6feb9212dd43a147a02ad9af2188ba63dcba0100a1dbbc8a86a8bae9bcb4c,2022-07-10T00:00:00Z,2022-07-10T00:15:00Z,2022-07-10T00:17:00Z,development,non_positive_momentum,0,1225.27204548952,0,61.263602274476,no_action_disarmed,,
intent_13b91732a11375accfdade48,a1612f8fc98ef630da33dda811366d1d7d1a108d18e2ecd48027ca37dc611a2f,2022-07-11T00:00:00Z,2022-07-11T00:15:00Z,2022-07-11T00:18:00Z,development,non_positive_momentum,0,1225.27204548952,0,61.263602274476,no_action_disarmed,,
intent_97092f036b3f7bcb1c357810,0efc10b40cb7ee8fa4c96750ab90ad7c1cc4186047e46b6934826b2a27e5f6eb,2022-07-12T00:00:00Z,2022-07-12T00:15:00Z,2022-07-12T00:19:00Z,development,non_positive_momentum,0,1225.27204548952,0,61.263602274476,no_action_disarmed,,
intent_878408cf22f2aea4ed472307,f4fff37b0c61ff0532bd74ef2b1ae8a90b77d0edcd8d5a6506b3174653813b89,2022-07-13T00:00:00Z,2022-07-13T00:15:00Z,2022-07-13T00:16:00Z,development,non_positive_momentum,0,1225.27204548952,0,61.263602274476,no_action_disarmed,,
intent_418040bda74baec3510ff5ac,0b3fb95928f016954526b7877be14888daf651ae28e05b88a7fd212634b217df,2022-07-14T00:00:00Z,2022-07-14T00:15:00Z,2022-07-14T00:15:00Z,development,non_positive_momentum,0,1225.27204548952,0,61.263602274476,no_fill_reference_unavailable,,
intent_1409229b4bf95e22f86c7579,36ce010a82f81a7a2e3edda8cb2d7dc68b81340c3dd2b34f69ff969ea319f9f8,2022-07-15T00:00:00Z,2022-07-15T00:15:00Z,2022-07-15T00:18:00Z,development,non_positive_momentum,0,1225.27204548952,0,61.263602274476,no_action_disarmed,,
intent_d5bbd817a8c46a8bf0386a16,cd5873214a5a8255b25edb9fd32769d3d099c464bdad1036875d6ee45e80cf0a,2022-07-16T00:00:00Z,2022-07-16T00:15:00Z,2022-07-16T00:16:00Z,development,non_positive_momentum,0,1225.27204548952,0,61.263602274476,no_action_disarmed,,
intent_230f823043d34f39989bed23,ed27172af3e24643e5001de71649b4636f550adef654b1dd33b87b9186073b95,2022-07-17T00:00:00Z,2022-07-17T00:15:00Z,2022-07-17T00:17:00Z,development,non_positive_momentum,0,1225.27204548952,0,61.263602274476,no_action_disarmed,,
intent_26725fd2c45ec5fb7a78c3d9,01a5245ac43adc315db0367530eb554fc6877840c0279bc4cfc9558ceafc6fd2,2022-07-18T00:00:00Z,2022-07-18T00:15:00Z,2022-07-18T00:15:00Z,development,non_positive_momentum,0,1225.27204548952,0,61.263602274476,no_fill_reference_unavailable,,
intent_54ce5282343ce613b9cc8626,78f6c1891d4d7dd1ba375fef465f0c5c0851c18b6f486b6c921db8875c3914a2,2022-07-19T00:00:00Z,2022-07-19T00:15:00Z,2022-07-19T00:16:00Z,development,non_positive_momentum,0,1225.27204548952,0,61.263602274476,no_action_disarmed,,
intent_3d80600ee4f47845d2b04f1c,0cb7d6871a7bddbe38648ac321da6f9b5a63dddaa4d64602ef66d5b56a7b97a5,2022-07-20T00:00:00Z,2022-07-20T00:15:00Z,2022-07-20T00:20:00Z,development,non_positive_momentum,0,1225.27204548952,0,61.263602274476,no_action_disarmed,,
intent_d1116003146dd1eb1270b062,2e1166a2eaa3ebb5a8b38a4ae93702a643fa344532f1a9a3aee3b1f22e5791c0,2022-07-21T00:00:00Z,2022-07-21T00:15:00Z,2022-07-21T00:16:00Z,development,non_positive_momentum,0,1225.27204548952,0,61.263602274476,no_action_disarmed,,
intent_ea99a4d9cf4f5442ac7bfb23,3c83f438ba0a02e99977dbfb50c0d8bca4214bd98b5ceeeec194af8b85624a46,2022-07-22T00:00:00Z,2022-07-22T00:15:00Z,2022-07-22T00:17:00Z,development,non_positive_momentum,0,1225.27204548952,0,61.263602274476,no_action_disarmed,,
intent_59a19098dd416e16e537bb8d,38b4cb593590424b0e5e969e92bf91bf494b7fbcffe9241aee9ae9fc1ae269bb,2022-07-23T00:00:00Z,2022-07-23T00:15:00Z,2022-07-23T00:17:00Z,development,non_positive_momentum,0,1225.27204548952,0,61.263602274476,no_action_disarmed,,
intent_46232b9ad146f7c37efe21ae,6459fe9fe02899616baf7ddd485256ed1cce5666f1396ed54881321ea613dd24,2022-07-24T00:00:00Z,2022-07-24T00:15:00Z,2022-07-24T00:16:00Z,development,non_positive_momentum,0,1225.27204548952,0,61.263602274476,no_action_disarmed,,
intent_e1cb94b278eda07e5691a239,fc4626c91e2324d246fb4de608d6c8e5ae9d1b2066b3559d156715e802c1d0e0,2022-07-25T00:00:00Z,2022-07-25T00:15:00Z,2022-07-25T00:16:00Z,development,non_positive_momentum,0,1225.27204548952,0,61.263602274476,no_action_disarmed,,
intent_bbd3ccfafe8e56919366a0d7,89322054dffc2538c8c0f1e0401c6b56035e8f799e1c722a8eaf56b141422621,2022-07-26T00:00:00Z,2022-07-26T00:15:00Z,2022-07-26T00:16:00Z,development,non_positive_momentum,0,1225.27204548952,0,61.263602274476,no_action_disarmed,,
intent_4761528d75741bc35344bf62,546a16c03bb4e9f876eb1ac610860b49ab7019133b036c35ea14b91ab7092734,2022-07-27T00:00:00Z,2022-07-27T00:15:00Z,2022-07-27T00:16:00Z,development,non_positive_momentum,0,1225.27204548952,0,61.263602274476,no_action_disarmed,,
intent_9cf5c285a243c90800b38c7c,53a2da828e0c909b5f3bd6a19da285c1680eff3121603423407e0bd15c703c7e,2022-07-28T00:00:00Z,2022-07-28T00:15:00Z,2022-07-28T00:19:00Z,development,non_positive_momentum,0,1225.27204548952,0,61.263602274476,no_action_disarmed,,
intent_a3719d4bc0edecfe3afeceb9,d54dcb853655d642846532fc92b2ce7a95c02620bc6e23a7a7933c3bc024467f,2022-07-29T00:00:00Z,2022-07-29T00:15:00Z,2022-07-29T00:19:00Z,development,non_positive_momentum,0,1225.27204548952,0,61.263602274476,no_action_disarmed,,
intent_d79dd9ef8bfa90da69556293,5c1f1ca597ef25e2f56ac6943199a2f8c98ea2a389139467383a6ead584a5733,2022-07-30T00:00:00Z,2022-07-30T00:15:00Z,2022-07-30T00:15:00Z,development,non_positive_momentum,0,1225.27204548952,0,61.263602274476,no_fill_reference_unavailable,,
intent_3bc6b01013bdf432d4c38b51,0829807e40a659a23b134bb0d55face8fd6c0b50856ca6c82eb1e2f55a314d02,2022-07-31T00:00:00Z,2022-07-31T00:15:00Z,2022-07-31T00:15:00Z,development,non_positive_momentum,0,1225.27204548952,0,61.263602274476,no_fill_reference_unavailable,,
intent_107b15e8df0890c9a2161b4b,2c6d5c793aef1175db8c4315f52cb9bad943b80b831e8ffdcc97aefa58b79879,2022-08-01T00:00:00Z,2022-08-01T00:15:00Z,2022-08-01T00:19:00Z,development,non_positive_momentum,0,1225.27204548952,0,61.263602274476,no_action_disarmed,,
intent_64577a1688af19b151e00a1e,c65eb5c4dfd77aca368156451cf5eb5c1ead69fc4a32fb89f98c8900af10cd19,2022-08-02T00:00:00Z,2022-08-02T00:15:00Z,2022-08-02T00:16:00Z,development,non_positive_momentum,0,1225.27204548952,0,61.263602274476,no_action_disarmed,,
intent_d63c6beef3ce4628cd5ef7a1,385ddb5a3c168558758bf70a1fe6316675752f8609e5e0af007dc6d23833f951,2022-08-03T00:00:00Z,2022-08-03T00:15:00Z,2022-08-03T00:15:00Z,development,non_positive_momentum,0,1225.27204548952,0,61.263602274476,no_fill_reference_unavailable,,
intent_d685d75559b03f162016d2ad,0e0ffef2080e92501c8fc36632332f72b8941864d113cee6b6493c5e2688c2c7,2022-08-04T00:00:00Z,2022-08-04T00:15:00Z,2022-08-04T00:16:00Z,development,non_positive_momentum,0,1225.27204548952,0,61.263602274476,no_action_disarmed,,
intent_a6a8d22d73f44968df532a81,36f190582c3ae6109095f8f42295136104dfc66efde4f0c1280e5f49d9e5711b,2022-08-05T00:00:00Z,2022-08-05T00:15:00Z,2022-08-05T00:16:00Z,development,non_positive_momentum,0,1225.27204548952,0,61.263602274476,no_action_disarmed,,
intent_510e512d3cd6311d1333cc18,ea8198a1a14811d263258fc43e64b58b97291bd4fe713add5b156e660b35ed9f,2022-08-06T00:00:00Z,2022-08-06T00:15:00Z,2022-08-06T00:17:00Z,development,non_positive_momentum,0,1225.27204548952,0,61.263602274476,no_action_disarmed,,
intent_0d345751dc7999c3a1c28e01,4e2d6643657e1674eaecf3c2f77ed268ee588696dbc163129499bba61c3fde53,2022-08-07T00:00:00Z,2022-08-07T00:15:00Z,2022-08-07T00:15:00Z,development,non_positive_momentum,0,1225.27204548952,0,61.263602274476,no_fill_reference_unavailable,,
intent_161dab6bf6806d1f4d7cc83c,983766c8fcfb026d8de0c9faee1d828dbc11fe1b57a5c2bcdf6a6d676ecac5ce,2022-08-08T00:00:00Z,2022-08-08T00:15:00Z,2022-08-08T00:17:00Z,development,non_positive_momentum,0,1225.27204548952,0,61.263602274476,no_action_disarmed,,
intent_63f3f08be762bc3b7bbbea86,a05e11f2ec46fee033fd6b2e8732e927e0c701d119a2cb604db0fd0fd7587f13,2022-08-09T00:00:00Z,2022-08-09T00:15:00Z,2022-08-09T00:18:00Z,development,non_positive_momentum,0,1225.27204548952,0,61.263602274476,no_action_disarmed,,
intent_3ecf52256482a8c79fa8fd4a,1f0d02dc9cf43972e15b5769bf5f7bda5f5d89708a4b09675713fd85256c8c29,2022-08-10T00:00:00Z,2022-08-10T00:15:00Z,2022-08-10T00:16:00Z,development,non_positive_momentum,0,1225.27204548952,0,61.263602274476,no_action_disarmed,,
intent_5d73b831694f9c7e823adaf4,09243211342b08772f43dadf55d19817ec9139be1024db8c5fa91c60f7727e86,2022-08-11T00:00:00Z,2022-08-11T00:15:00Z,2022-08-11T00:15:00Z,development,non_positive_momentum,0,1225.27204548952,0,61.263602274476,no_fill_reference_unavailable,,
intent_01aa6ec466b6d585ba8739d9,0e3175a7ab01d8c1c5e471c22698ff8e63dae394a388b975c03c15d1c507a350,2022-08-12T00:00:00Z,2022-08-12T00:15:00Z,2022-08-12T00:18:00Z,development,non_positive_momentum,0,1225.27204548952,0,61.263602274476,no_action_disarmed,,
intent_491c67b8661f03c4a4716b73,c2c5ff381d0c990ff313b2a422a03fa318484f212e31c6c6b69d292cfc3317d7,2022-08-13T00:00:00Z,2022-08-13T00:15:00Z,2022-08-13T00:20:00Z,development,non_positive_momentum,0,1225.27204548952,0,61.263602274476,no_action_disarmed,,
intent_aceefd0131afde39e8848aa1,ca19919375bbacc9de3387291d8850b79d11eb16725091ce9a6f2675cf7074f9,2022-08-14T00:00:00Z,2022-08-14T00:15:00Z,2022-08-14T00:19:00Z,development,non_positive_momentum,0,1225.27204548952,0,61.263602274476,no_action_disarmed,,
intent_1d65ea77ea43a6193bb590f5,c685040f5a588524f17484d79f5a531fde31172f2dac5719ff9a760ee036844a,2022-08-15T00:00:00Z,2022-08-15T00:15:00Z,2022-08-15T00:19:00Z,development,non_positive_momentum,0,1225.27204548952,0,61.263602274476,no_action_disarmed,,
intent_bf043c2ceca0a693d76385ee,56a8bbe2369baed3a710fee758bed023ac0d9576da4e7d3dc6e75d80391a3e22,2022-08-16T00:00:00Z,2022-08-16T00:15:00Z,2022-08-16T00:18:00Z,development,non_positive_momentum,0,1225.27204548952,0,61.263602274476,no_action_disarmed,,
intent_86018571c9e117a63de995ce,61ea0b2fd3a4162f2550c55bb263f4d279503daecc4d5b3a0995ddf5241697af,2022-08-17T00:00:00Z,2022-08-17T00:15:00Z,2022-08-17T00:19:00Z,development,non_positive_momentum,0,1225.27204548952,0,61.263602274476,no_action_disarmed,,
intent_829dada1835286487c41ca0d,8ee267fa350eb69040572aa54927bd6e663e42b412453a481398760a87a57d82,2022-08-18T00:00:00Z,2022-08-18T00:15:00Z,2022-08-18T00:15:00Z,development,non_positive_momentum,0,1225.27204548952,0,61.263602274476,no_fill_reference_unavailable,,
intent_6814f74d53ed21e99a1e761d,fce1e989f2e662506428b7822627021f6366853419ba45bca875865ace76fc0f,2022-08-19T00:00:00Z,2022-08-19T00:15:00Z,2022-08-19T00:16:00Z,development,non_positive_momentum,0,1225.27204548952,0,61.263602274476,no_action_disarmed,,
intent_0fb14fd8fd12b711982e1244,f599ffaa3d0e98ca5f52db8c11448f3626a19c4ad368096f296c88524da08680,2022-08-20T00:00:00Z,2022-08-20T00:15:00Z,2022-08-20T00:18:00Z,development,non_positive_momentum,0,1225.27204548952,0,61.263602274476,no_action_disarmed,,
intent_88f26c1a2ece4c9f3f91b9e2,3b3ec9dc7c4297d8ea39af88617b4bc833469516aa40ca6eef54bd80f1f289ea,2022-08-21T00:00:00Z,2022-08-21T00:15:00Z,2022-08-21T00:17:00Z,development,non_positive_momentum,0,1225.27204548952,0,61.263602274476,no_action_disarmed,,
intent_9889cbac620a13fff980a000,6faad25d10727616201e2be8921ed7557a00c3b41e18799e65f7c41103411ddd,2022-08-22T00:00:00Z,2022-08-22T00:15:00Z,2022-08-22T00:15:00Z,development,non_positive_momentum,0,1225.27204548952,0,61.263602274476,no_fill_reference_unavailable,,
intent_5d52e6a8029a74baeda2d73c,582929624cb782e16a352a3e1fce3446c2eee6d4f60b06ddf915bc5554e316c5,2022-08-23T00:00:00Z,2022-08-23T00:15:00Z,2022-08-23T00:17:00Z,development,non_positive_momentum,0,1225.27204548952,0,61.263602274476,no_action_disarmed,,
intent_c330c22d51f2c9a4f45fd975,2d82a1ecd294ae1bfb54137100f9bdb3e4ce6bc16491b30c7c8c9853cf3cf145,2022-08-24T00:00:00Z,2022-08-24T00:15:00Z,2022-08-24T00:16:00Z,development,non_positive_momentum,0,1225.27204548952,0,61.263602274476,no_action_disarmed,,
intent_4446162fc3fde70721fcafe1,3609778ef56107062475e6d829869ba1a302c201f519f5ea54a43f17f8902251,2022-08-25T00:00:00Z,2022-08-25T00:15:00Z,2022-08-25T00:18:00Z,development,non_positive_momentum,0,1225.27204548952,0,61.263602274476,no_action_disarmed,,
intent_c4d8827c490b6be3f51986b9,b34ff50950b51bdbecd17686ec1bcce08adf79c1268993bb48baba8246a7567a,2022-08-26T00:00:00Z,2022-08-26T00:15:00Z,2022-08-26T00:16:00Z,development,non_positive_momentum,0,1225.27204548952,0,61.263602274476,no_action_disarmed,,
intent_fcad684b068f7a118f652818,bbdd6f69054b96ddcad6a9fd621799ddbb24a3af5a81faaccd304d8a2c2e49a0,2022-08-27T00:00:00Z,2022-08-27T00:15:00Z,2022-08-27T00:19:00Z,development,non_positive_momentum,0,1225.27204548952,0,61.263602274476,no_action_disarmed,,
intent_bc19cbf2947a6e2771e021e4,2dff16dbfa4a408d8b8e6f30897a6b298fa2edcde2987ab3db3b19646f61838e,2022-08-28T00:00:00Z,2022-08-28T00:15:00Z,2022-08-28T00:15:00Z,development,non_positive_momentum,0,1225.27204548952,0,61.263602274476,no_fill_reference_unavailable,,
intent_2bc4cd9db7cd9eb329815121,26099190cdb6342fa0ff190c5e6eaf24111792cf180330c4d0fcbaaf834e22c6,2022-08-29T00:00:00Z,2022-08-29T00:15:00Z,2022-08-29T00:15:00Z,development,non_positive_momentum,0,1225.27204548952,0,61.263602274476,no_fill_reference_unavailable,,
intent_931e584b84e0c23e7842a95b,ce2213f80c397f9eab27df8cadeb94ca69c02dab443e43b3ae2906cbc6f1779b,2022-08-30T00:00:00Z,2022-08-30T00:15:00Z,2022-08-30T00:18:00Z,development,non_positive_momentum,0,1225.27204548952,0,61.263602274476,no_action_disarmed,,
intent_540290f5f8b23001b5533483,a1504ef3019b7866b9ffb7e422b3864fee0eeb7998c043231de533454c8a6e80,2022-08-31T00:00:00Z,2022-08-31T00:15:00Z,2022-08-31T00:18:00Z,development,non_positive_momentum,0,1225.27204548952,0,61.263602274476,no_action_disarmed,,
intent_4cb1270c0d1ae672f3ee4c7a,16887698bb240675acd98f4956aefed8b5b1f656a1e1ba847d96e05f44c78dcd,2022-09-01T00:00:00Z,2022-09-01T00:15:00Z,2022-09-01T00:16:00Z,development,non_positive_momentum,0,1225.27204548952,0,61.263602274476,no_action_disarmed,,
intent_51c53955aa864f2fd562e3ec,405d1aa4eee83196d8d0bccf0b932e6deae2689008d8802a5333a56d1a3c1cd4,2022-09-02T00:00:00Z,2022-09-02T00:15:00Z,2022-09-02T00:18:00Z,development,non_positive_momentum,0,1225.27204548952,0,61.263602274476,no_action_disarmed,,
intent_6d5fd3cb245b39e61462a0d0,1bfb90e5215cca49c59be7236dd7c41d79304f023b8f62dc118a5ae05fe81146,2022-09-03T00:00:00Z,2022-09-03T00:15:00Z,2022-09-03T00:15:00Z,development,non_positive_momentum,0,1225.27204548952,0,61.263602274476,no_fill_reference_unavailable,,
intent_d61e312ff489872e1283c713,e3fc5dd81d490647cf30232c4a880bb2f361ab6d7932d0a936cc6d1622d6f873,2022-09-04T00:00:00Z,2022-09-04T00:15:00Z,2022-09-04T00:20:00Z,development,non_positive_momentum,0,1225.27204548952,0,61.263602274476,no_action_disarmed,,
intent_bd01e73ec766bcc43e02052f,b5e26ead5d3d1497721c069fbb118a343e8d173498ddf8afea2ce273433776aa,2022-09-05T00:00:00Z,2022-09-05T00:15:00Z,2022-09-05T00:19:00Z,development,non_positive_momentum,0,1225.27204548952,0,61.263602274476,no_action_disarmed,,
intent_09e4bd11106416fff2ad0978,8c1c2520bfddfa205cd522193b72ce6fc6c5a0096c252881778286d2372a4514,2022-09-06T00:00:00Z,2022-09-06T00:15:00Z,2022-09-06T00:15:00Z,development,non_positive_momentum,0,1225.27204548952,0,61.263602274476,no_fill_reference_unavailable,,
intent_0413352693829f9aff06d749,0e69edaef4a95e70eb957a40ead93d8577a5d9af1ac4c717a8a32653df78009d,2022-09-07T00:00:00Z,2022-09-07T00:15:00Z,2022-09-07T00:16:00Z,development,non_positive_momentum,0,1225.27204548952,0,61.263602274476,no_action_disarmed,,
intent_065a8feb4f15a2e9554db485,a9872cf6be812d388a68d4e89710e211bec6a6d258559703294df882b699b4e1,2022-09-08T00:00:00Z,2022-09-08T00:15:00Z,2022-09-08T00:16:00Z,development,non_positive_momentum,0,1225.27204548952,0,61.263602274476,no_action_disarmed,,
intent_533c3ebbf6cd4f5be1045c52,0fe87c632a9f9de16ba14413a418642552d757250a62b36e0af92cad3f5b8c19,2022-09-09T00:00:00Z,2022-09-09T00:15:00Z,2022-09-09T00:15:00Z,development,non_positive_momentum,0,1225.27204548952,0,61.263602274476,no_fill_reference_unavailable,,
intent_4255ee7ac571fa707823d5f8,a541353f62af01d0f4b41e2378d1d73c44344547b44fdad5db205c275a98b1bc,2022-09-10T00:00:00Z,2022-09-10T00:15:00Z,2022-09-10T00:17:00Z,development,non_positive_momentum,0,1225.27204548952,0,61.263602274476,no_action_disarmed,,
intent_3f5b70a972bf55bc72da1998,6eccf9a687479b0bceab881ee13d4ee1c2a4614324ef8ce317c037edc3e47fe7,2022-09-11T00:00:00Z,2022-09-11T00:15:00Z,2022-09-11T00:19:00Z,development,non_positive_momentum,0,1225.27204548952,0,61.263602274476,no_action_disarmed,,
intent_c7372b2a5c229dc9970dd1bd,b5d4e3d44e69fef0c970d5c54d9dd87aa4f9dc92de9003b2788becaaf3e07a62,2022-09-12T00:00:00Z,2022-09-12T00:15:00Z,2022-09-12T00:15:00Z,development,non_positive_momentum,0,1225.27204548952,0,61.263602274476,no_fill_reference_unavailable,,
intent_0af574b5f5875c1c44da84ba,99461cff41f038d9b841c10ed20eb9c1fa88e1f5d5a1e69504c2857c1094d71a,2022-09-13T00:00:00Z,2022-09-13T00:15:00Z,2022-09-13T00:16:00Z,development,below_trend,0,1225.27204548952,0,61.263602274476,no_action_disarmed,,
intent_167885568b77e8112a67a2e0,c535441032b77e4ad43d7d6bfc2ab048d662165a6ff25ee617fcf6983547249b,2022-09-14T00:00:00Z,2022-09-14T00:15:00Z,2022-09-14T00:17:00Z,development,non_positive_momentum,0,1225.27204548952,0,61.263602274476,no_action_disarmed,,
intent_c1befe1461577778aa0bd8c8,6e961b008190d6c438a21669c5444087b9f6d5cc2a4538792c35008c2585b220,2022-09-15T00:00:00Z,2022-09-15T00:15:00Z,2022-09-15T00:18:00Z,development,below_trend,0,1225.27204548952,0,61.263602274476,no_action_disarmed,,
intent_18080d0422f35cbdb27fb9b0,c24b6e5f3c819b971d84d350d96d02b5b2952da4397a5750b8264589deb88ea0,2022-09-16T00:00:00Z,2022-09-16T00:15:00Z,2022-09-16T00:16:00Z,development,non_positive_momentum,0,1225.27204548952,0,61.263602274476,no_action_disarmed,,
intent_9d801fea329b334bf4d48e6a,ca0818f568ea9b95404e3c13e956ea190850e1484a89bf7a1687af113f44683b,2022-09-17T00:00:00Z,2022-09-17T00:15:00Z,2022-09-17T00:15:00Z,development,below_trend,0,1225.27204548952,0,61.263602274476,no_fill_reference_unavailable,,
intent_e03df380ee52045ec599d74a,f2800aaf6803f7c96360ba00c8138a3fbade284be222b0607d23f30647e7334d,2022-09-18T00:00:00Z,2022-09-18T00:15:00Z,2022-09-18T00:16:00Z,development,non_positive_momentum,0,1225.27204548952,0,61.263602274476,no_action_disarmed,,
intent_f30f95e67962d762a07ccfc7,975fa874f32d96d06cf83bc1126263f4aa15a33141aae877629da108bdc1fe7b,2022-09-19T00:00:00Z,2022-09-19T00:15:00Z,2022-09-19T00:17:00Z,development,non_positive_momentum,0,1225.27204548952,0,61.263602274476,no_action_disarmed,,
intent_1b48f263f2f6261cfa9246f0,12e4a607aa7158e39ef19942d4edf416cdc1f743c151eb6b14dbc72cebe450dd,2022-09-20T00:00:00Z,2022-09-20T00:15:00Z,2022-09-20T00:20:00Z,development,non_positive_momentum,0,1225.27204548952,0,61.263602274476,no_action_disarmed,,
intent_e15b3310c3063e59783fbd59,3004a7d6774f3b2408e06ae74c89bac344b8bcac73f4f5f66e63f658893e0fe9,2022-09-21T00:00:00Z,2022-09-21T00:15:00Z,2022-09-21T00:18:00Z,development,non_positive_momentum,0,1225.27204548952,0,61.263602274476,no_action_disarmed,,
intent_92453c27fd312be49dff2916,c105864fadf3a99f9921f2ed1dda481e06554ed8f3d4ed3a965f3b01bec5cabb,2022-09-22T00:00:00Z,2022-09-22T00:15:00Z,2022-09-22T00:17:00Z,development,non_positive_momentum,0,1225.27204548952,0,61.263602274476,no_action_disarmed,,
intent_056e493fe8d3caa124ca259f,92e5beba0051ade61ad30d26b03880fc2b0a7e7b57020331e78913ae5aa5d85f,2022-09-23T00:00:00Z,2022-09-23T00:15:00Z,2022-09-23T00:17:00Z,development,non_positive_momentum,0,1225.27204548952,0,61.263602274476,no_action_disarmed,,
intent_a6806947a5ce78617b03cfd2,bb19bcdb546441d24aa8235a0874e2cc2e9b012966e03762998fb8f694eebcf3,2022-09-24T00:00:00Z,2022-09-24T00:15:00Z,2022-09-24T00:19:00Z,development,non_positive_momentum,0,1225.27204548952,0,61.263602274476,no_action_disarmed,,
intent_bed27d183995e5910698ee45,f05a1eb49891fb13bf27ea4ddc662caec97e1329b6656189bb33892997e2a2f1,2022-09-25T00:00:00Z,2022-09-25T00:15:00Z,2022-09-25T00:15:00Z,development,non_positive_momentum,0,1225.27204548952,0,61.263602274476,no_fill_reference_unavailable,,
intent_998232987c5cf0cd84d2e819,3ef0dc77a40e00b00e13674b176e81064c1cb833906b1d4cf0470b337b78d8a3,2022-09-26T00:00:00Z,2022-09-26T00:15:00Z,2022-09-26T00:18:00Z,development,non_positive_momentum,0,1225.27204548952,0,61.263602274476,no_action_disarmed,,
intent_44096ad61afe6c7e16e6b5c5,de51bb297051128802bf709123341c52c333553702e6a6da192cea5b06e77e8a,2022-09-27T00:00:00Z,2022-09-27T00:15:00Z,2022-09-27T00:17:00Z,development,below_trend,0,1225.27204548952,0,61.263602274476,no_action_disarmed,,
intent_364edc711aa4e40ea04c8eae,b29adfc9684182dc61eccb8a5e82da3f64a39aaaaf45ecc56718ac807d6a348c,2022-09-28T00:00:00Z,2022-09-28T00:15:00Z,2022-09-28T00:16:00Z,development,below_trend,0,1225.27204548952,0,61.263602274476,no_action_disarmed,,
intent_2a513687987532d09100b265,7959c2902dd22681fda5101e5c2fe9d4015308daa960c7f38791095022b0ecb7,2022-09-29T00:00:00Z,2022-09-29T00:15:00Z,2022-09-29T00:16:00Z,development,below_trend,0,1225.27204548952,0,61.263602274476,no_action_disarmed,,
intent_cec599ba01968b958b2dcc73,d02da7633520967ab683285f9c5ece4675afd13881d4b1b7f2873fa149725ac4,2022-09-30T00:00:00Z,2022-09-30T00:15:00Z,2022-09-30T00:15:00Z,development,below_trend,0,1225.27204548952,0,61.263602274476,no_fill_reference_unavailable,,
intent_66ab92cbda801e355b94e0cf,dd1a697f4e0211cb294b55ecbcf62cdc90928c2945f981d39bc06d94517a7dea,2022-10-01T00:00:00Z,2022-10-01T00:15:00Z,2022-10-01T00:17:00Z,development,below_trend,0,1225.27204548952,0,61.263602274476,no_action_disarmed,,
intent_2ad916e43aaa882fada04491,93bb371209de05caa278fcf79782e503d3e7f1c34feb892d435c2c2796bd1083,2022-10-02T00:00:00Z,2022-10-02T00:15:00Z,2022-10-02T00:15:00Z,development,below_trend,0,1225.27204548952,0,61.263602274476,no_fill_reference_unavailable,,
intent_2f8f2161373612a7e3cfce5d,a393dbabed17a0d2a47cf1d9c61a3c6669832d0a54e4da191633e1e4885e2b82,2022-10-03T00:00:00Z,2022-10-03T00:15:00Z,2022-10-03T00:16:00Z,development,below_trend,0,1225.27204548952,0,61.263602274476,no_action_disarmed,,
intent_e779ce654b7602b7746eca9d,92208b9645d24c40427e02d30136c80265d5524546ce06eab78a217c12746339,2022-10-04T00:00:00Z,2022-10-04T00:15:00Z,2022-10-04T00:17:00Z,development,below_trend,0,1225.27204548952,0,61.263602274476,no_action_disarmed,,
intent_3f26fb76be5167901fa84620,f661d125f63a08b1f88b5240fdbccbd6614a38892d25758ab3a5845a2fd15a23,2022-10-05T00:00:00Z,2022-10-05T00:15:00Z,2022-10-05T00:17:00Z,development,below_trend,0,1225.27204548952,0,61.263602274476,no_action_disarmed,,
intent_e42dbf8089ff7e8ee99ffb59,392a8fcf07daf5dff5d95a6634e44cecd12d7262bec53bfb67eddd77d63012ca,2022-10-06T00:00:00Z,2022-10-06T00:15:00Z,2022-10-06T00:16:00Z,development,non_positive_momentum,0,1225.27204548952,0,61.263602274476,no_action_disarmed,,
intent_81b3e0c352da75a4def08761,656e731c424c79ca7c50bae6a133e158264890d09de78230b1db63eaaf9242bd,2022-10-07T00:00:00Z,2022-10-07T00:15:00Z,2022-10-07T00:17:00Z,development,non_positive_momentum,0,1225.27204548952,0,61.263602274476,no_action_disarmed,,
intent_f54a86fdbd444bd986a56b9c,60a42ad2a9aa33d86d71c50dc2b9ca7b18f21455559089817691edae83cc022f,2022-10-08T00:00:00Z,2022-10-08T00:15:00Z,2022-10-08T00:16:00Z,development,non_positive_momentum,0,1225.27204548952,0,61.263602274476,no_action_disarmed,,
intent_862dffa3d991c93511db6054,728795d281b0cf2af53433371df6f4a045d96bc8aa62390f0a8eeae3c033b2b4,2022-10-09T00:00:00Z,2022-10-09T00:15:00Z,2022-10-09T00:18:00Z,development,non_positive_momentum,0,1225.27204548952,0,61.263602274476,no_action_disarmed,,
intent_923cf61987bb9ffb261a1012,7397566f7f0f0382180cc162d701b99e4710a7d67e7bbf8cfd35d17ec8bc55d5,2022-10-10T00:00:00Z,2022-10-10T00:15:00Z,2022-10-10T00:15:00Z,development,below_trend,0,1225.27204548952,0,61.263602274476,no_fill_reference_unavailable,,
intent_44ad32a3e699eb516e094baa,bf77a68ce126356a16e34fea5dbbf8b91f9955122b7275ef498fcf48e50de75b,2022-10-11T00:00:00Z,2022-10-11T00:15:00Z,2022-10-11T00:17:00Z,development,below_trend,0,1225.27204548952,0,61.263602274476,no_action_disarmed,,
intent_0b1064e1f3af512afff19495,273a17db34c2723c75e76e343e06c116c8a58b96af356c99038884b924810a5f,2022-10-12T00:00:00Z,2022-10-12T00:15:00Z,2022-10-12T00:17:00Z,development,non_positive_momentum,0,1225.27204548952,0,61.263602274476,no_action_disarmed,,
intent_7ef950960a56f5761f5b4c75,0f283694dfdc37a5292507d72a286ded91e6171f0d45a07deacbfeab82e6483d,2022-10-13T00:00:00Z,2022-10-13T00:15:00Z,2022-10-13T00:19:00Z,development,non_positive_momentum,0,1225.27204548952,0,61.263602274476,no_action_disarmed,,
intent_25272b2065e64d9bb423d605,af78508ab07754bdd623cf6a8accca185eb406445cfd9de35f53d80b8b340f20,2022-10-14T00:00:00Z,2022-10-14T00:15:00Z,2022-10-14T00:18:00Z,development,non_positive_momentum,0,1225.27204548952,0,61.263602274476,no_action_disarmed,,
intent_86f3d82777d675c81dec9f42,86b7d777f8ea7af024819e644ed0d20ee3bf46e82af14c7fa94cff54e1b7c45f,2022-10-15T00:00:00Z,2022-10-15T00:15:00Z,2022-10-15T00:15:00Z,development,non_positive_momentum,0,1225.27204548952,0,61.263602274476,no_fill_reference_unavailable,,
intent_41c5907bc21c77ffddc4b77e,1b0ad4fdf1acdfa5a34d003515b9b1c118ed691182ab352b52d23ab15dd3e682,2022-10-16T00:00:00Z,2022-10-16T00:15:00Z,2022-10-16T00:18:00Z,development,non_positive_momentum,0,1225.27204548952,0,61.263602274476,no_action_disarmed,,
intent_dd1b0c7421af9f5a21830681,dd6c3795be2fc4ce565ef82473a417712a62f497bc22ed4108543369b311277a,2022-10-17T00:00:00Z,2022-10-17T00:15:00Z,2022-10-17T00:15:00Z,development,non_positive_momentum,0,1225.27204548952,0,61.263602274476,no_fill_reference_unavailable,,
intent_3f3c1ce0450bbd5efab5c466,b53d458b310adfe646ff8b692f5d7c2d06024c5dbad213311a75d8ef6218e5fa,2022-10-18T00:00:00Z,2022-10-18T00:15:00Z,2022-10-18T00:18:00Z,development,non_positive_momentum,0,1225.27204548952,0,61.263602274476,no_action_disarmed,,
intent_1ce4bd4ede575f3f20bcecea,f558a92142ab7e1ba9e591d9c091cc46f9329ebe5c94d4881790ff3559a2b2ef,2022-10-19T00:00:00Z,2022-10-19T00:15:00Z,2022-10-19T00:16:00Z,development,non_positive_momentum,0,1225.27204548952,0,61.263602274476,no_action_disarmed,,
intent_6aade6ad1ecee54340fde363,65fb70ae4543938b11ad7a48d8393f541917d4c53aeb4b3abff4b94db24d2658,2022-10-20T00:00:00Z,2022-10-20T00:15:00Z,2022-10-20T00:16:00Z,development,non_positive_momentum,0,1225.27204548952,0,61.263602274476,no_action_disarmed,,
intent_0c75625b93db59649f9a038c,78361908b871bda0b1796159e3ff5f224ea4031acaf1263bb6a4c74e05f286cb,2022-10-21T00:00:00Z,2022-10-21T00:15:00Z,2022-10-21T00:16:00Z,development,non_positive_momentum,0,1225.27204548952,0,61.263602274476,no_action_disarmed,,
intent_b02bcb8898dd04a1c3a43eb9,a72766383ed96009714d9806e7ee5d5c19d612ae0892630d77b35f0cb1cb3d5e,2022-10-22T00:00:00Z,2022-10-22T00:15:00Z,2022-10-22T00:15:00Z,development,non_positive_momentum,0,1225.27204548952,0,61.263602274476,no_fill_reference_unavailable,,
intent_c73f2c9e09e5f3ae0d212408,4e97a007bb94d7fac1c225a9483b9c29229965e8b3dbf5cc2a37d4ca253398ee,2022-10-23T00:00:00Z,2022-10-23T00:15:00Z,2022-10-23T00:17:00Z,development,non_positive_momentum,0,1225.27204548952,0,61.263602274476,no_action_disarmed,,
intent_b1edae2350632b6b4678dbc2,a84d04a3b3c588eb76e6e301297ac20e670b95be85cbdaa0d41f8d141c230edb,2022-10-24T00:00:00Z,2022-10-24T00:15:00Z,2022-10-24T00:15:00Z,development,non_positive_momentum,0,1225.27204548952,0,61.263602274476,no_fill_reference_unavailable,,
intent_cb67898d1a4255c64b8ef271,636997705b812105a8e5fefa8070523ddd19c91b260ea1bdc2b579ef042422f0,2022-10-25T00:00:00Z,2022-10-25T00:15:00Z,2022-10-25T00:17:00Z,development,non_positive_momentum,0,1225.27204548952,0,61.263602274476,no_action_disarmed,,
intent_33f6ecc2e8bc34569c92c7e0,5a9c05834cd4836a54d0d39b7817b1aecf196622d2c0a96ee4b77c3b5953e542,2022-10-26T00:00:00Z,2022-10-26T00:15:00Z,2022-10-26T00:16:00Z,development,non_positive_momentum,0,1225.27204548952,0,61.263602274476,no_action_disarmed,,
intent_319a687290c4994137712fd2,a4c126df10146b5cc2b963712fdcee19dde84676b9b7e499a5e533d337520a47,2022-10-27T00:00:00Z,2022-10-27T00:15:00Z,2022-10-27T00:17:00Z,development,non_positive_momentum,0,1225.27204548952,0,61.263602274476,no_action_disarmed,,
intent_c35bbebed4bf83ff62fa3df7,0bfe3a3bacf9acca43199a0e788d9e4ed9e8e865533b96247eec5ded1baef9a0,2022-10-28T00:00:00Z,2022-10-28T00:15:00Z,2022-10-28T00:16:00Z,development,non_positive_momentum,0,1225.27204548952,0,61.263602274476,no_action_disarmed,,
intent_39db5884998f216a4be55a3f,2926823b8cd98dfcc3d98d040dae5859030ad0b7f74d1eb60ff0f9145d022ac1,2022-10-29T00:00:00Z,2022-10-29T00:15:00Z,2022-10-29T00:15:00Z,development,non_positive_momentum,0,1225.27204548952,0,61.263602274476,no_fill_reference_unavailable,,
intent_0ad8d3171390341f65425fb4,8dda19277cee40d6df7ac5e7ecdd71bdab0f95548f73403ce17496959aad44f9,2022-10-30T00:00:00Z,2022-10-30T00:15:00Z,2022-10-30T00:16:00Z,development,non_positive_momentum,0,1225.27204548952,0,61.263602274476,no_action_disarmed,,
intent_0fb6d91f3630716d9d3bbb91,9af65fdb58d1701660b56499706f0710918de1b80aa9fd3e7d5f969b974ea38b,2022-10-31T00:00:00Z,2022-10-31T00:15:00Z,2022-10-31T00:17:00Z,development,non_positive_momentum,0,1225.27204548952,0,61.263602274476,no_action_disarmed,,
intent_e519605e98c8d8966427a850,a0bda46d72cd7c93ef16a4ab8e9440a11258102381d1f13a24d3672aebdf7ac5,2022-11-01T00:00:00Z,2022-11-01T00:15:00Z,2022-11-01T00:15:00Z,development,non_positive_momentum,0,1225.27204548952,0,61.263602274476,no_fill_reference_unavailable,,
intent_eede31e5b60181842dec9ecb,05b798f745776212c774d20a72593c6e221ba12de2bafe97242c06e7b97b0775,2022-11-02T00:00:00Z,2022-11-02T00:15:00Z,2022-11-02T00:20:00Z,development,non_positive_momentum,0,1225.27204548952,0,61.263602274476,no_action_disarmed,,
intent_2a5678bbb8605b3defcb7def,f3d7885c6d6f22b996dc5af675d125e590baf61d3dd8e54b8e90b62d3ea6047f,2022-11-03T00:00:00Z,2022-11-03T00:15:00Z,2022-11-03T00:18:00Z,development,non_positive_momentum,0,1225.27204548952,0,61.263602274476,no_action_disarmed,,
intent_11ee4e8fca157b7569f87e57,a30bd00684252b1d4df3444e3fec431e1644b5d5d033f04e8f8bb720ce9bb3d4,2022-11-04T00:00:00Z,2022-11-04T00:15:00Z,2022-11-04T00:16:00Z,development,non_positive_momentum,0,1225.27204548952,0,61.263602274476,no_action_disarmed,,
intent_f8760cc596cffdfeb61d493a,9d24ee0cbb860a36229c284d314afed3daf7c53362451ce04396582807c30bbc,2022-11-05T00:00:00Z,2022-11-05T00:15:00Z,2022-11-05T00:15:00Z,development,non_positive_momentum,0,1225.27204548952,0,61.263602274476,no_fill_reference_unavailable,,
intent_805824efe73481636e2f6293,21019a581a0f6d76a204546e7440436e7aa63e55fc5244761eedc14751c4e660,2022-11-06T00:00:00Z,2022-11-06T00:15:00Z,2022-11-06T00:15:00Z,development,non_positive_momentum,0,1225.27204548952,0,61.263602274476,no_fill_reference_unavailable,,
intent_ea41905c32bb9df296a2d08e,a75761f01c2587d44a796f6e4d1def7e785f4a8aad89ab2a336c9c09329cf9c7,2022-11-07T00:00:00Z,2022-11-07T00:15:00Z,2022-11-07T00:18:00Z,development,non_positive_momentum,0,1225.27204548952,0,61.263602274476,no_action_disarmed,,
intent_5c310c17563391f26d330887,c63c973d91f92eb1432b9989af1b7b0dbbaea2bd04bb23cc1c61b4870e1b2744,2022-11-08T00:00:00Z,2022-11-08T00:15:00Z,2022-11-08T00:16:00Z,development,non_positive_momentum,0,1225.27204548952,0,61.263602274476,no_action_disarmed,,
intent_1aa02d4db48fc24ce7b93dee,9b436b1bf42b24968c4a7f5582cce4783c10be8812115372a3441b983c2a681c,2022-11-09T00:00:00Z,2022-11-09T00:15:00Z,2022-11-09T00:16:00Z,development,non_positive_momentum,0,1225.27204548952,0,61.263602274476,no_action_disarmed,,
intent_c5aafee458732b59c693822f,4a08c91214a9870d464cb1bde8402aa4b1264c996ffd90916465b581d69e895b,2022-11-10T00:00:00Z,2022-11-10T00:15:00Z,2022-11-10T00:16:00Z,development,non_positive_momentum,0,1225.27204548952,0,61.263602274476,no_action_disarmed,,
intent_d8b6bb743a9465dbde505ae2,86ed19f752b6516f515be976d997ed19ecb4a6050542ddcf330bd6fa910ee7c4,2022-11-11T00:00:00Z,2022-11-11T00:15:00Z,2022-11-11T00:19:00Z,development,non_positive_momentum,0,1225.27204548952,0,61.263602274476,no_action_disarmed,,
intent_2380452f651f4222a1257322,08c440e1cf0397a1ede6e465eaa95404022c1add13fd707ca4cbabb931806165,2022-11-12T00:00:00Z,2022-11-12T00:15:00Z,2022-11-12T00:16:00Z,development,non_positive_momentum,0,1225.27204548952,0,61.263602274476,no_action_disarmed,,
intent_7ef4d772fba693f4489c196c,edcfde14c7d6e338b1ea2b41db722aa08ab11b9f1fa9700bafdfd0130c645977,2022-11-13T00:00:00Z,2022-11-13T00:15:00Z,2022-11-13T00:19:00Z,development,non_positive_momentum,0,1225.27204548952,0,61.263602274476,no_action_disarmed,,
intent_50c675504314a5365f294a27,1e0f3995779eb3316dd4ba1871135ef25330c2a5f975b7accd35d546a71f6c31,2022-11-14T00:00:00Z,2022-11-14T00:15:00Z,2022-11-14T00:16:00Z,development,non_positive_momentum,0,1225.27204548952,0,61.263602274476,no_action_disarmed,,
intent_ec6adcdf693f9b62a3a53f99,e3cdab3de91fdde9ffa14865cbf13da422de1ee700501063088f63ae3870ea28,2022-11-15T00:00:00Z,2022-11-15T00:15:00Z,2022-11-15T00:16:00Z,development,non_positive_momentum,0,1225.27204548952,0,61.263602274476,no_action_disarmed,,
intent_252c75793a5a835498644fbe,3b35ddaa6a8857f36b954ce7bb920cd1b8ddf625e5e33dfec9767e91257aa81a,2022-11-16T00:00:00Z,2022-11-16T00:15:00Z,2022-11-16T00:16:00Z,development,non_positive_momentum,0,1225.27204548952,0,61.263602274476,no_action_disarmed,,
intent_4893aba28d08d36e43154cc9,64a8589eabbe93bdb0154cfbc96c670aed100bad8f1afdf6e8b948e71355a151,2022-11-17T00:00:00Z,2022-11-17T00:15:00Z,2022-11-17T00:18:00Z,development,non_positive_momentum,0,1225.27204548952,0,61.263602274476,no_action_disarmed,,
intent_77ca5db1cbae78ad24f62ce0,e5ec8dafddcadd1eaa65b3d337c3477f51e15199aaab9bb4cccee8b6d21ff91c,2022-11-18T00:00:00Z,2022-11-18T00:15:00Z,2022-11-18T00:18:00Z,development,non_positive_momentum,0,1225.27204548952,0,61.263602274476,no_action_disarmed,,
intent_5b8b08f4062699991805d68a,90dd73b181a1919b98c8b42549190303749a19eab17461eafb42c59901fba9bd,2022-11-19T00:00:00Z,2022-11-19T00:15:00Z,2022-11-19T00:16:00Z,development,non_positive_momentum,0,1225.27204548952,0,61.263602274476,no_action_disarmed,,
intent_f28d82609aa45c1c16233b36,38627f2a3ebf763a9cad6fc300068e0bd550e9743b6f28380ed31443fc561a00,2022-11-20T00:00:00Z,2022-11-20T00:15:00Z,2022-11-20T00:19:00Z,development,non_positive_momentum,0,1225.27204548952,0,61.263602274476,no_action_disarmed,,
intent_62990c63a4446f374bbf9f49,65074d604d7807699333823b7e898bba08b338f0261ccd609ae0149ecf3c25d6,2022-11-21T00:00:00Z,2022-11-21T00:15:00Z,2022-11-21T00:16:00Z,development,non_positive_momentum,0,1225.27204548952,0,61.263602274476,no_action_disarmed,,
intent_942391e036c1b48176ebd2bf,88f1c78d669d0d7a2e5c81b886d87734f003771a07b6be70d26dbbec7d68ba92,2022-11-22T00:00:00Z,2022-11-22T00:15:00Z,2022-11-22T00:18:00Z,development,non_positive_momentum,0,1225.27204548952,0,61.263602274476,no_action_disarmed,,
intent_7603554b4c83dfca791dc41b,d4bddc3359a527966d01488a3be8e5806094dc83ed8a2d391a16ec115caf5cd2,2022-11-23T00:00:00Z,2022-11-23T00:15:00Z,2022-11-23T00:18:00Z,development,non_positive_momentum,0,1225.27204548952,0,61.263602274476,no_action_disarmed,,
intent_b206496d74428cb6f315fdf1,0f7e5bfc1864ae41556b37f484209ba64d7375e47e2481cb2ff158aa8f6e28bb,2022-11-24T00:00:00Z,2022-11-24T00:15:00Z,2022-11-24T00:18:00Z,development,non_positive_momentum,0,1225.27204548952,0,61.263602274476,no_action_disarmed,,
intent_5e34364ccbe2ff465f8093ea,f07ef32214ead3517991d4b560edd23e868eca4bc59d1a8bbc1795412fcbbfd7,2022-11-25T00:00:00Z,2022-11-25T00:15:00Z,2022-11-25T00:18:00Z,development,non_positive_momentum,0,1225.27204548952,0,61.263602274476,no_action_disarmed,,
intent_f61e16c0f69a0fa3e7ebd6b2,00bd5f027ec26fd0aa855f13837a869707e5cf8b6d88631e1028a517818500c7,2022-11-26T00:00:00Z,2022-11-26T00:15:00Z,2022-11-26T00:16:00Z,development,non_positive_momentum,0,1225.27204548952,0,61.263602274476,no_action_disarmed,,
intent_e14024b2dfc5201524f48d79,cd16be4a61e84eea10db938fd93318a78f46e553081f9dc03ca8e2c5282db83a,2022-11-27T00:00:00Z,2022-11-27T00:15:00Z,2022-11-27T00:17:00Z,development,non_positive_momentum,0,1225.27204548952,0,61.263602274476,no_action_disarmed,,
intent_738ff04d1fca8e8d8d45a095,9ddbf03819b680a4c4f5dc08363138de4a3641fc19e5a4cf0c1d0899a335f052,2022-11-28T00:00:00Z,2022-11-28T00:15:00Z,2022-11-28T00:16:00Z,development,non_positive_momentum,0,1225.27204548952,0,61.263602274476,no_action_disarmed,,
intent_3f8ce7a8e7a03945a5f9a03d,efced6053e14f6da27212c83cc5b11276221b044213539ec5207f6cba39e2cb0,2022-11-29T00:00:00Z,2022-11-29T00:15:00Z,2022-11-29T00:17:00Z,development,non_positive_momentum,0,1225.27204548952,0,61.263602274476,no_action_disarmed,,
intent_4515b0b57fe39efcaae72327,2e17e55dd7abb97029bb106a51896c5319c6e0cd839ea90cfd087577caf779f7,2022-11-30T00:00:00Z,2022-11-30T00:15:00Z,2022-11-30T00:16:00Z,development,non_positive_momentum,0,1225.27204548952,0,61.263602274476,no_action_disarmed,,
intent_a4831377d57b17ebc994edfc,b5c197fd4f2514a2a5fe46db98fe86ddd12c1b237ca8ecbe63a92f40a5d631ea,2022-12-01T00:00:00Z,2022-12-01T00:15:00Z,2022-12-01T00:16:00Z,development,non_positive_momentum,0,1225.27204548952,0,61.263602274476,no_action_disarmed,,
intent_850b110de62e7e1c71e5341c,bcc38fadee38335a7273a766f9176181467c90cf9452008159a35ef5eab7c464,2022-12-02T00:00:00Z,2022-12-02T00:15:00Z,2022-12-02T00:16:00Z,development,non_positive_momentum,0,1225.27204548952,0,61.263602274476,no_action_disarmed,,
intent_334dcff2162e10a7cdc7738d,98d68a140e120ba670416bde2d07ac861f28c6f21b44aa3e0eafb17166c91058,2022-12-03T00:00:00Z,2022-12-03T00:15:00Z,2022-12-03T00:19:00Z,development,non_positive_momentum,0,1225.27204548952,0,61.263602274476,no_action_disarmed,,
intent_d85fed723840d014f40692a7,dc8996b83e7586ff33ef26db0745b46863bb44bfee156720df1269341efdd2ab,2022-12-04T00:00:00Z,2022-12-04T00:15:00Z,2022-12-04T00:19:00Z,development,non_positive_momentum,0,1225.27204548952,0,61.263602274476,no_action_disarmed,,
intent_1518549d599d5e8add0fdc46,70c0530ad6bfaaa8174b378cf5bfe21110e8a965a16400616b5be448664b9eee,2022-12-05T00:00:00Z,2022-12-05T00:15:00Z,2022-12-05T00:16:00Z,development,non_positive_momentum,0,1225.27204548952,0,61.263602274476,no_action_disarmed,,
intent_633564f0b7e6f5ff9bd9bc30,528882aeeb1a89e937e0f7d4bdc9a888f27733ee7b7f206668249500bd3c96b1,2022-12-06T00:00:00Z,2022-12-06T00:15:00Z,2022-12-06T00:15:00Z,development,non_positive_momentum,0,1225.27204548952,0,61.263602274476,no_fill_reference_unavailable,,
intent_38c40a04c29c22b117472fd7,e97329933849cf15dd2dfd6175241b4caeae7ae20404e8fd638e3016aba7eae0,2022-12-07T00:00:00Z,2022-12-07T00:15:00Z,2022-12-07T00:18:00Z,development,non_positive_momentum,0,1225.27204548952,0,61.263602274476,no_action_disarmed,,
intent_5f999bf1448e9c2fe9b04b7e,9463d09fc884cc49844534b8ecf3016e1a77fe91b9d3d6232e84773411ce1651,2022-12-08T00:00:00Z,2022-12-08T00:15:00Z,2022-12-08T00:15:00Z,development,non_positive_momentum,0,1225.27204548952,0,61.263602274476,no_fill_reference_unavailable,,
intent_9a3ac83cfa196a2aeb0ae155,29f0e1d7c076975dec7c1d67ccb9059eca92e5ab8173bd24d21621b51be7afc8,2022-12-09T00:00:00Z,2022-12-09T00:15:00Z,2022-12-09T00:18:00Z,development,non_positive_momentum,0,1225.27204548952,0,61.263602274476,no_action_disarmed,,
intent_3913723bbac00fc1cad61a85,56eef53d31b4f705b7d1aa59a7dfbbc94fcf93b0e80b6556cd48a6e33282c690,2022-12-10T00:00:00Z,2022-12-10T00:15:00Z,2022-12-10T00:20:00Z,development,non_positive_momentum,0,1225.27204548952,0,61.263602274476,no_action_disarmed,,
intent_7d7b3991821271a24e785fcc,6ffc6b7a9b9ed72e0f01111cb0c7fec5af1b6848b5060e3d9b0ff39e57137faf,2022-12-11T00:00:00Z,2022-12-11T00:15:00Z,2022-12-11T00:20:00Z,development,non_positive_momentum,0,1225.27204548952,0,61.263602274476,no_action_disarmed,,
intent_2289bfbc13f67eeecef0e9a5,ef4eeb013b34459114025a6c23e083e3be349d62a72384ac550cfc1774962842,2022-12-12T00:00:00Z,2022-12-12T00:15:00Z,2022-12-12T00:15:00Z,development,non_positive_momentum,0,1225.27204548952,0,61.263602274476,no_fill_reference_unavailable,,
intent_bf20bf90073d9d4973e49635,39e5b632d9e8bd8c1df65911945cb736176331700dd2b716c02fa35636714fa5,2022-12-13T00:00:00Z,2022-12-13T00:15:00Z,2022-12-13T00:15:00Z,development,non_positive_momentum,0,1225.27204548952,0,61.263602274476,no_fill_reference_unavailable,,
intent_51440d30fd4a24901ace3731,90eeeecf0f89ba96adfe668fb1327f11731bf3dfcb5c7f0554fad65bc5767930,2022-12-14T00:00:00Z,2022-12-14T00:15:00Z,2022-12-14T00:15:00Z,development,non_positive_momentum,0,1225.27204548952,0,61.263602274476,no_fill_reference_unavailable,,
intent_5ffd16ba13669bea75dea108,fd48ce6b968f7d5dae6a5f978fa362fbbe5ed16976e52a99de743a0e1b794d0e,2022-12-15T00:00:00Z,2022-12-15T00:15:00Z,2022-12-15T00:19:00Z,development,non_positive_momentum,0,1225.27204548952,0,61.263602274476,no_action_disarmed,,
intent_796a5ba217844b0e804a2c21,411dd2a75f0f5bb3e74dec94ebcdd8c04ce0bd1afe537f3d655f4f76e07ab846,2022-12-16T00:00:00Z,2022-12-16T00:15:00Z,2022-12-16T00:17:00Z,development,non_positive_momentum,0,1225.27204548952,0,61.263602274476,no_action_disarmed,,
intent_0b40364050eadb7b9f286307,730ad6fe4d2123ff932026d243562a638cd13c33240dd3bf4ade7b5fe6f3d5a0,2022-12-17T00:00:00Z,2022-12-17T00:15:00Z,2022-12-17T00:16:00Z,development,non_positive_momentum,0,1225.27204548952,0,61.263602274476,no_action_disarmed,,
intent_16c13cf296ecf1342a1d2de0,a62d44e0abb3970ff0bf6136ed35daa6dd2ce0ea67e57ace1a4fbf6c0bfb5ae3,2022-12-18T00:00:00Z,2022-12-18T00:15:00Z,2022-12-18T00:19:00Z,development,non_positive_momentum,0,1225.27204548952,0,61.263602274476,no_action_disarmed,,
intent_6eb408a299f8f8798cbba665,9f7f3d4248111b7d525ab1411df8915ecf59f1fc28c872470a2bbf49091dc26e,2022-12-19T00:00:00Z,2022-12-19T00:15:00Z,2022-12-19T00:16:00Z,development,non_positive_momentum,0,1225.27204548952,0,61.263602274476,no_action_disarmed,,
intent_611f2199134f76f304d5aa8d,1268d9b7e292e9a8e1e6f0896acf5ef5fb7808ec7e428f7f9857b5f26822d92e,2022-12-20T00:00:00Z,2022-12-20T00:15:00Z,2022-12-20T00:15:00Z,development,non_positive_momentum,0,1225.27204548952,0,61.263602274476,no_fill_reference_unavailable,,
intent_a663d8ee5149c16bda72b677,37b37d4e5a69290eb00aaedc9ac89bfaa2b8a9b3b6058fc45d73f99438755c59,2022-12-21T00:00:00Z,2022-12-21T00:15:00Z,2022-12-21T00:19:00Z,development,non_positive_momentum,0,1225.27204548952,0,61.263602274476,no_action_disarmed,,
intent_600debf9ba1829af6637bfdf,483286aba8414d898a1de834830337d238fefc9f774057c71e2b710cb016782e,2022-12-22T00:00:00Z,2022-12-22T00:15:00Z,2022-12-22T00:15:00Z,development,non_positive_momentum,0,1225.27204548952,0,61.263602274476,no_fill_reference_unavailable,,
intent_cc7bebfb2494e0168b758155,bed99e48e4589d7cd2373a7480147c173bd8959b923410fef22f5e56512eb336,2022-12-23T00:00:00Z,2022-12-23T00:15:00Z,2022-12-23T00:16:00Z,development,non_positive_momentum,0,1225.27204548952,0,61.263602274476,no_action_disarmed,,
intent_c987304bde8bb10768014867,2efcd7fa3572fcc41508db5ff85f232ae80f9a730d8ab33b85606f06763d8e84,2022-12-24T00:00:00Z,2022-12-24T00:15:00Z,2022-12-24T00:19:00Z,development,non_positive_momentum,0,1225.27204548952,0,61.263602274476,no_action_disarmed,,
intent_0834b2d3fbad5fd014818fcb,8507a952115ca554bb705496220e37b8a047ff77de67c4744c53bfeacf969d52,2022-12-25T00:00:00Z,2022-12-25T00:15:00Z,2022-12-25T00:15:00Z,development,non_positive_momentum,0,1225.27204548952,0,61.263602274476,no_fill_reference_unavailable,,
intent_081e3eab3f1ee66c4386f180,c5a26add74ce0f732812e615b3f050cf1fb0f4afcf2479f5b3f422f7064461d0,2022-12-26T00:00:00Z,2022-12-26T00:15:00Z,2022-12-26T00:15:00Z,development,non_positive_momentum,0,1225.27204548952,0,61.263602274476,no_fill_reference_unavailable,,
intent_a54dc23cb201f065fe8abf43,d5e36ad39d133a14fd78f46cbd6dcc0e83f2357b6a03f60c25856f838c6a92b5,2022-12-27T00:00:00Z,2022-12-27T00:15:00Z,2022-12-27T00:16:00Z,development,non_positive_momentum,0,1225.27204548952,0,61.263602274476,no_action_disarmed,,
intent_27e1535f1979a15a3324aef7,686e8a7becedc246c5999091bde79211887db934d3b34f2a475b289f817e1c87,2022-12-28T00:00:00Z,2022-12-28T00:15:00Z,2022-12-28T00:16:00Z,development,non_positive_momentum,0,1225.27204548952,0,61.263602274476,no_action_disarmed,,
intent_2ee2ef56b3acdd9641304818,6f478fa3823a340dc09853d68de7e2a792ddff84e94d46ab22eedd1438b7c415,2022-12-29T00:00:00Z,2022-12-29T00:15:00Z,2022-12-29T00:16:00Z,development,non_positive_momentum,0,1225.27204548952,0,61.263602274476,no_action_disarmed,,
intent_e0d43dbef9f8e17cde3b9d50,459151bd94cd62108cef603551df31d74b8670cf9fd641e2d71682a03021314b,2022-12-30T00:00:00Z,2022-12-30T00:15:00Z,2022-12-30T00:18:00Z,development,non_positive_momentum,0,1225.27204548952,0,61.263602274476,no_action_disarmed,,
intent_47e791159de4a7f65215ac68,2c7d4bf76344f5012f73466c951ea208c22b87dea46af281b81f41da87b7d9fe,2022-12-31T00:00:00Z,2022-12-31T00:15:00Z,2022-12-31T00:15:00Z,development,non_positive_momentum,0,1225.27204548952,0,61.263602274476,no_fill_reference_unavailable,,
intent_230546c4b328f0bb8d2be3d7,7e6e5e45d51a1a73990b83145694274e9df56669b6fc1e35d363e768220da7eb,2023-01-01T00:00:00Z,2023-01-01T00:15:00Z,2023-01-01T00:17:00Z,development,non_positive_momentum,0,1225.27204548952,0,61.263602274476,no_action_disarmed,,
intent_6e2de82bef25018b8e69e90b,dbb7fefd39fddab27d83b3bd8aea4fe828f59fb3ba1c30673a62e787cba15c31,2023-01-02T00:00:00Z,2023-01-02T00:15:00Z,2023-01-02T00:20:00Z,development,non_positive_momentum,0,1225.27204548952,0,61.263602274476,no_action_disarmed,,
intent_530fd46b77cea2e63ece4426,47837388cff3707395999f96811f1aaf190b439cab6806deebf9c143cd1fb402,2023-01-03T00:00:00Z,2023-01-03T00:15:00Z,2023-01-03T00:16:00Z,development,non_positive_momentum,0,1225.27204548952,0,61.263602274476,no_action_disarmed,,
intent_f4aaac164d39d10f87c917c7,802f582ce8fd45957de0cbd3643327a3d9a54d6aa7a534070c2101f74ef57bf7,2023-01-04T00:00:00Z,2023-01-04T00:15:00Z,2023-01-04T00:15:00Z,development,non_positive_momentum,0,1225.27204548952,0,61.263602274476,no_fill_reference_unavailable,,
intent_8069acb94ad3d31eedc19b95,4b3fa8efbf899a5653ca7ae5d48ea50194f2f7f343920a2ee6efb11fbf3e1af0,2023-01-05T00:00:00Z,2023-01-05T00:15:00Z,2023-01-05T00:18:00Z,development,non_positive_momentum,0,1225.27204548952,0,61.263602274476,no_action_disarmed,,
intent_1335effe2697adf95031c542,79764e136624c3f1315cdf4c007dffa2c3a82beb00f6b34b71ec3a672d750ee2,2023-01-06T00:00:00Z,2023-01-06T00:15:00Z,2023-01-06T00:17:00Z,development,non_positive_momentum,0,1225.27204548952,0,61.263602274476,no_action_disarmed,,
intent_4529fba87222f2157987fb7f,40ba9b5b3c4756028377aff3b1112d1366801807bb55714092dd1df31a9e3da6,2023-01-07T00:00:00Z,2023-01-07T00:15:00Z,2023-01-07T00:15:00Z,development,non_positive_momentum,0,1225.27204548952,0,61.263602274476,no_fill_reference_unavailable,,
intent_acf3e2359d380316e2526716,af617ea0f33953e6d4a8605f768bb92e8e265c5216687000cc35f194f1747353,2023-01-08T00:00:00Z,2023-01-08T00:15:00Z,2023-01-08T00:19:00Z,development,non_positive_momentum,0,1225.27204548952,0,61.263602274476,no_action_disarmed,,
intent_26be91176c39c1df05b590aa,e13f1adceffc4303a2bb930f0775b627fd9700ddc6e5378494cd24a137c6950f,2023-01-09T00:00:00Z,2023-01-09T00:15:00Z,2023-01-09T00:17:00Z,development,non_positive_momentum,0,1225.27204548952,0,61.263602274476,no_action_disarmed,,
intent_9e8ef88b22ec17340123ac00,db483b52d8cc7ddf729e410e5fac5bacfdaf8724ed237d17222440b387061efd,2023-01-10T00:00:00Z,2023-01-10T00:15:00Z,2023-01-10T00:16:00Z,development,non_positive_momentum,0,1225.27204548952,0,61.263602274476,no_action_disarmed,,
intent_870352f400545c218ad45165,e96d6d799e4c6431d8d03c6ec5ae48371d9f6d43622474313ce28980fc9873aa,2023-01-11T00:00:00Z,2023-01-11T00:15:00Z,2023-01-11T00:15:00Z,development,non_positive_momentum,0,1225.27204548952,0,61.263602274476,no_fill_reference_unavailable,,
intent_5f995fa061b10987ac9d236f,83a6784cf8c7c13917a08f718bd4c9c3d975d3477d642eb02b212304d5e05924,2023-01-12T00:00:00Z,2023-01-12T00:15:00Z,2023-01-12T00:16:00Z,development,non_positive_momentum,0,1225.27204548952,0,61.263602274476,no_action_disarmed,,
intent_293152262d4807856188097d,1d269f1640d9d4f32bd5edad613c3b44ba4bcf546c4fcafa3e90f620fa2b5e25,2023-01-13T00:00:00Z,2023-01-13T00:15:00Z,2023-01-13T00:15:00Z,development,non_positive_momentum,0,1225.27204548952,0,61.263602274476,no_fill_reference_unavailable,,
intent_e217c379cc47cf15b44ddcdf,914b92658587832f4c24dc6c7e7ca3051c53de272f6f96b39f3c91fc42c402e8,2023-01-14T00:00:00Z,2023-01-14T00:15:00Z,2023-01-14T00:17:00Z,development,long_signal,0,1225.27204548952,0,61.263602274476,no_action_disarmed,,
intent_d0d10ad65bf38d176614c625,aecb9688489a83099acbf70bb880e0d41146980ba9a4461cec25d98abf65337b,2023-01-15T00:00:00Z,2023-01-15T00:15:00Z,2023-01-15T00:19:00Z,development,long_signal,0,1225.27204548952,0,61.263602274476,no_action_disarmed,,
intent_15ab77f65867b3738a09c786,be832d44db892954efc9f6eea3170ae3363b7c2421d4a116a2c343a9889e2b2f,2023-01-16T00:00:00Z,2023-01-16T00:15:00Z,2023-01-16T00:20:00Z,development,long_signal,0,1225.27204548952,0,61.263602274476,no_action_disarmed,,
intent_ed46b7f3f6cb81213b946ea2,0f736b8df4c54f310532f7c18647902974a74525ff5e1eadb0676c4ff3d5d347,2023-01-17T00:00:00Z,2023-01-17T00:15:00Z,2023-01-17T00:20:00Z,development,long_signal,0,1225.27204548952,0,61.263602274476,no_action_disarmed,,
intent_9dc7e126d69c2349ce30f20c,68526156b9fcff905188d5b0fe611b1cb1a26f23e6834ac22384ce2fd551d7df,2023-01-18T00:00:00Z,2023-01-18T00:15:00Z,2023-01-18T00:17:00Z,development,long_signal,0,1225.27204548952,0,61.263602274476,no_action_disarmed,,
intent_62894badccd39c21038ddce2,1386b2913913d5771a4e7b9d64673a5c6a1bdf847a87321b8366a39b8c600aeb,2023-01-19T00:00:00Z,2023-01-19T00:15:00Z,2023-01-19T00:20:00Z,development,long_signal,0,1225.27204548952,0,61.263602274476,no_action_disarmed,,
intent_9c4f364c678b8475662eb37f,b850df56a34f6f87eb50e6d94695fc2855549b642e140e443954deaff65e6480,2023-01-20T00:00:00Z,2023-01-20T00:15:00Z,2023-01-20T00:19:00Z,development,long_signal,0,1225.27204548952,0,61.263602274476,no_action_disarmed,,
intent_5bbf1aaca39fff38a1c459c9,9d9407430c00b734bc695b54b521cb421eed10c43413c39df3f2890046550644,2023-01-21T00:00:00Z,2023-01-21T00:15:00Z,2023-01-21T00:20:00Z,development,long_signal,0,1225.27204548952,0,61.263602274476,no_action_disarmed,,
intent_393711662b2cb537d5c790b9,2e1f738c11847f3bf65d91a6de1e5678027f7f15022125a48972d8bdf667c9a5,2023-01-22T00:00:00Z,2023-01-22T00:15:00Z,2023-01-22T00:20:00Z,development,long_signal,0,1225.27204548952,0,61.263602274476,no_action_disarmed,,
intent_a05ef29214754dc0f5342a09,9a75248490bf7c778ce05dbb67932112edc7c2487c0c2e444f3b96f65e8e12dc,2023-01-23T00:00:00Z,2023-01-23T00:15:00Z,2023-01-23T00:19:00Z,development,long_signal,0,1225.27204548952,0,61.263602274476,no_action_disarmed,,
intent_497c9127ba2ea4ad521ef190,036a844acf95023a9b4a9134aad06caaa4818afaa05d1a8e6b74587df46e42ea,2023-01-24T00:00:00Z,2023-01-24T00:15:00Z,2023-01-24T00:16:00Z,development,long_signal,0,1225.27204548952,0,61.263602274476,no_action_disarmed,,
intent_efec21877151f5c817edc07f,2133f5afc0d97f71954e72940ea128ec01ca9ad9e5e88f19482b4e9f8296a941,2023-01-25T00:00:00Z,2023-01-25T00:15:00Z,2023-01-25T00:16:00Z,development,long_signal,0,1225.27204548952,0,61.263602274476,no_action_disarmed,,
intent_f704b2de03b40dadeae0fd9e,700c0d4a7d88989f1e313211822c9a2fbea8d404700c6bc042e92719b70ba8f2,2023-01-26T00:00:00Z,2023-01-26T00:15:00Z,2023-01-26T00:18:00Z,development,long_signal,0,1225.27204548952,0,61.263602274476,no_action_disarmed,,
intent_7a3df2b6812079f441b686d2,12d740e9cb62bb135357dd91272b61d041428913823961c93f5e8c75b619c26c,2023-01-27T00:00:00Z,2023-01-27T00:15:00Z,2023-01-27T00:15:00Z,development,long_signal,0,1225.27204548952,0,61.263602274476,no_fill_reference_unavailable,,
intent_09ceb69d4b7564fde8733b5c,9fe7bc62239f4e803e8afc4706d924bac4d5b3e7bc1b98f91300903135fafdb1,2023-01-28T00:00:00Z,2023-01-28T00:15:00Z,2023-01-28T00:19:00Z,development,long_signal,0,1225.27204548952,0,61.263602274476,no_action_disarmed,,
intent_417ec24c5696115ba97d45aa,1123b35f777ad4be9a90416a107b705b19d4b85e5441ebf3715d625618673068,2023-01-29T00:00:00Z,2023-01-29T00:15:00Z,2023-01-29T00:15:00Z,development,long_signal,0,1225.27204548952,0,61.263602274476,no_fill_reference_unavailable,,
intent_d1d75d0a9a8396acd76a1367,77288dde5cbfe1dffa307f136f658a515ed6a58034a8744fdda0528d8fda8517,2023-01-30T00:00:00Z,2023-01-30T00:15:00Z,2023-01-30T00:15:00Z,development,long_signal,0,1225.27204548952,0,61.263602274476,no_fill_reference_unavailable,,
intent_dd6ba63f71651c442eeeb217,42b284a7231bc6ab9ede3ea77d37f5057bf172d7d07500b533f7654fe68b43b2,2023-01-31T00:00:00Z,2023-01-31T00:15:00Z,2023-01-31T00:17:00Z,development,long_signal,0,1225.27204548952,0,61.263602274476,no_action_disarmed,,
intent_bf805756617fa3e759697cfa,205fe54801d31c52580e8b466e82e2c6ec867ff8aa1932d0699c61aea89813ec,2023-02-01T00:00:00Z,2023-02-01T00:15:00Z,2023-02-01T00:20:00Z,development,long_signal,0,1225.27204548952,0,61.263602274476,no_action_disarmed,,
intent_1fe776708107228cd9bbb2f2,eff2dc00bc579a69bfbc048be5de4efd6ee50f7e02c08a88b52a3a0f7d34b67b,2023-02-02T00:00:00Z,2023-02-02T00:15:00Z,2023-02-02T00:18:00Z,validation,long_signal,0,1225.27204548952,0,61.263602274476,no_action_disarmed,,
intent_d2fef1ad1e9690af673996d4,c9826420efca2509ffc847866261932717d27fd09e3dd5d70daadeda776d7ff3,2023-02-03T00:00:00Z,2023-02-03T00:15:00Z,2023-02-03T00:20:00Z,validation,long_signal,0,1225.27204548952,0,61.263602274476,no_action_disarmed,,
intent_9636961817eefd84a9b70e4c,da15799007f2c13040129b08bd094dcaf2a8c83e6801a882aaf8861832b84511,2023-02-04T00:00:00Z,2023-02-04T00:15:00Z,2023-02-04T00:16:00Z,validation,long_signal,0,1225.27204548952,0,61.263602274476,no_action_disarmed,,
intent_dd9b58f1264c7e09223f2bf9,172d14af4fc37ee2dd427be1ab2a1a687cad7c6c71c3ee35c6c8f0ac10e740da,2023-02-05T00:00:00Z,2023-02-05T00:15:00Z,2023-02-05T00:15:00Z,validation,long_signal,0,1225.27204548952,0,61.263602274476,no_fill_reference_unavailable,,
intent_5d10795037657edb7b1ec99e,10f28f718d64a12992a5efe51411806dd3c0e0b4c4aa87a32a38c04fb5de7270,2023-02-06T00:00:00Z,2023-02-06T00:15:00Z,2023-02-06T00:17:00Z,validation,long_signal,0,1225.27204548952,0,61.263602274476,no_action_disarmed,,
intent_4a1b5331396c8434de7d454f,87d1bee8807cf9fda80a6fb7c2136ea2787835fcf9ea368170272e015fd236c2,2023-02-07T00:00:00Z,2023-02-07T00:15:00Z,2023-02-07T00:18:00Z,validation,long_signal,0,1225.27204548952,0,61.263602274476,no_action_disarmed,,
intent_d7683926ab905b4e08a71d8c,cf41f84e743587ad2db897704acbdc24f1d32da5772220ba4b2706a791f63079,2023-02-08T00:00:00Z,2023-02-08T00:15:00Z,2023-02-08T00:16:00Z,validation,long_signal,0,1225.27204548952,0,61.263602274476,no_action_disarmed,,
intent_fae8a1ebed75fa843060e755,5af8b5c5791e02590cecbab3451e74e05ca0fdcceee0fdec38f2f367d2598d9b,2023-02-09T00:00:00Z,2023-02-09T00:15:00Z,2023-02-09T00:19:00Z,validation,long_signal,0,1225.27204548952,0,61.263602274476,no_action_disarmed,,
intent_c6a2514f2ae93833f5376af3,f0bd466821feb67f33f5924b74b24b49d8512bf20feff10049c920f4d35e7ebc,2023-02-10T00:00:00Z,2023-02-10T00:15:00Z,2023-02-10T00:16:00Z,validation,long_signal,0,1225.27204548952,0,61.263602274476,no_action_disarmed,,
intent_e567a9ebc78ddcd884e56215,9fcd96ea5b15093f744f973154e2e6950d4340fe079a2af3200e8fff9c0d8259,2023-02-11T00:00:00Z,2023-02-11T00:15:00Z,2023-02-11T00:15:00Z,validation,long_signal,0,1225.27204548952,0,61.263602274476,no_fill_reference_unavailable,,
intent_50d9a35ce5ae13ed30e48802,068d36ef594363d22a73fdf9d72b3432a61979ed3b8c8d7de9958999688874e1,2023-02-12T00:00:00Z,2023-02-12T00:15:00Z,2023-02-12T00:15:00Z,validation,long_signal,0,1225.27204548952,0,61.263602274476,no_fill_reference_unavailable,,
intent_4a87fa4f67c5ee9fd5aaea10,f5a8974fb5ac75db1a9f7d703eb19ee58034f62ed3f67a5203ea54068e9248a8,2023-02-13T00:00:00Z,2023-02-13T00:15:00Z,2023-02-13T00:17:00Z,validation,long_signal,0,1225.27204548952,0,61.263602274476,no_action_disarmed,,
intent_99b01e011f2165e467821bff,2ebb5eb0f98de3f33cf86fad51154cd46a4a74cba2f611772f854c21ef58f771,2023-02-14T00:00:00Z,2023-02-14T00:15:00Z,2023-02-14T00:19:00Z,validation,long_signal,0,1225.27204548952,0,61.263602274476,no_action_disarmed,,
intent_5de98d64a54d7a9e7185695e,333c10d9a9f9aa8d0fde82a0f6f505e0061d766acb56fbef480854aa01c5493b,2023-02-15T00:00:00Z,2023-02-15T00:15:00Z,2023-02-15T00:16:00Z,validation,long_signal,0,1225.27204548952,0,61.263602274476,no_action_disarmed,,
intent_3294948bbee59e71eb360c0b,740fe0c7e9de797a29a03bf9fe5626b60c9bb81f012c05bf53eee63554c60963,2023-02-16T00:00:00Z,2023-02-16T00:15:00Z,2023-02-16T00:17:00Z,validation,long_signal,0,1225.27204548952,0,61.263602274476,no_action_disarmed,,
intent_a8789503152ea6818179271c,71929b6819e569b6dd7fb9e387457573b39ac5686bc9f92f3e000af5a797feca,2023-02-17T00:00:00Z,2023-02-17T00:15:00Z,2023-02-17T00:17:00Z,validation,long_signal,0,1225.27204548952,0,61.263602274476,no_action_disarmed,,
intent_a3a40357f1192b207fba3a56,a9db1250045264477503ae04d39e25e84a05231f9dd66e9cd4f4d7d6ff4d13a8,2023-02-18T00:00:00Z,2023-02-18T00:15:00Z,2023-02-18T00:15:00Z,validation,long_signal,0,1225.27204548952,0,61.263602274476,no_fill_reference_unavailable,,
intent_8c143e257ba9699a25d32d02,ea5a99482756f4a787ce2ef83bf1b7d61dff80c217f44299efc1c195a9692cff,2023-02-19T00:00:00Z,2023-02-19T00:15:00Z,2023-02-19T00:20:00Z,validation,long_signal,0,1225.27204548952,0,61.263602274476,no_action_disarmed,,
intent_09f79886a3a45b5bed5166cd,25ce69629a61fe34939b1463d0a8300b4a240468d3df2ea738aedd216f69efda,2023-02-20T00:00:00Z,2023-02-20T00:15:00Z,2023-02-20T00:15:00Z,validation,long_signal,0,1225.27204548952,0,61.263602274476,no_fill_reference_unavailable,,
intent_a24430837b0a7bf5713fd1b0,7d58e9438093bf92ffee9134d8ac0e20e7412a69f98dea2486fa934e20c7c6d2,2023-02-21T00:00:00Z,2023-02-21T00:15:00Z,2023-02-21T00:19:00Z,validation,long_signal,0,1225.27204548952,0,61.263602274476,no_action_disarmed,,
intent_a90637b0884862896abfb5a0,0c872e83ec85df575497ff1e57fdc0b98d9478e16324f1859b2b91e0a5f6fb75,2023-02-22T00:00:00Z,2023-02-22T00:15:00Z,2023-02-22T00:15:00Z,validation,long_signal,0,1225.27204548952,0,61.263602274476,no_fill_reference_unavailable,,
intent_7b1743e411d3179e815ec3db,6ecb05c268ce7c87b35c9a9e785140d640dc418bb5002fa43f70756e15597dc1,2023-02-23T00:00:00Z,2023-02-23T00:15:00Z,2023-02-23T00:15:00Z,validation,long_signal,0,1225.27204548952,0,61.263602274476,no_fill_reference_unavailable,,
intent_9dba7dbb7013188255d509a9,330704ff9eac5ce033eb3d5ef634fbc3863c467196fc1fa37df81a7a41856d57,2023-02-24T00:00:00Z,2023-02-24T00:15:00Z,2023-02-24T00:20:00Z,validation,long_signal,0,1225.27204548952,0,61.263602274476,no_action_disarmed,,
intent_f32c64a4be4a8dac11b6e302,0c079025e4e1e84e1c3ab794c18d2a2bc4f9367fda31d53da1fa59ac5a8e6ba7,2023-02-25T00:00:00Z,2023-02-25T00:15:00Z,2023-02-25T00:17:00Z,validation,long_signal,0,1225.27204548952,0,61.263602274476,no_action_disarmed,,
intent_4b8035dab24abf01fd5ece94,4404bb57857d1b3d839846f239e86ed25d93882adb4bdf3b8b6d66d8f8804c59,2023-02-26T00:00:00Z,2023-02-26T00:15:00Z,2023-02-26T00:19:00Z,validation,long_signal,0,1225.27204548952,0,61.263602274476,no_action_disarmed,,
intent_843e743397866d8016da87df,2614edf98933e3ee657d6ee67bfa460d53c7f9e6bbebcf92af2ff6269b5a5e63,2023-02-27T00:00:00Z,2023-02-27T00:15:00Z,2023-02-27T00:18:00Z,validation,long_signal,0,1225.27204548952,0,61.263602274476,no_action_disarmed,,
intent_3c6a4c4ba3f5dad3c39c8e08,9fca666576ec156cdaac60c0b6ff02e54bcb2a9b7e2bf2ef278854dcb586662d,2023-02-28T00:00:00Z,2023-02-28T00:15:00Z,2023-02-28T00:18:00Z,validation,long_signal,0,1225.27204548952,0,61.263602274476,no_action_disarmed,,
intent_7858fa6ad9937c4960435ac2,3794f23ab4cb03796ca6d366c5c4f6bc05e48d4bc64725d19592875545aa2f01,2023-03-01T00:00:00Z,2023-03-01T00:15:00Z,2023-03-01T00:17:00Z,validation,long_signal,0,1225.27204548952,0,61.263602274476,no_action_disarmed,,
intent_803d7cd3a863954e029dd00f,9ccb490d145226f9677277006173ad59cfeedb30e74298d0babe3b485d280271,2023-03-02T00:00:00Z,2023-03-02T00:15:00Z,2023-03-02T00:19:00Z,validation,long_signal,0,1225.27204548952,0,61.263602274476,no_action_disarmed,,
intent_21bb1a1a85b08cf9ebd48707,e80c6ae3c7778fd927b9f0313f4e4097b262e810b3369efc81e0b197dd042614,2023-03-03T00:00:00Z,2023-03-03T00:15:00Z,2023-03-03T00:18:00Z,validation,long_signal,0,1225.27204548952,0,61.263602274476,no_action_disarmed,,
intent_7017b50233046f0e698af2ac,7de8020f905764920d751d8af01910630ffb40f74480bcb90ab16cdd1cc5256f,2023-03-04T00:00:00Z,2023-03-04T00:15:00Z,2023-03-04T00:20:00Z,validation,long_signal,0,1225.27204548952,0,61.263602274476,no_action_disarmed,,
intent_b26b2b77e0dbcc21af3c1f5e,ed314806575fff170595cddc448b2310cef2e9aac08d1034967862811720fb41,2023-03-05T00:00:00Z,2023-03-05T00:15:00Z,2023-03-05T00:15:00Z,validation,long_signal,0,1225.27204548952,0,61.263602274476,no_fill_reference_unavailable,,
intent_3274e607f3c56c0fc5a69f46,a3cd4e834b1ae2b3b08ba4e10a4f24468223a295470fa3bff2f87bce7ccf293d,2023-03-06T00:00:00Z,2023-03-06T00:15:00Z,2023-03-06T00:17:00Z,validation,long_signal,0,1225.27204548952,0,61.263602274476,no_action_disarmed,,
intent_71f453cdca1ac790e42321d0,2be469f6365f2eac89172948ce052f9e7e8570b066b43303e8c8edc582070b53,2023-03-07T00:00:00Z,2023-03-07T00:15:00Z,2023-03-07T00:18:00Z,validation,long_signal,0,1225.27204548952,0,61.263602274476,no_action_disarmed,,
intent_58e78b9b4a32ddb2b886e9a8,b17edb6d312cc47b3130f5684ceeee7613105272694b8299dcd9f97c154d7bbf,2023-03-08T00:00:00Z,2023-03-08T00:15:00Z,2023-03-08T00:16:00Z,validation,long_signal,0,1225.27204548952,0,61.263602274476,no_action_disarmed,,
intent_ab07bbf8d0b4309c8c4af957,4547151522d041a754d2f8639841da178ba824cb9e0d8b4b3d0770f1c231fb30,2023-03-09T00:00:00Z,2023-03-09T00:15:00Z,2023-03-09T00:17:00Z,validation,long_signal,0,1225.27204548952,0,61.263602274476,no_action_disarmed,,
intent_c907d2eb997fda65fea34dc0,1b7c7b6b3fac9074af64dc4de72acc0fe697af7d3fe68102df3b6634089e89ea,2023-03-10T00:00:00Z,2023-03-10T00:15:00Z,2023-03-10T00:16:00Z,validation,long_signal,0,1225.27204548952,0,61.263602274476,no_action_disarmed,,
intent_7ec1be24333da54df0c4d368,95141a2b876b57458befd0aef82b135cd59019c82bf87b640d5c526fea984900,2023-03-11T00:00:00Z,2023-03-11T00:15:00Z,2023-03-11T00:17:00Z,validation,long_signal,0,1225.27204548952,0,61.263602274476,no_action_disarmed,,
intent_438a4f16913a24a4f44d13b4,e9dc5e98d5980600ffe86e4370046f63b5c1cafc0e340b09275b9fcd6ec24ce2,2023-03-12T00:00:00Z,2023-03-12T00:15:00Z,2023-03-12T00:19:00Z,validation,long_signal,0,1225.27204548952,0,61.263602274476,no_action_disarmed,,
intent_8c39fab0e1b19886d01007ae,2e1dbf87f38c0b06dbb749058a4ba20cc3d5909147cc4f2bb5fc77c4a7593488,2023-03-13T00:00:00Z,2023-03-13T00:15:00Z,2023-03-13T00:17:00Z,validation,long_signal,0,1225.27204548952,0,61.263602274476,no_action_disarmed,,
intent_8b4887366114e20ecbd3bf93,079dd11988156bb47d725862289cbcd7a675587de01affa4cb4d4ac480f69f24,2023-03-14T00:00:00Z,2023-03-14T00:15:00Z,2023-03-14T00:18:00Z,validation,long_signal,0,1225.27204548952,0,61.263602274476,no_action_disarmed,,
intent_a4803b3cc20a2270ae9b89bc,45d4385edeb1211fdedfd409cd634af100635c553e7e74330b07663c20ceda5f,2023-03-15T00:00:00Z,2023-03-15T00:15:00Z,2023-03-15T00:16:00Z,validation,long_signal,0,1225.27204548952,0,61.263602274476,no_action_disarmed,,
intent_716a7f560006d928580ebb3e,80a45de8b879a3c53651cab80cc207b5a904291f7f0db7258141dc62d3d53460,2023-03-16T00:00:00Z,2023-03-16T00:15:00Z,2023-03-16T00:19:00Z,validation,long_signal,0,1225.27204548952,0,61.263602274476,no_action_disarmed,,
intent_10fd7d78ee631662f95d6e44,ec2a55810eb0f29e6b24a913bd23e9ecee04b1fbf5e6d2e8d7e0a2e7afcc41ab,2023-03-17T00:00:00Z,2023-03-17T00:15:00Z,2023-03-17T00:17:00Z,validation,long_signal,0,1225.27204548952,0,61.263602274476,no_action_disarmed,,
intent_774183e09d0d6eba0a0911e4,96270ddc16afe0d52549329d9450eb33ba1a0a40e12da3d97c33bf442bf2e118,2023-03-18T00:00:00Z,2023-03-18T00:15:00Z,2023-03-18T00:16:00Z,validation,long_signal,0,1225.27204548952,0,61.263602274476,no_action_disarmed,,
intent_76553b80d0d7496333dc9e09,e1a8be2db84303ad95b3b32caa5f5112717b10fa617c109d8553e90f0bc767f8,2023-03-19T00:00:00Z,2023-03-19T00:15:00Z,2023-03-19T00:16:00Z,validation,long_signal,0,1225.27204548952,0,61.263602274476,no_action_disarmed,,
intent_407154ea6fa93a04b3b0d9ad,84e3d4da9f78d71c2e1e647b10e070b1b5fe8d7464a2126f328b94e173e16e29,2023-03-20T00:00:00Z,2023-03-20T00:15:00Z,2023-03-20T00:19:00Z,validation,long_signal,0,1225.27204548952,0,61.263602274476,no_action_disarmed,,
intent_e1715f019f0307bef6eed7b9,34c1748a42c1e73575db03b1db79821c892fe912aa7572379159a254acb6e073,2023-03-21T00:00:00Z,2023-03-21T00:15:00Z,2023-03-21T00:19:00Z,validation,long_signal,0,1225.27204548952,0,61.263602274476,no_action_disarmed,,
intent_a6082a5bb25601801c66b901,4e6419a2fa9f6fea5fe3feaef06ebe3f5db324c6a330af9db9d06953820b077b,2023-03-22T00:00:00Z,2023-03-22T00:15:00Z,2023-03-22T00:17:00Z,validation,long_signal,0,1225.27204548952,0,61.263602274476,no_action_disarmed,,
intent_cbeb5a6d8f020c98f46f9e3e,d829c083737264189b14eee0617c9a50116721e365b068ea6ddeb5372ffbfb15,2023-03-23T00:00:00Z,2023-03-23T00:15:00Z,2023-03-23T00:17:00Z,validation,long_signal,0,1225.27204548952,0,61.263602274476,no_action_disarmed,,
intent_7f9fc30b73bb4e69ecd18f93,4bec0cdc6539810c474ba7d8a9f3495c5a9e87468e18f1d4f7faa9eeec64d764,2023-03-24T00:00:00Z,2023-03-24T00:15:00Z,2023-03-24T00:19:00Z,validation,long_signal,0,1225.27204548952,0,61.263602274476,no_action_disarmed,,
intent_f7ca7f371ee5ee85f7348c96,af0acce91844f6dacf0ec5920caf9601e3ad8c37b6a8ec179839f2a397c7f69a,2023-03-25T00:00:00Z,2023-03-25T00:15:00Z,2023-03-25T00:16:00Z,validation,long_signal,0,1225.27204548952,0,61.263602274476,no_action_disarmed,,
intent_52fa284bc83a07da9e58cfd3,f1fef55d3581a531647474ef226b760e6d70650dea06a75dd3315a1c89193ad2,2023-03-26T00:00:00Z,2023-03-26T00:15:00Z,2023-03-26T00:15:00Z,validation,long_signal,0,1225.27204548952,0,61.263602274476,no_fill_reference_unavailable,,
intent_d41aed6e2ad1f071f107b7ef,5d12dfb9e76b82638d7ce3366587268b189c3cfa3c128a92adb58e5b8defc69c,2023-03-27T00:00:00Z,2023-03-27T00:15:00Z,2023-03-27T00:17:00Z,validation,long_signal,0,1225.27204548952,0,61.263602274476,no_action_disarmed,,
intent_0b3e19c41648fa3a079fc720,5288f0363ba05d59668b79b28fe9190c368d9f7ef13e630a7ef684ac4fe89508,2023-03-28T00:00:00Z,2023-03-28T00:15:00Z,2023-03-28T00:18:00Z,validation,long_signal,0,1225.27204548952,0,61.263602274476,no_action_disarmed,,
intent_7ca115e6575ed6b8f187c855,ef7fea327f6b3eda4a80652073f50e492394982cf146a8922a2acd26a73ddddf,2023-03-29T00:00:00Z,2023-03-29T00:15:00Z,2023-03-29T00:16:00Z,validation,long_signal,0,1225.27204548952,0,61.263602274476,no_action_disarmed,,
intent_9c043bbbb5e857cddeecef23,3a33bbb5c6a3422b600f87d3c92107f4ce5b5f91b7661b501a3e27cdeafc2a75,2023-03-30T00:00:00Z,2023-03-30T00:15:00Z,2023-03-30T00:16:00Z,validation,long_signal,0,1225.27204548952,0,61.263602274476,no_action_disarmed,,
intent_2cb939feda79fe076feb18d8,462b8d5d3b0118de56d9349ceadeb153b945de8d95a6dea4129139f60ae31d5e,2023-03-31T00:00:00Z,2023-03-31T00:15:00Z,2023-03-31T00:17:00Z,validation,long_signal,0,1225.27204548952,0,61.263602274476,no_action_disarmed,,
intent_cf8523d300840f915e49903d,5fce7180220e36670fc47888a6c426cba333e73e60ddda967947025bb2451a2f,2023-04-01T00:00:00Z,2023-04-01T00:15:00Z,2023-04-01T00:16:00Z,validation,long_signal,0,1225.27204548952,0,61.263602274476,no_action_disarmed,,
intent_80f8ab831a48b92405ee5f0a,6e7532db739f0fc2fdc170812eeaeb2c2126e055dfaf53e58b88563c24b7c442,2023-04-02T00:00:00Z,2023-04-02T00:15:00Z,2023-04-02T00:17:00Z,validation,long_signal,0,1225.27204548952,0,61.263602274476,no_action_disarmed,,
intent_83a669681ac6702bbd559263,85897fea9a6dbc4295b328f998bf4d8223ac428e26ff83addbf35f051f94800c,2023-04-03T00:00:00Z,2023-04-03T00:15:00Z,2023-04-03T00:15:00Z,validation,long_signal,0,1225.27204548952,0,61.263602274476,no_fill_reference_unavailable,,
intent_ad78ff1d572c60ea7b47b0a9,3ab5a7b0bb24b310e5e68e5dccf75adc813b5e22e787736f2eba8d46c49b8431,2023-04-04T00:00:00Z,2023-04-04T00:15:00Z,2023-04-04T00:19:00Z,validation,long_signal,0,1225.27204548952,0,61.263602274476,no_action_disarmed,,
intent_1968597ea9354f5646d7f0ce,e69234dd788684f304d2ff17083a7cf62651a7141a1b68d35e265d8635f884ba,2023-04-05T00:00:00Z,2023-04-05T00:15:00Z,2023-04-05T00:16:00Z,validation,long_signal,0,1225.27204548952,0,61.263602274476,no_action_disarmed,,
intent_e8739b4750e177a2d3dbcf86,f65e7bd687d234cafc4274a81cf2bf1c3ffaa9cc8d6894a468cda0bb7d90224c,2023-04-06T00:00:00Z,2023-04-06T00:15:00Z,2023-04-06T00:15:00Z,validation,long_signal,0,1225.27204548952,0,61.263602274476,no_fill_reference_unavailable,,
intent_a27ba70d5974b16448d0e7bc,5d060d516b2d2f53a2b042ed7792195c879e40d64e936a40e8c3173efdfbbc16,2023-04-07T00:00:00Z,2023-04-07T00:15:00Z,2023-04-07T00:15:00Z,validation,long_signal,0,1225.27204548952,0,61.263602274476,no_fill_reference_unavailable,,
intent_6b037a77e81884527921f9c3,2538c4974ee0cbc6db63e283dd851385b3f5ca1f219c2dc464f4e1457ed1e31f,2023-04-08T00:00:00Z,2023-04-08T00:15:00Z,2023-04-08T00:16:00Z,validation,long_signal,0,1225.27204548952,0,61.263602274476,no_action_disarmed,,
intent_08ca73ccf78a7eeb92402dff,c0874c7da9ba38b9024a4458c8ee99e875a513a35881387d1e91264afd7bb70d,2023-04-09T00:00:00Z,2023-04-09T00:15:00Z,2023-04-09T00:16:00Z,validation,long_signal,0,1225.27204548952,0,61.263602274476,no_action_disarmed,,
intent_73583d5ab78aed47f2613658,16f18cabf655075d2781e7ce3d0f76d60a94cab0bb2d620845f2e1c5037738fa,2023-04-10T00:00:00Z,2023-04-10T00:15:00Z,2023-04-10T00:17:00Z,validation,long_signal,0,1225.27204548952,0,61.263602274476,no_action_disarmed,,
intent_186053e05e49fd76879773da,86ad3b7ee809028a237e674ca9f25e5c2d7146b228bc7693d884e1927d509f8e,2023-04-11T00:00:00Z,2023-04-11T00:15:00Z,2023-04-11T00:16:00Z,validation,long_signal,0,1225.27204548952,0,61.263602274476,no_action_disarmed,,
intent_68abd943ab3803943e919259,47f7bf3d6c9fbc0b33cb3f505c0016486ca9d6ab3c44cc39eac8ee204899872a,2023-04-12T00:00:00Z,2023-04-12T00:15:00Z,2023-04-12T00:18:00Z,validation,long_signal,0,1225.27204548952,0,61.263602274476,no_action_disarmed,,
intent_8ec374649e93e0c00cbda353,856f596430b7e8c0831f17515b160f8b8d4a0dd93df08c088dcf48f344aa2c98,2023-04-13T00:00:00Z,2023-04-13T00:15:00Z,2023-04-13T00:20:00Z,validation,long_signal,0,1225.27204548952,0,61.263602274476,no_action_disarmed,,
intent_3c49e4d0e0cd27a92416a3db,beef3ad4e256b206a69032b3cf40ec5e9e5f48312b503f3c871dfab64346f79e,2023-04-14T00:00:00Z,2023-04-14T00:15:00Z,2023-04-14T00:15:00Z,validation,long_signal,0,1225.27204548952,0,61.263602274476,no_fill_reference_unavailable,,
intent_529c5c9caad44ae3bcdf565f,6e7a1802959cc16509a29c1ec065a3fd290691ba1f21c151f47b61f34578e056,2023-04-15T00:00:00Z,2023-04-15T00:15:00Z,2023-04-15T00:17:00Z,validation,long_signal,0,1225.27204548952,0,61.263602274476,no_action_disarmed,,
intent_32bc2e9b219969c40ffdf1ce,ba68cf395a09f53b552d2ce2e69688b4719d94cba56fab7a855d4e1fe6399eaa,2023-04-16T00:00:00Z,2023-04-16T00:15:00Z,2023-04-16T00:15:00Z,validation,long_signal,0,1225.27204548952,0,61.263602274476,no_fill_reference_unavailable,,
intent_81374ab6e309e1d6bcac110d,80656dea2258e689d8e7626fa10bab00f41876b203862278c2dd080b4cfe4c8b,2023-04-17T00:00:00Z,2023-04-17T00:15:00Z,2023-04-17T00:15:00Z,validation,long_signal,0,1225.27204548952,0,61.263602274476,no_fill_reference_unavailable,,
intent_89c5849754667b8cb06b8265,3aa6695bb12d041bcafb5e457f892105f586a8c10651c1e8340cc55bdaedcfac,2023-04-18T00:00:00Z,2023-04-18T00:15:00Z,2023-04-18T00:17:00Z,validation,long_signal,0,1225.27204548952,0,61.263602274476,no_action_disarmed,,
intent_08761b5f2273fb807afeb306,d764f905332f74cfe3b2d248b4aca8c15e501515dcbd0dc1b7da97d0b7fdf76f,2023-04-19T00:00:00Z,2023-04-19T00:15:00Z,2023-04-19T00:18:00Z,validation,long_signal,0,1225.27204548952,0,61.263602274476,no_action_disarmed,,
intent_33a84fc35209a7c20856ce60,54f0df870fc501520311a4f207539a1a8a96798c9c4f2f4672455b885fcc0f0b,2023-04-20T00:00:00Z,2023-04-20T00:15:00Z,2023-04-20T00:16:00Z,validation,long_signal,0,1225.27204548952,0,61.263602274476,no_action_disarmed,,
intent_fbe2da4bda93fd045a65b57f,40ec451ab793206844a5fd4c780fb368def54882ea53031da3e27cf7260612fa,2023-04-21T00:00:00Z,2023-04-21T00:15:00Z,2023-04-21T00:20:00Z,validation,long_signal,0,1225.27204548952,0,61.263602274476,no_action_disarmed,,
intent_44ec3c49a6e052dcd9d97df3,f4ca8d611534e8a5e9c61d11b9897c790c0fced809dd72c61a27a283819b0c01,2023-04-22T00:00:00Z,2023-04-22T00:15:00Z,2023-04-22T00:17:00Z,validation,long_signal,0,1225.27204548952,0,61.263602274476,no_action_disarmed,,
intent_4e7814125131f03d68b6fef0,80254116942333f154bc9f96f89c7d5a38dbd071f7226e98d10584924afe2431,2023-04-23T00:00:00Z,2023-04-23T00:15:00Z,2023-04-23T00:16:00Z,validation,long_signal,0,1225.27204548952,0,61.263602274476,no_action_disarmed,,
intent_8e493dc6b0d10ed100dec00d,1d84ce32e7d58e65b82bb26f8d90825ffa70084a0e319157bf816111ddd2db44,2023-04-24T00:00:00Z,2023-04-24T00:15:00Z,2023-04-24T00:15:00Z,validation,long_signal,0,1225.27204548952,0,61.263602274476,no_fill_reference_unavailable,,
intent_cc3ba393eb83e777ba8b67f9,e384d2da4301d2572f93dba2e9d256fbdc05c11f6e06c4ef249a0cea31517c42,2023-04-25T00:00:00Z,2023-04-25T00:15:00Z,2023-04-25T00:15:00Z,validation,long_signal,0,1225.27204548952,0,61.263602274476,no_fill_reference_unavailable,,
intent_2617a225f72f1f1795dfbbac,c47f728f3b34d8f8b5f90f1511fef218145bf243aeb66663c15629b354a8ddbf,2023-04-26T00:00:00Z,2023-04-26T00:15:00Z,2023-04-26T00:19:00Z,validation,long_signal,0,1225.27204548952,0,61.263602274476,no_action_disarmed,,
intent_100e48c9ed13343c54e9e2e1,1a44722005d5839b9ce0b6ace2df71eb672cdb486e502f092ea257065712e788,2023-04-27T00:00:00Z,2023-04-27T00:15:00Z,2023-04-27T00:16:00Z,validation,long_signal,0,1225.27204548952,0,61.263602274476,no_action_disarmed,,
intent_ccfa523871c0a558c7fba033,8a04f3505143774139e223e31a620b2ed157e592cf65898fc73b5f6dc138b279,2023-04-28T00:00:00Z,2023-04-28T00:15:00Z,2023-04-28T00:17:00Z,validation,long_signal,0,1225.27204548952,0,61.263602274476,no_action_disarmed,,
intent_bc572706a31ec99bc024fd18,8280b383d752061ece830ae08df71711c17fd3952738c7593743cb39a878febd,2023-04-29T00:00:00Z,2023-04-29T00:15:00Z,2023-04-29T00:18:00Z,validation,long_signal,0,1225.27204548952,0,61.263602274476,no_action_disarmed,,
intent_ff04a9019b92f0aaf0b86e48,f90820b59dad904b6281097dd4681ec434485aeb6182dd4b35c8d078fba54494,2023-04-30T00:00:00Z,2023-04-30T00:15:00Z,2023-04-30T00:16:00Z,validation,long_signal,0,1225.27204548952,0,61.263602274476,no_action_disarmed,,
intent_44018fa44bb554fd8b2c5dd3,baa8a03f1e45774d6137d57b36da75bbc1f40f0e2c596e1e93bda9c07bb84a3c,2023-05-01T00:00:00Z,2023-05-01T00:15:00Z,2023-05-01T00:15:00Z,validation,long_signal,0,1225.27204548952,0,61.263602274476,no_fill_reference_unavailable,,
intent_05c484146b7ef398afa00680,544ec79093877ef4c3e39d395dc444b9e91db154909af7e132c5620417cbba97,2023-05-02T00:00:00Z,2023-05-02T00:15:00Z,2023-05-02T00:16:00Z,validation,long_signal,0,1225.27204548952,0,61.263602274476,no_action_disarmed,,
intent_b1c2ecd1958fe7ebd12549fd,be0d2c01926a2e3ff20b21d0acdc776b337b8fe3f5433aad5cc34cee3d439e8d,2023-05-03T00:00:00Z,2023-05-03T00:15:00Z,2023-05-03T00:17:00Z,validation,long_signal,0,1225.27204548952,0,61.263602274476,no_action_disarmed,,
intent_cbe9651935832c648c498ff4,afa938bb52400b37673844f5d8da62d99753fb6e9c3629a2993b77b04ed5452e,2023-05-04T00:00:00Z,2023-05-04T00:15:00Z,2023-05-04T00:20:00Z,validation,long_signal,0,1225.27204548952,0,61.263602274476,no_action_disarmed,,
intent_154f7aaf91b1d1593b879951,ed3308a67b3854122667520b0ca967d72d9ce7a6ffece83c6ee7174daa425359,2023-05-05T00:00:00Z,2023-05-05T00:15:00Z,2023-05-05T00:15:00Z,validation,long_signal,0,1225.27204548952,0,61.263602274476,no_fill_reference_unavailable,,
intent_0fb0d10cec8d300a826c1435,3ba4d4872e2b253aed94d490259ac701c348ce132ca5fab4a9dbc29f1a95fefc,2023-05-06T00:00:00Z,2023-05-06T00:15:00Z,2023-05-06T00:15:00Z,validation,long_signal,0,1225.27204548952,0,61.263602274476,no_fill_reference_unavailable,,
intent_5816c129644b60a9474d901e,f6f2430f6aad53c951527f2d4dfbad7c488920c827c0760ddf41e6e5f58361b2,2023-05-07T00:00:00Z,2023-05-07T00:15:00Z,2023-05-07T00:15:00Z,validation,long_signal,0,1225.27204548952,0,61.263602274476,no_fill_reference_unavailable,,
intent_5af91c1a5707330015fc2baf,99b457d63c6964c18677ae9f26a4270f5c7d9750a4c91b4763bf0abdc2a39deb,2023-05-08T00:00:00Z,2023-05-08T00:15:00Z,2023-05-08T00:20:00Z,validation,long_signal,0,1225.27204548952,0,61.263602274476,no_action_disarmed,,
intent_a964d5178ccfb10d976b695c,4c65c1d31f92401e97b4d6f2b530fac9c32a5a38d080cd863ec511b1c370e01a,2023-05-09T00:00:00Z,2023-05-09T00:15:00Z,2023-05-09T00:17:00Z,validation,long_signal,0,1225.27204548952,0,61.263602274476,no_action_disarmed,,
intent_a5af843ef29646f98321838c,9f7620fff18eb67dcf8bc3f49b6df558c9c015263627504c43dc443474814a91,2023-05-10T00:00:00Z,2023-05-10T00:15:00Z,2023-05-10T00:16:00Z,validation,long_signal,0,1225.27204548952,0,61.263602274476,no_action_disarmed,,
intent_1356a05ae086007b389ef149,dcdbe8004e6fd67e7d492ce5eca7fbb19d1dd6fbd6bdfbd6cc5af598c296864a,2023-05-11T00:00:00Z,2023-05-11T00:15:00Z,2023-05-11T00:15:00Z,validation,long_signal,0,1225.27204548952,0,61.263602274476,no_fill_reference_unavailable,,
intent_4cbd49e46704a53cc0118921,1815f6881ccdc9595d626922f63cb32ee08991eaa3fd0834b66d8a4fb51aa72b,2023-05-12T00:00:00Z,2023-05-12T00:15:00Z,2023-05-12T00:16:00Z,validation,long_signal,0,1225.27204548952,0,61.263602274476,no_action_disarmed,,
intent_d43d626d2ac7103b7b00238a,dc64ccf93cadfb5ae059b701bbf947426317e5e24fcfec84adfbb5ae99988c63,2023-05-13T00:00:00Z,2023-05-13T00:15:00Z,2023-05-13T00:17:00Z,validation,long_signal,0,1225.27204548952,0,61.263602274476,no_action_disarmed,,
intent_bf611beb2b77f78d5845570a,c53b1c1140a669e48cd8075dad8ee8d250a6ba8232c1d28e3b3f8373842ac441,2023-05-14T00:00:00Z,2023-05-14T00:15:00Z,2023-05-14T00:18:00Z,validation,long_signal,0,1225.27204548952,0,61.263602274476,no_action_disarmed,,
intent_eb3b3bec7b1504d5c471aa02,aea6e2197a92ee4b4305af0342c2b02f138b2ea868ed9f13aae334a0e1cfe69e,2023-05-15T00:00:00Z,2023-05-15T00:15:00Z,2023-05-15T00:16:00Z,validation,long_signal,0,1225.27204548952,0,61.263602274476,no_action_disarmed,,
intent_8e876a85fc3ec18539ccac0e,b38e49ac19d8a00123810efa42a1236272e5a22077abc14caeb91dc10322bf86,2023-05-16T00:00:00Z,2023-05-16T00:15:00Z,2023-05-16T00:20:00Z,validation,long_signal,0,1225.27204548952,0,61.263602274476,no_action_disarmed,,
intent_e82b8eaaf725bd7732a17de2,2a57ecf8b70d7c92781ff00217561082d3336fcadeb453eb5fe45fc1aa2bd726,2023-05-17T00:00:00Z,2023-05-17T00:15:00Z,2023-05-17T00:15:00Z,validation,long_signal,0,1225.27204548952,0,61.263602274476,no_fill_reference_unavailable,,
intent_aa95796500afa84a0aa2fd05,5d1b38d1a5f1b58427f15acab035858e6c5f74a30b8e70980a3643d5d71a013d,2023-05-18T00:00:00Z,2023-05-18T00:15:00Z,2023-05-18T00:17:00Z,validation,long_signal,0,1225.27204548952,0,61.263602274476,no_action_disarmed,,
intent_8816b8ca33fe55b2b91f5b71,b2ac7a8a2b41b061091d7e98620382cbc3883471c9f448134729929a5ac2f559,2023-05-19T00:00:00Z,2023-05-19T00:15:00Z,2023-05-19T00:16:00Z,validation,long_signal,0,1225.27204548952,0,61.263602274476,no_action_disarmed,,
intent_7325a689179a8803e4e66dcf,1a1c4b6abc6788c68c771188b1ace6b4ed6c5136f32d1fcbbba4428594402433,2023-05-20T00:00:00Z,2023-05-20T00:15:00Z,2023-05-20T00:17:00Z,validation,long_signal,0,1225.27204548952,0,61.263602274476,no_action_disarmed,,
intent_7df837262118c46873d42584,530e789c66c7988424aa52594855b884ca8a208815f5f6b82f23e13fa818ff68,2023-05-21T00:00:00Z,2023-05-21T00:15:00Z,2023-05-21T00:20:00Z,validation,long_signal,0,1225.27204548952,0,61.263602274476,no_action_disarmed,,
intent_073a2c034625146317b89b43,4698ce9c1b637262fd3bd1ff28b893e08044378e31563a9420115f0481e98622,2023-05-22T00:00:00Z,2023-05-22T00:15:00Z,2023-05-22T00:18:00Z,validation,long_signal,0,1225.27204548952,0,61.263602274476,no_action_disarmed,,
intent_fe72cc1db5029b7b06784417,2c661e58f35868241fbd84265e0017cccb304e27fca6d30a87ba6ccd293a617f,2023-05-23T00:00:00Z,2023-05-23T00:15:00Z,2023-05-23T00:15:00Z,validation,long_signal,0,1225.27204548952,0,61.263602274476,no_fill_reference_unavailable,,
intent_7cdf3716310c84fcce211fa5,0951869daf54af476ab099dc4fd80e5d0a79fbbe9074a296b66894d8d9569c6f,2023-05-24T00:00:00Z,2023-05-24T00:15:00Z,2023-05-24T00:17:00Z,validation,long_signal,0,1225.27204548952,0,61.263602274476,no_action_disarmed,,
intent_26b2eaf27672f14ff8d58ad3,280bcda6188fc00b22773c41246c1da2e769ccef4d2e8f87d1882dbe8fb6c2f2,2023-05-25T00:00:00Z,2023-05-25T00:15:00Z,2023-05-25T00:15:00Z,validation,long_signal,0,1225.27204548952,0,61.263602274476,no_fill_reference_unavailable,,
intent_958febbb9727c6111399e9d4,9a8d3ff8582863f605cf35dda0c218cc60b1270b9dbc59fdacebbd60483a461b,2023-05-26T00:00:00Z,2023-05-26T00:15:00Z,2023-05-26T00:20:00Z,validation,long_signal,0,1225.27204548952,0,61.263602274476,no_action_disarmed,,
intent_e77b12cdc4ab9d219ceaf001,c0d2bf564b4dbc68a0a47472a3310577fe54f261286648b33b0d73c6d0bfb392,2023-05-27T00:00:00Z,2023-05-27T00:15:00Z,2023-05-27T00:15:00Z,validation,long_signal,0,1225.27204548952,0,61.263602274476,no_fill_reference_unavailable,,
intent_7f43154c5aef3f53fb32b7e1,8a015f514c3affded0bda95e0660ffcb9997e899af6c50bf9337c2fca049eca7,2023-05-28T00:00:00Z,2023-05-28T00:15:00Z,2023-05-28T00:15:00Z,validation,long_signal,0,1225.27204548952,0,61.263602274476,no_fill_reference_unavailable,,
intent_ec734655a0bb4c7356c56b45,f17f17610fb186fcf74f5b5cdad3fe7e1b5819dd715ead1eb24c2ebda505f0a4,2023-05-29T00:00:00Z,2023-05-29T00:15:00Z,2023-05-29T00:18:00Z,validation,long_signal,0,1225.27204548952,0,61.263602274476,no_action_disarmed,,
intent_e5f786a45b1a4fdcce7d6754,9ed12a09c7c3b09ef95fcd11accc0ba558c377f7dc1f7bd9145b3e53a1d8271f,2023-05-30T00:00:00Z,2023-05-30T00:15:00Z,2023-05-30T00:15:00Z,validation,long_signal,0,1225.27204548952,0,61.263602274476,no_fill_reference_unavailable,,
intent_bb9acb1fd79ab9cf6a25940d,5e4babfcdbca01d512d08d705baba2411e39e503554e11966cbf80b5af92f2f6,2023-05-31T00:00:00Z,2023-05-31T00:15:00Z,2023-05-31T00:15:00Z,validation,long_signal,0,1225.27204548952,0,61.263602274476,no_fill_reference_unavailable,,
intent_eb6799bca31d719e1b5b5f60,4071ed9c55f8b0e672c3fa14ec70f4cc36c11e8ac1532ce99d4fc860e6e140de,2023-06-01T00:00:00Z,2023-06-01T00:15:00Z,2023-06-01T00:16:00Z,validation,long_signal,0,1225.27204548952,0,61.263602274476,no_action_disarmed,,
intent_fa54c52233143c6796f04232,e7b8b01b8ef6e369a57ed2ec3f3abb23dee9391e0414baaf4edbc259ad322c34,2023-06-02T00:00:00Z,2023-06-02T00:15:00Z,2023-06-02T00:16:00Z,validation,long_signal,0,1225.27204548952,0,61.263602274476,no_action_disarmed,,
intent_de5ff4332f24b4e4a8f03606,6d093821853fe6d9bc4475c105ecff28a58a1cbabc853417d298bfde3f4e3a3f,2023-06-03T00:00:00Z,2023-06-03T00:15:00Z,2023-06-03T00:15:00Z,validation,long_signal,0,1225.27204548952,0,61.263602274476,no_fill_reference_unavailable,,
intent_829ed7748d732cb4f4b37fb9,8da38358279840e458435e2b686d499cef7e6ef03e58d12bea107d40583d3c5c,2023-06-04T00:00:00Z,2023-06-04T00:15:00Z,2023-06-04T00:15:00Z,validation,long_signal,0,1225.27204548952,0,61.263602274476,no_fill_reference_unavailable,,
intent_6cc861ded34bf01306f52ae7,0d9db916fb0ffd96111c63a331d7347e183a4f9e491ffedf646ff0d42ef7c291,2023-06-05T00:00:00Z,2023-06-05T00:15:00Z,2023-06-05T00:16:00Z,validation,long_signal,0,1225.27204548952,0,61.263602274476,no_action_disarmed,,
intent_265398325a07319bb1cfdbc6,890085b303c587e9bf608a9ef801471ffe15b491874b4052282a42984d9a38ac,2023-06-06T00:00:00Z,2023-06-06T00:15:00Z,2023-06-06T00:20:00Z,validation,long_signal,0,1225.27204548952,0,61.263602274476,no_action_disarmed,,
intent_f683a9f7c91bec52f2b10d6c,b096d5422c2cae2743f6e5d30c645bb9639cf9c6c1edf0a24707c99097212096,2023-06-07T00:00:00Z,2023-06-07T00:15:00Z,2023-06-07T00:15:00Z,validation,long_signal,0,1225.27204548952,0,61.263602274476,no_fill_reference_unavailable,,
intent_614ddd2988133485453421ff,18b928a339a70e4d53c7eea695ac1c3d99b77163f900fe4ced07cc151a58d604,2023-06-08T00:00:00Z,2023-06-08T00:15:00Z,2023-06-08T00:15:00Z,validation,long_signal,0,1225.27204548952,0,61.263602274476,no_fill_reference_unavailable,,
intent_d9a5337f5da16bb5bf132c39,5f192f7da65bd366e9af03a67f8ece7c89bf6492379a5d799734110d6ca7410f,2023-06-09T00:00:00Z,2023-06-09T00:15:00Z,2023-06-09T00:15:00Z,validation,long_signal,0,1225.27204548952,0,61.263602274476,no_fill_reference_unavailable,,
intent_1294604eed6ec07fbd672f85,4eb16aa0277e5fda1ac9924c6db1883df405724ef9458163e45b33c4725c4a09,2023-06-10T00:00:00Z,2023-06-10T00:15:00Z,2023-06-10T00:19:00Z,validation,long_signal,0,1225.27204548952,0,61.263602274476,no_action_disarmed,,
intent_9e47bf670a02b84b486d1787,f8ab1bfa39187ac3968f1a93efe9e27757116effe24ecc8990e2f1f9b00b20de,2023-06-11T00:00:00Z,2023-06-11T00:15:00Z,2023-06-11T00:15:00Z,validation,long_signal,0,1225.27204548952,0,61.263602274476,no_fill_reference_unavailable,,
intent_c5206267267690d0deb4e147,b522a112df5b2d292387b724b3042a8d92c37e747f0eeecf3e95428b88946def,2023-06-12T00:00:00Z,2023-06-12T00:15:00Z,2023-06-12T00:17:00Z,validation,long_signal,0,1225.27204548952,0,61.263602274476,no_action_disarmed,,
intent_8ed630cbcdf68eefb2ebecfe,0cabd81eac12f4a5e12355deec6ea83cdfc6b5acae4d9b02e320379d772267fb,2023-06-13T00:00:00Z,2023-06-13T00:15:00Z,2023-06-13T00:18:00Z,validation,long_signal,0,1225.27204548952,0,61.263602274476,no_action_disarmed,,
intent_859dd20a1aa13dcb8e6273c9,7abba185be16f787d029368be4a4dcca4a792fc2b7a4142c9be247a4d6fab7f8,2023-06-14T00:00:00Z,2023-06-14T00:15:00Z,2023-06-14T00:16:00Z,validation,long_signal,0,1225.27204548952,0,61.263602274476,no_action_disarmed,,
intent_584e7ce35e8f9460b3a82fb7,76c80dd385207d4e280229b380349a2eddaaeb22dd4c29e705b11263c1aa86fe,2023-06-15T00:00:00Z,2023-06-15T00:15:00Z,2023-06-15T00:17:00Z,validation,non_positive_momentum,0,1225.27204548952,0,61.263602274476,no_action_disarmed,,
intent_1c9c6902ae8ee398fe400f08,11d4586ec4c748e583b4f5a3ad782afdb8e2dd16c658e65203d0ca92a8c3a4e6,2023-06-16T00:00:00Z,2023-06-16T00:15:00Z,2023-06-16T00:15:00Z,validation,non_positive_momentum,0,1225.27204548952,0,61.263602274476,no_fill_reference_unavailable,,
intent_d1eab3c5e494baf74c8a6513,94f23c010f7efb57aa864f8ab152957b490c2dd60e49c4b84e4a77b3dd726301,2023-06-17T00:00:00Z,2023-06-17T00:15:00Z,2023-06-17T00:15:00Z,validation,non_positive_momentum,0,1225.27204548952,0,61.263602274476,no_fill_reference_unavailable,,
intent_75f28be491c7dbc3bc815db8,f8ae2f2d51ea1898b57511fc49e7980d321cb9a3e6f4e78620e0200071dc130e,2023-06-18T00:00:00Z,2023-06-18T00:15:00Z,2023-06-18T00:16:00Z,validation,non_positive_momentum,0,1225.27204548952,0,61.263602274476,no_action_disarmed,,
intent_dfb69eb5d83bb5c30a0517ab,aefe7ec53a0df7fc50e2643263a9dec83144997d2e574c64549f81a863afabfa,2023-06-19T00:00:00Z,2023-06-19T00:15:00Z,2023-06-19T00:15:00Z,validation,non_positive_momentum,0,1225.27204548952,0,61.263602274476,no_fill_reference_unavailable,,
intent_a4c5a1ecb61a4b4cddd8072a,d17c8ec0b11f9a4c7c2c37b2b731a89e8706fec90036290d422598907d8ad9d5,2023-06-20T00:00:00Z,2023-06-20T00:15:00Z,2023-06-20T00:20:00Z,validation,non_positive_momentum,0,1225.27204548952,0,61.263602274476,no_action_disarmed,,
intent_63d5db635ab563d5b6e94b73,407c9f90947f9e9cfe449ea8d8e89cdb5c2957b407a4d53455fe9fe98fdaecc7,2023-06-21T00:00:00Z,2023-06-21T00:15:00Z,2023-06-21T00:16:00Z,validation,non_positive_momentum,0,1225.27204548952,0,61.263602274476,no_action_disarmed,,
intent_836e0d799807e398cf7e09de,281e6370fa3b40f3d0390fd1ab9631632983c902c900e7e6438eb07ce5d66d91,2023-06-22T00:00:00Z,2023-06-22T00:15:00Z,2023-06-22T00:18:00Z,validation,long_signal,0,1225.27204548952,0,61.263602274476,no_action_disarmed,,
intent_cf87f5dfbfb15aadefc7781f,56cc09a9ca3109b0769f2df1a751a2b5f1eeaeeb968d67ae608e3737c6fa3600,2023-06-23T00:00:00Z,2023-06-23T00:15:00Z,2023-06-23T00:16:00Z,validation,long_signal,0,1225.27204548952,0,61.263602274476,no_action_disarmed,,
intent_0d41d328b1a378da25644eac,8f5c81ea56ae8a0c7fe9a819868d260cacdbb705bf4b3923f5898c825df8b290,2023-06-24T00:00:00Z,2023-06-24T00:15:00Z,2023-06-24T00:20:00Z,validation,long_signal,0,1225.27204548952,0,61.263602274476,no_action_disarmed,,
intent_5b0fe679abd186a013202d4b,23af806e7e2ed1ea5008eedd8fbcdb8f9e2ca1299a3174a69ba079746df343d6,2023-06-25T00:00:00Z,2023-06-25T00:15:00Z,2023-06-25T00:15:00Z,validation,long_signal,0,1225.27204548952,0,61.263602274476,no_fill_reference_unavailable,,
intent_7b8f2e397310af5849ca3aba,68c01c8de47b282ea554fb45a6bc739149b52faaa8c27b21eb1e67671ab82321,2023-06-26T00:00:00Z,2023-06-26T00:15:00Z,2023-06-26T00:15:00Z,validation,long_signal,0,1225.27204548952,0,61.263602274476,no_fill_reference_unavailable,,
intent_100494f40ad3416cb8b0b4cd,9788722d754eabeb1a3a801942d31a7a56d27367ee0291157e89cd72974e8948,2023-06-27T00:00:00Z,2023-06-27T00:15:00Z,2023-06-27T00:16:00Z,validation,long_signal,0,1225.27204548952,0,61.263602274476,no_action_disarmed,,
intent_f28b29f5b64da336d0f47db3,c311f40d759989f782a4afa78db6973b917d1f5c161339e32355e68a94c43c43,2023-06-28T00:00:00Z,2023-06-28T00:15:00Z,2023-06-28T00:19:00Z,validation,long_signal,0,1225.27204548952,0,61.263602274476,no_action_disarmed,,
intent_c31648d6db78262cdff47091,6a07d0f0bfeec25f72e738496f0abb0d736159990f38a387da1df5a02a68a522,2023-06-29T00:00:00Z,2023-06-29T00:15:00Z,2023-06-29T00:20:00Z,validation,long_signal,0,1225.27204548952,0,61.263602274476,no_action_disarmed,,
intent_88d7b2fcbf72683945960610,73733f55c471fe082b54f9cb847363f8750b2fc88ab957c8036f5fe64538e89b,2023-06-30T00:00:00Z,2023-06-30T00:15:00Z,2023-06-30T00:15:00Z,validation,long_signal,0,1225.27204548952,0,61.263602274476,no_fill_reference_unavailable,,
intent_3afef5818bfbf425181ca887,159e2ef95ff267b194ce4d768d45d9c345431a14f15640e80af855fabf8a945c,2023-07-01T00:00:00Z,2023-07-01T00:15:00Z,2023-07-01T00:19:00Z,validation,long_signal,0,1225.27204548952,0,61.263602274476,no_action_disarmed,,
intent_2c252573208540fe43b247a7,08901336b3f08cd01e3fb9cd482971249655bc127f50baf8e195486ecfcb99bd,2023-07-02T00:00:00Z,2023-07-02T00:15:00Z,2023-07-02T00:15:00Z,validation,long_signal,0,1225.27204548952,0,61.263602274476,no_fill_reference_unavailable,,
intent_9dca7df45eb53b61843a0aca,e987deeb26a77c3a3cfc4962073b129f736e6182e36a5eadcf40155a8e4bb99e,2023-07-03T00:00:00Z,2023-07-03T00:15:00Z,2023-07-03T00:17:00Z,validation,long_signal,0,1225.27204548952,0,61.263602274476,no_action_disarmed,,
intent_f90673f7a7b12b0b6015d68d,bb283cd5f03139521c960b5f66e11f6d42d58c29cde163edfccf549269400320,2023-07-04T00:00:00Z,2023-07-04T00:15:00Z,2023-07-04T00:16:00Z,validation,long_signal,0,1225.27204548952,0,61.263602274476,no_action_disarmed,,
intent_e0122c2cdea4016326dedba5,32a06f51a7e6aab4f361f43e402eddcbe6654a4a6ed5911ecdc11d72a126dbf3,2023-07-05T00:00:00Z,2023-07-05T00:15:00Z,2023-07-05T00:18:00Z,validation,long_signal,0,1225.27204548952,0,61.263602274476,no_action_disarmed,,
intent_559e1f43656f73cf1a996e2c,0cfbc75f6f9bc92856d2e6da883a491c3e16620fe5b2ecd4df2a1bfe07f69aed,2023-07-06T00:00:00Z,2023-07-06T00:15:00Z,2023-07-06T00:19:00Z,validation,long_signal,0,1225.27204548952,0,61.263602274476,no_action_disarmed,,
intent_0494fb0a77d149f4b31506e2,f5d2bb82f5e50ad0dbf937bc4c4e76b399da4448ae1a6ec3a93204f820d7c4c5,2023-07-07T00:00:00Z,2023-07-07T00:15:00Z,2023-07-07T00:17:00Z,validation,long_signal,0,1225.27204548952,0,61.263602274476,no_action_disarmed,,
intent_e9b546548c753b2d60629549,0af271328538214be18a182e4d96cc9968b1ecf59a5d8890204e10e9ff6b76ec,2023-07-08T00:00:00Z,2023-07-08T00:15:00Z,2023-07-08T00:16:00Z,validation,long_signal,0,1225.27204548952,0,61.263602274476,no_action_disarmed,,
intent_eb2c1071ec952821b5f63902,020e3c4e1ba52901893db160a85b5203bd018468decf8727a2a14d412227fd4e,2023-07-09T00:00:00Z,2023-07-09T00:15:00Z,2023-07-09T00:16:00Z,validation,long_signal,0,1225.27204548952,0,61.263602274476,no_action_disarmed,,
intent_40263ba62746132f7829c4fe,783a86d0091a2c718c85b7070fe873c1663e2bfd23408157717eb6aceb70618b,2023-07-10T00:00:00Z,2023-07-10T00:15:00Z,2023-07-10T00:16:00Z,validation,long_signal,0,1225.27204548952,0,61.263602274476,no_action_disarmed,,
intent_ef51affd83ec4042f823b4a9,d7a073f5a5e7bb163e0a66e10c90ea3398e71f7c36b3f98260c22e981112a39c,2023-07-11T00:00:00Z,2023-07-11T00:15:00Z,2023-07-11T00:18:00Z,validation,non_positive_momentum,0,1225.27204548952,0,61.263602274476,no_action_disarmed,,
intent_1412bbe9b47f1718b2519d6f,ed2fa1139bd81f67f7da8741c27a6b43a9018e00066dd6d850d0aa7c5aa28f96,2023-07-12T00:00:00Z,2023-07-12T00:15:00Z,2023-07-12T00:19:00Z,validation,long_signal,0,1225.27204548952,0,61.263602274476,no_action_disarmed,,
intent_eeb71d1351efd253200f226d,7b400a75834c1753ec0066136238542ff3006bcffa3e2867490b8768b8425e1a,2023-07-13T00:00:00Z,2023-07-13T00:15:00Z,2023-07-13T00:17:00Z,validation,non_positive_momentum,0,1225.27204548952,0,61.263602274476,no_action_disarmed,,
intent_51689f8d54bcf524667f5b78,85e10fe0ad763508a528ddf13324b26f84a6ed3e3d83660716dd44691e783b80,2023-07-14T00:00:00Z,2023-07-14T00:15:00Z,2023-07-14T00:16:00Z,validation,long_signal,0,1225.27204548952,0,61.263602274476,no_action_disarmed,,
intent_a08cf68b9d1356b706f85ef8,fc4c0756a118b77bb2077034c81cf026df21e0ae33cf2eefc2fa429b8f14e908,2023-07-15T00:00:00Z,2023-07-15T00:15:00Z,2023-07-15T00:15:00Z,validation,non_positive_momentum,0,1225.27204548952,0,61.263602274476,no_fill_reference_unavailable,,
intent_e832f64cd6db1fbeb294ec1c,f00b2199522449929a1aebee270368b6ef8869f181744bbe1739dc69ada4a588,2023-07-16T00:00:00Z,2023-07-16T00:15:00Z,2023-07-16T00:15:00Z,validation,non_positive_momentum,0,1225.27204548952,0,61.263602274476,no_fill_reference_unavailable,,
intent_2539b1700d64ff6328b03602,c57bdfc4fe9a9c0534fa211ad5fc4003ad9b996e7b27ec3c08c634b67da0bb01,2023-07-17T00:00:00Z,2023-07-17T00:15:00Z,2023-07-17T00:18:00Z,validation,long_signal,0,1225.27204548952,0,61.263602274476,no_action_disarmed,,
intent_dcc40de3159e70f617793def,367d4e35274c53d78e57ae3b5056c912f5e7bb67ed4beef2e4a252b255fe9dd1,2023-07-18T00:00:00Z,2023-07-18T00:15:00Z,2023-07-18T00:17:00Z,validation,non_positive_momentum,0,1225.27204548952,0,61.263602274476,no_action_disarmed,,
intent_b150a5ce425424a13f5b1a18,da6272501d4f86b9d2af90c9bbbe1d12c8b63ae769f2535c88aa38166e350d2f,2023-07-19T00:00:00Z,2023-07-19T00:15:00Z,2023-07-19T00:18:00Z,validation,long_signal,0,1225.27204548952,0,61.263602274476,no_action_disarmed,,
intent_566967e130e8047d8c56e7ef,d884334db8afc9aaabeab7730efe605a6f61b1fd842d838135b66e08a88edcd2,2023-07-20T00:00:00Z,2023-07-20T00:15:00Z,2023-07-20T00:15:00Z,validation,long_signal,0,1225.27204548952,0,61.263602274476,no_fill_reference_unavailable,,
intent_bd1505555ee213d8110d42fb,ec22fc3f55810531731e09b6ba36ea9e1347cadd6fe5f315b3d32664e36a2baf,2023-07-21T00:00:00Z,2023-07-21T00:15:00Z,2023-07-21T00:17:00Z,validation,long_signal,0,1225.27204548952,0,61.263602274476,no_action_disarmed,,
intent_d04db4494b73b01df03b6cd6,a4e06d8a14ba88411857cf025dc7857bfdd7406f73b2e096df5da2ed8604b52d,2023-07-22T00:00:00Z,2023-07-22T00:15:00Z,2023-07-22T00:16:00Z,validation,long_signal,0,1225.27204548952,0,61.263602274476,no_action_disarmed,,
intent_36bc7b5e1ced400a8de312a8,a6b110e9adf596ecfe1585035d470b1ebaf9d1423b9e30883e1bf6c526d0bf35,2023-07-23T00:00:00Z,2023-07-23T00:15:00Z,2023-07-23T00:16:00Z,validation,long_signal,0,1225.27204548952,0,61.263602274476,no_action_disarmed,,
intent_f8eb30526e874ec66d4134c8,3a734bf053f72d708517ca42a1451d22454abdf71b3fba12ee4aa0c5e73987ce,2023-07-24T00:00:00Z,2023-07-24T00:15:00Z,2023-07-24T00:15:00Z,validation,long_signal,0,1225.27204548952,0,61.263602274476,no_fill_reference_unavailable,,
intent_cc96cdfb91f570611fade097,32c153ffb8c3c9148ef867f05609c89fb024b0a0a1e6af848d0b89193f93f903,2023-07-25T00:00:00Z,2023-07-25T00:15:00Z,2023-07-25T00:19:00Z,validation,long_signal,0,1225.27204548952,0,61.263602274476,no_action_disarmed,,
intent_90e11e1a96e280a7b4b166ed,aa6a1bef83e7bde6d9d2a374a63c06bce508a8bdef42825b71459b74218538e6,2023-07-26T00:00:00Z,2023-07-26T00:15:00Z,2023-07-26T00:16:00Z,validation,non_positive_momentum,0,1225.27204548952,0,61.263602274476,no_action_disarmed,,
intent_9839f1c37c2445609e820d1c,0375d23f76bda29f0be04b23f6eb72ff9e30effaa5fbd09539411ed68919c3dc,2023-07-27T00:00:00Z,2023-07-27T00:15:00Z,2023-07-27T00:18:00Z,validation,non_positive_momentum,0,1225.27204548952,0,61.263602274476,no_action_disarmed,,
intent_a21e86983a8460a3151e5b63,0e29a6579e6a1ac6c9f9cdf0a5d6a900781f9440f6fb3079c22311158fc096c8,2023-07-28T00:00:00Z,2023-07-28T00:15:00Z,2023-07-28T00:19:00Z,validation,non_positive_momentum,0,1225.27204548952,0,61.263602274476,no_action_disarmed,,
intent_1442f4c663a01be5bbb0bcd2,f3416ca2e871e1309d94aa8f5fdb10a8014642b739417a534f9f35732d999118,2023-07-29T00:00:00Z,2023-07-29T00:15:00Z,2023-07-29T00:16:00Z,validation,non_positive_momentum,0,1225.27204548952,0,61.263602274476,no_action_disarmed,,
intent_771a64118a678d116d0dce17,81e6ee03c6ef4e296dc784e40894ad1bcc0234770d1a529fe399bba6e90f3247,2023-07-30T00:00:00Z,2023-07-30T00:15:00Z,2023-07-30T00:17:00Z,validation,non_positive_momentum,0,1225.27204548952,0,61.263602274476,no_action_disarmed,,
intent_ec5e9f185841c092307a6f7c,b2a2c112c7b946bfd0b760c8d0eaa38f5a58c5a849c3faba5784a0f214f040a9,2023-07-31T00:00:00Z,2023-07-31T00:15:00Z,2023-07-31T00:15:00Z,validation,long_signal,0,1225.27204548952,0,61.263602274476,no_fill_reference_unavailable,,
intent_e9fec55502ad4ec253954892,71e0ef524623958b9bce4625a6e3bc307489d2f39caf01077d83adc03aabb404,2023-08-01T00:00:00Z,2023-08-01T00:15:00Z,2023-08-01T00:15:00Z,validation,non_positive_momentum,0,1225.27204548952,0,61.263602274476,no_fill_reference_unavailable,,
intent_c663f659ae38b458003a2c5d,c248b16eeb084cba34d71d0e1a1c7f4745bfcdca73f3a22b618d0089ab0ab034,2023-08-02T00:00:00Z,2023-08-02T00:15:00Z,2023-08-02T00:16:00Z,validation,non_positive_momentum,0,1225.27204548952,0,61.263602274476,no_action_disarmed,,
intent_c77ee0feb1896fd0aa1f6656,3cbf465119573a643ee3a0002a3abe9002c0197abf413cb33396f445c1d63616,2023-08-03T00:00:00Z,2023-08-03T00:15:00Z,2023-08-03T00:17:00Z,validation,non_positive_momentum,0,1225.27204548952,0,61.263602274476,no_action_disarmed,,
intent_9983af4795d2975579002798,9b70864f8418e617718a16a6aa1e29c658c5c0d92270d5b36bde49adce95b552,2023-08-04T00:00:00Z,2023-08-04T00:15:00Z,2023-08-04T00:20:00Z,validation,non_positive_momentum,0,1225.27204548952,0,61.263602274476,no_action_disarmed,,
intent_fffb4be0cc5e8887ae830339,5145dd26bac9a830dcc461c8dace433581d67a80d49f3ca7befe8dddb03c84a5,2023-08-05T00:00:00Z,2023-08-05T00:15:00Z,2023-08-05T00:16:00Z,validation,long_signal,0,1225.27204548952,0,61.263602274476,no_action_disarmed,,
intent_d2651841ec7a907b671af48c,0c8fee8ed053cc31e59e14f47dfad2823a1966f3235f5f66b3550e43a0683785,2023-08-06T00:00:00Z,2023-08-06T00:15:00Z,2023-08-06T00:15:00Z,validation,long_signal,0,1225.27204548952,0,61.263602274476,no_fill_reference_unavailable,,
intent_3af2d40a13d3185719cb9517,686e56464ca46fd35a0862296fd0d472fd9bc91bc17d33aa1f2b34a0aa5e889c,2023-08-07T00:00:00Z,2023-08-07T00:15:00Z,2023-08-07T00:16:00Z,validation,long_signal,0,1225.27204548952,0,61.263602274476,no_action_disarmed,,
intent_ff1820e1e064f069b66f0e4b,53e71c46f434be6981855e868d0902007c55f16c063097f798a32745c9f08a1f,2023-08-08T00:00:00Z,2023-08-08T00:15:00Z,2023-08-08T00:18:00Z,validation,long_signal,0,1225.27204548952,0,61.263602274476,no_action_disarmed,,
intent_4d02d4260e032893673a038b,be59ae95146fbb567a6dcdca81c90892b90205e1e01373635a1696a91a9a15b1,2023-08-09T00:00:00Z,2023-08-09T00:15:00Z,2023-08-09T00:16:00Z,validation,long_signal,0,1225.27204548952,0,61.263602274476,no_action_disarmed,,
intent_5991a0447639e9351b0caccb,dafe3a39f5f4def9fa24380def94fa09825926af26caf9c89ec268e083d3672a,2023-08-10T00:00:00Z,2023-08-10T00:15:00Z,2023-08-10T00:16:00Z,validation,long_signal,0,1225.27204548952,0,61.263602274476,no_action_disarmed,,
intent_720edc3faf82cf0bb34a5b98,bd2fcef84780613feca00e44ed728515d8d15446201c115359bb3e4210e6a42f,2023-08-11T00:00:00Z,2023-08-11T00:15:00Z,2023-08-11T00:15:00Z,validation,long_signal,0,1225.27204548952,0,61.263602274476,no_fill_reference_unavailable,,
intent_b2301698d9f5a0227ccc007e,2d1fee350b805d7e4ca535f8dd7e6e8bb67d7de5cb90b52fb90a768afb39eaed,2023-08-12T00:00:00Z,2023-08-12T00:15:00Z,2023-08-12T00:15:00Z,validation,long_signal,0,1225.27204548952,0,61.263602274476,no_fill_reference_unavailable,,
intent_0b5f30a0c8f1e23cb1c45141,2a546588aa75d964f7baea12c9d3f2ad959da142f22c54e5db7ef1cd94afc2e3,2023-08-13T00:00:00Z,2023-08-13T00:15:00Z,2023-08-13T00:15:00Z,validation,long_signal,0,1225.27204548952,0,61.263602274476,no_fill_reference_unavailable,,
intent_5c1b2581523de29136a5f0af,242896abc4e0e9f972d32e8d89850038c1c72cb2c3a4ccd2172c71fa69d41024,2023-08-14T00:00:00Z,2023-08-14T00:15:00Z,2023-08-14T00:17:00Z,validation,long_signal,0,1225.27204548952,0,61.263602274476,no_action_disarmed,,
intent_b6ad7869205a3aaf6903dfdc,ad7c54385170745224940b1cd6596a6ec938ccc27697f532936b37e935b3b7ba,2023-08-15T00:00:00Z,2023-08-15T00:15:00Z,2023-08-15T00:16:00Z,validation,long_signal,0,1225.27204548952,0,61.263602274476,no_action_disarmed,,
intent_cbfc8b5b29e782052cecd271,668864366c52ed420001e1554cdc64ee1561a1269260b3288904489db4f1fda8,2023-08-16T00:00:00Z,2023-08-16T00:15:00Z,2023-08-16T00:19:00Z,validation,long_signal,0,1225.27204548952,0,61.263602274476,no_action_disarmed,,
intent_1b221e20332186a757547cca,845b7cc26508cbbcdd9cf6cb44cdcd348d4665eb6e0c6fc121b7c78df2ca3997,2023-08-17T00:00:00Z,2023-08-17T00:15:00Z,2023-08-17T00:19:00Z,validation,long_signal,0,1225.27204548952,0,61.263602274476,no_action_disarmed,,
intent_0c39a7292907c3f96c5eec93,a6eff3b2b1ea357f329f96364ec6c6195ac7e94b234a3b9db82b84e81fe4185e,2023-08-18T00:00:00Z,2023-08-18T00:15:00Z,2023-08-18T00:17:00Z,validation,non_positive_momentum,0,1225.27204548952,0,61.263602274476,no_action_disarmed,,
intent_af20a68512b04444637f64aa,c384e38673e8cbcb2ca7be8fb3d72253973e139a7a3fb0e939187a25e8290c79,2023-08-19T00:00:00Z,2023-08-19T00:15:00Z,2023-08-19T00:15:00Z,validation,non_positive_momentum,0,1225.27204548952,0,61.263602274476,no_fill_reference_unavailable,,
intent_1824b0ac3868ea60b5a1bb91,9c556e8f9cf737ad2629808b12c4e17acce2d24082f3f298a49a47aa6efe5cc8,2023-08-20T00:00:00Z,2023-08-20T00:15:00Z,2023-08-20T00:15:00Z,validation,non_positive_momentum,0,1225.27204548952,0,61.263602274476,no_fill_reference_unavailable,,
intent_ec87fd3f5fe0defff7b6485f,007eed372c7e71b5cf0a63551a159ccbf101b4ee24f73f6c1db21c04196b7d77,2023-08-21T00:00:00Z,2023-08-21T00:15:00Z,2023-08-21T00:15:00Z,validation,non_positive_momentum,0,1225.27204548952,0,61.263602274476,no_fill_reference_unavailable,,
intent_7feba37748f19e096ff94acb,cdfb94d6ca91e2a178979a7ad36c82ab4baafb60dc5862c2f731760fd031c165,2023-08-22T00:00:00Z,2023-08-22T00:15:00Z,2023-08-22T00:15:00Z,validation,non_positive_momentum,0,1225.27204548952,0,61.263602274476,no_fill_reference_unavailable,,
intent_26e6b1466ff83faa76b86d7d,407db7bf1cef626bf22e1ceeff22106de36210cb46765f8f99dbe0e61144e8ba,2023-08-23T00:00:00Z,2023-08-23T00:15:00Z,2023-08-23T00:18:00Z,validation,non_positive_momentum,0,1225.27204548952,0,61.263602274476,no_action_disarmed,,
intent_2ec326a487fe77fea20796ea,8fa2521f0a9f2f0205a6aa2f82538d37b1264a39a86f7963045151b59262ac0d,2023-08-24T00:00:00Z,2023-08-24T00:15:00Z,2023-08-24T00:16:00Z,validation,non_positive_momentum,0,1225.27204548952,0,61.263602274476,no_action_disarmed,,
intent_fc39fcc2c896935950058ee7,a1427ed8bc9aa30a53230c65f655a455dcff3cae8f3e8fa2427822f21da305c3,2023-08-25T00:00:00Z,2023-08-25T00:15:00Z,2023-08-25T00:15:00Z,validation,non_positive_momentum,0,1225.27204548952,0,61.263602274476,no_fill_reference_unavailable,,
intent_4c32333439221a4829d2f2b7,f85277c4f16912c524087b87531680267f0c9c7a107681f3bbbb751881f99489,2023-08-26T00:00:00Z,2023-08-26T00:15:00Z,2023-08-26T00:16:00Z,validation,non_positive_momentum,0,1225.27204548952,0,61.263602274476,no_action_disarmed,,
intent_df43e03b9032095488e7ed82,8737685da0e97f58c5822b6ce6b66b5a755c72eb4bd3e976fd368122f531aab4,2023-08-27T00:00:00Z,2023-08-27T00:15:00Z,2023-08-27T00:18:00Z,validation,non_positive_momentum,0,1225.27204548952,0,61.263602274476,no_action_disarmed,,
intent_5b52b7def853a3d6d3e70fba,f7eab56fac5368a6a7f7867d03ed53f5ccd139918074e9374e4f6b76e8f973f2,2023-08-28T00:00:00Z,2023-08-28T00:15:00Z,2023-08-28T00:18:00Z,validation,non_positive_momentum,0,1225.27204548952,0,61.263602274476,no_action_disarmed,,
intent_128d86ae8b661999cc84f5a5,f45414b777847f9c75390328d49738544e432502624bb0f57e89bf07fba1e587,2023-08-29T00:00:00Z,2023-08-29T00:15:00Z,2023-08-29T00:19:00Z,validation,non_positive_momentum,0,1225.27204548952,0,61.263602274476,no_action_disarmed,,
intent_458167520898fc7efda5c0ee,d55f8b0191090471eb3a956c8403b050306bf4d98414d006140cfb54cd66d2bd,2023-08-30T00:00:00Z,2023-08-30T00:15:00Z,2023-08-30T00:16:00Z,validation,long_signal,0,1225.27204548952,0,61.263602274476,no_action_disarmed,,
intent_3e727ee605fecab702ea3a48,0b60276de01d835364a78eebb919a03993d76cfccfc8f5fe47f8f1d03c8fb2a5,2023-08-31T00:00:00Z,2023-08-31T00:15:00Z,2023-08-31T00:16:00Z,validation,below_trend,0,1225.27204548952,0,61.263602274476,no_action_disarmed,,
intent_b0946ee5de53a841f2088cb2,9f47da699800dbf843e849f16454d7083329826c6292a1b3450023bc12574475,2023-09-01T00:00:00Z,2023-09-01T00:15:00Z,2023-09-01T00:16:00Z,validation,non_positive_momentum,0,1225.27204548952,0,61.263602274476,no_action_disarmed,,
intent_ff375de2bac9cd428bf010db,20d3f720d5c863bc512341e5dee6b1bf59fc1e4b55af1293ad3e7577f216967a,2023-09-02T00:00:00Z,2023-09-02T00:15:00Z,2023-09-02T00:15:00Z,validation,non_positive_momentum,0,1225.27204548952,0,61.263602274476,no_fill_reference_unavailable,,
intent_e1f7a85c8a664d4f1b6afaf5,2499f659d52389886c3fef505df360726bab9ae7d475078683ff90e8c51e0238,2023-09-03T00:00:00Z,2023-09-03T00:15:00Z,2023-09-03T00:15:00Z,validation,non_positive_momentum,0,1225.27204548952,0,61.263602274476,no_fill_reference_unavailable,,
intent_9184fa68f8e0505b02115c24,25d99f1fa63a624958cb911eb342deb8ec52aebd321f32793ad79ea7673bcbf5,2023-09-04T00:00:00Z,2023-09-04T00:15:00Z,2023-09-04T00:15:00Z,validation,below_trend,0,1225.27204548952,0,61.263602274476,no_fill_reference_unavailable,,
intent_2f9d022d26d2ae27f4ac043a,3c515ee7f4d513573001a5ef13f0c3ac0d3b028a572e6fc8a4b5211208781871,2023-09-05T00:00:00Z,2023-09-05T00:15:00Z,2023-09-05T00:17:00Z,validation,non_positive_momentum,0,1225.27204548952,0,61.263602274476,no_action_disarmed,,
intent_34b88b9cfe0b7deeae859bd8,58e748cfdef5ef4e733e456e09ee2238b65e47742983ba602db073c9bf233511,2023-09-06T00:00:00Z,2023-09-06T00:15:00Z,2023-09-06T00:17:00Z,validation,non_positive_momentum,0,1225.27204548952,0,61.263602274476,no_action_disarmed,,
intent_8fe107b055dd84b40a15fb36,2b39fa44b4aeff9ed8c23ffdc1fb4fede39ea24b19f16e8645d5d9187728a3d5,2023-09-07T00:00:00Z,2023-09-07T00:15:00Z,2023-09-07T00:19:00Z,validation,non_positive_momentum,0,1225.27204548952,0,61.263602274476,no_action_disarmed,,
intent_7f894d8ceae26de424eeb18a,6c6ea9bb07469004bb384380b54b8dbc87fd727942d26f612fb9ab5a870ffec8,2023-09-08T00:00:00Z,2023-09-08T00:15:00Z,2023-09-08T00:16:00Z,validation,below_trend,0,1225.27204548952,0,61.263602274476,no_action_disarmed,,
intent_24dce4c54f95198e1d5bec15,bb758745ead86eef677d7b6debf0796a8f68be37ed37ca87801e86214ea48cb9,2023-09-09T00:00:00Z,2023-09-09T00:15:00Z,2023-09-09T00:20:00Z,validation,below_trend,0,1225.27204548952,0,61.263602274476,no_action_disarmed,,
intent_766cab297b03ce42ce1eb164,51f7975b3867a0d3c4270a4b51c6327c1f57f7cae9deeb795470cecaa537d840,2023-09-10T00:00:00Z,2023-09-10T00:15:00Z,2023-09-10T00:15:00Z,validation,below_trend,0,1225.27204548952,0,61.263602274476,no_fill_reference_unavailable,,
intent_c7434d5f4be80d973e6c32fc,96ac91f45e995ecfb459a66d76c18af187dff86592ecadf176d1ecd80134cc3e,2023-09-11T00:00:00Z,2023-09-11T00:15:00Z,2023-09-11T00:17:00Z,validation,below_trend,0,1225.27204548952,0,61.263602274476,no_action_disarmed,,
intent_36dcb3f95488e92f3728241a,0de969b3e4d2235351514a0b7b321518890748842c22e4d44ca9ad7994be9050,2023-09-12T00:00:00Z,2023-09-12T00:15:00Z,2023-09-12T00:16:00Z,validation,non_positive_momentum,0,1225.27204548952,0,61.263602274476,no_action_disarmed,,
intent_77b7380aa4211be928ad5fa8,ea56172fd239e746ddfd03277b6ae123cd5f9e9870b2a03683f7faa2de65169f,2023-09-13T00:00:00Z,2023-09-13T00:15:00Z,2023-09-13T00:16:00Z,validation,below_trend,0,1225.27204548952,0,61.263602274476,no_action_disarmed,,
intent_900cd53131217ab9532ec1a6,cb9408e58bacd92d2db8a5ca3903ec92c7078f5c8841d6268dc8cd388d88cf8a,2023-09-14T00:00:00Z,2023-09-14T00:15:00Z,2023-09-14T00:15:00Z,validation,below_trend,0,1225.27204548952,0,61.263602274476,no_fill_reference_unavailable,,
intent_98dc0329422fba447d21149c,f00bf28a8167cdea656cf43bafe552650e72973f7111ae0837c0398efb514397,2023-09-15T00:00:00Z,2023-09-15T00:15:00Z,2023-09-15T00:20:00Z,validation,below_trend,0,1225.27204548952,0,61.263602274476,no_action_disarmed,,
intent_716bc1a146ec68791b1c12c5,039e0bad582d00b6ece2a17aeafe3b39050254f42a4e9699f61921be2eb8fef9,2023-09-16T00:00:00Z,2023-09-16T00:15:00Z,2023-09-16T00:18:00Z,validation,below_trend,0,1225.27204548952,0,61.263602274476,no_action_disarmed,,
intent_16ed17e04937d39c9043b120,4267e7ec93a3e7eaeb44ab23c05ff51d77aac39297817a4486ee048c6fb81431,2023-09-17T00:00:00Z,2023-09-17T00:15:00Z,2023-09-17T00:15:00Z,validation,below_trend,0,1225.27204548952,0,61.263602274476,no_fill_reference_unavailable,,
intent_89fbe01dbc22bf9db1b3f8a0,e45f954eef7a379b87bb09079036f94cdbc5d04652cb1c6e7a54dbb6e1dd7bf9,2023-09-18T00:00:00Z,2023-09-18T00:15:00Z,2023-09-18T00:20:00Z,validation,below_trend,0,1225.27204548952,0,61.263602274476,no_action_disarmed,,
intent_6e3dbcc582a2600b3f2f57a6,228204160f016425b01c8535c4796bd26b39b2f7c0c8a7393e22434e58dfabf1,2023-09-19T00:00:00Z,2023-09-19T00:15:00Z,2023-09-19T00:15:00Z,validation,non_positive_momentum,0,1225.27204548952,0,61.263602274476,no_fill_reference_unavailable,,
intent_6ef11bf8893246acc443968a,556093c61a158cc21626ff585394a0f09547de9ab7d48545e313dd023b1fc5e2,2023-09-20T00:00:00Z,2023-09-20T00:15:00Z,2023-09-20T00:15:00Z,validation,non_positive_momentum,0,1225.27204548952,0,61.263602274476,no_fill_reference_unavailable,,
intent_322471a67ad6a7a77370f81e,a5c45f1095b7b1133e420d374666ed23c3e5921fe49ccace27f0e20ab6cc891c,2023-09-21T00:00:00Z,2023-09-21T00:15:00Z,2023-09-21T00:15:00Z,validation,non_positive_momentum,0,1225.27204548952,0,61.263602274476,no_fill_reference_unavailable,,
intent_2cc810b9ed3e746336a04d02,c6eff9dc37d836265f5c514dec6bd3ac2d759003bac54eaaa04fa8e4244bc015,2023-09-22T00:00:00Z,2023-09-22T00:15:00Z,2023-09-22T00:16:00Z,validation,non_positive_momentum,0,1225.27204548952,0,61.263602274476,no_action_disarmed,,
intent_51783cb88209bd0cd3ba4df9,e5a040488d3427a9d46f67d854592d5a84597af9fc88fcdc40475dd328433bb9,2023-09-23T00:00:00Z,2023-09-23T00:15:00Z,2023-09-23T00:16:00Z,validation,non_positive_momentum,0,1225.27204548952,0,61.263602274476,no_action_disarmed,,
intent_fb0548f5743e23c484aa4a2e,4cf9611adb7a5805ff4416a776778e6411f1d1ea5d137e7e2f08739028303e32,2023-09-24T00:00:00Z,2023-09-24T00:15:00Z,2023-09-24T00:15:00Z,validation,non_positive_momentum,0,1225.27204548952,0,61.263602274476,no_fill_reference_unavailable,,
intent_675bea5a3858489288e75cda,7ce46f44325f0f79919ae5cfc9138f829f409764b0ad5c422ddb425fe81e90c8,2023-09-25T00:00:00Z,2023-09-25T00:15:00Z,2023-09-25T00:20:00Z,validation,non_positive_momentum,0,1225.27204548952,0,61.263602274476,no_action_disarmed,,
intent_0bb23feaae4e929235938ebb,d420b5adaf050a56c560e663cfed8d65bd1a6b17974a5abfaf65906534a39838,2023-09-26T00:00:00Z,2023-09-26T00:15:00Z,2023-09-26T00:17:00Z,validation,non_positive_momentum,0,1225.27204548952,0,61.263602274476,no_action_disarmed,,
intent_c827cb50ca16294cfdb19ff9,245281b30f60f71d315c4e18b5a58628f378adecee9e19e3a4ee7f7a2a2915c6,2023-09-27T00:00:00Z,2023-09-27T00:15:00Z,2023-09-27T00:16:00Z,validation,non_positive_momentum,0,1225.27204548952,0,61.263602274476,no_action_disarmed,,
intent_1c12eae58dc9f4c88fac3838,810d5902d503c02aa9068a0eb174de3612071882444534cd01ec89550a1b1132,2023-09-28T00:00:00Z,2023-09-28T00:15:00Z,2023-09-28T00:16:00Z,validation,non_positive_momentum,0,1225.27204548952,0,61.263602274476,no_action_disarmed,,
intent_3d6d24471fa2fff9ec4ceade,e5d2edfbf469000e7514af203cbe95a212f1279caca93c2b0a393cdb29437e64,2023-09-29T00:00:00Z,2023-09-29T00:15:00Z,2023-09-29T00:18:00Z,validation,non_positive_momentum,0,1225.27204548952,0,61.263602274476,no_action_disarmed,,
intent_db46a28cd07697d7f2862346,157ae8b07630a0ecfa350f4822edfd1215d6d80171b6378c743f1620f8ccbba8,2023-09-30T00:00:00Z,2023-09-30T00:15:00Z,2023-09-30T00:15:00Z,validation,non_positive_momentum,0,1225.27204548952,0,61.263602274476,no_fill_reference_unavailable,,
intent_fb51383ae4d5925ef0e34c6a,060da72378ab3e71521fa58dbdfc2d19f9ebc4e105e5557800f7316b8fb56a22,2023-10-01T00:00:00Z,2023-10-01T00:15:00Z,2023-10-01T00:20:00Z,validation,non_positive_momentum,0,1225.27204548952,0,61.263602274476,no_action_disarmed,,
intent_e85e51fbf9585b6f4c872c05,a86068cd93926ac762675ba27b4b11425897263ef0d246804ef653ada06b1390,2023-10-02T00:00:00Z,2023-10-02T00:15:00Z,2023-10-02T00:16:00Z,validation,non_positive_momentum,0,1225.27204548952,0,61.263602274476,no_action_disarmed,,
intent_2244ddc73e47c187e3f872bb,33b30f445c58c095398019fcaa4b73302bc52badee9be1feb1b8ee8e8337af06,2023-10-03T00:00:00Z,2023-10-03T00:15:00Z,2023-10-03T00:18:00Z,validation,non_positive_momentum,0,1225.27204548952,0,61.263602274476,no_action_disarmed,,
intent_3db8a8fa22915dff0553bd61,684a850d2ebafeed547bee39c2d312e03f57ee5e98b947eed8b5f933616b1351,2023-10-04T00:00:00Z,2023-10-04T00:15:00Z,2023-10-04T00:15:00Z,validation,non_positive_momentum,0,1225.27204548952,0,61.263602274476,no_fill_reference_unavailable,,
intent_2e46d30c083cad873d30231e,f18bc43f5ea2386098dd9452ba2ded1d4693732fe043f51ff858f74fd42ccca9,2023-10-05T00:00:00Z,2023-10-05T00:15:00Z,2023-10-05T00:18:00Z,validation,non_positive_momentum,0,1225.27204548952,0,61.263602274476,no_action_disarmed,,
intent_80ed4fa736b55eee5ba39ebd,be89081830f6ec0f2f646f1d0b0be3ab81c8c4b32f56cb65d27273d55af73cc4,2023-10-06T00:00:00Z,2023-10-06T00:15:00Z,2023-10-06T00:19:00Z,validation,non_positive_momentum,0,1225.27204548952,0,61.263602274476,no_action_disarmed,,
intent_fccf9839dbdb60cc0034a621,88079980a6ea435a8c8f4c4d114969d64477aaa452c4a44225334adc7363d3e2,2023-10-07T00:00:00Z,2023-10-07T00:15:00Z,2023-10-07T00:15:00Z,validation,non_positive_momentum,0,1225.27204548952,0,61.263602274476,no_fill_reference_unavailable,,
intent_68821487725a371b7b94e9dd,e155795e0e685a465d56a910d6b91655f77ef9bff4d3f4a6f730306bacd69733,2023-10-08T00:00:00Z,2023-10-08T00:15:00Z,2023-10-08T00:19:00Z,validation,non_positive_momentum,0,1225.27204548952,0,61.263602274476,no_action_disarmed,,
intent_358c33e38f4ddfa4c58b65ac,46a7bd02330f8a6fd41948c3c1113b4d1e3e0658627f2ebf63bcb8fb7ef19eea,2023-10-09T00:00:00Z,2023-10-09T00:15:00Z,2023-10-09T00:15:00Z,validation,non_positive_momentum,0,1225.27204548952,0,61.263602274476,no_fill_reference_unavailable,,
intent_abd9170d5547beee32689498,f1430854505fc237bd532dbb0ad4ea144d9c3a9befd5d03020ed655cdd86b2e3,2023-10-10T00:00:00Z,2023-10-10T00:15:00Z,2023-10-10T00:17:00Z,validation,non_positive_momentum,0,1225.27204548952,0,61.263602274476,no_action_disarmed,,
intent_0f918b04ac5eaf155493c0ff,ccab2aa2d71e272a8af8c84b1333493450d0eea99f4ae5142136120161defb4e,2023-10-11T00:00:00Z,2023-10-11T00:15:00Z,2023-10-11T00:15:00Z,validation,non_positive_momentum,0,1225.27204548952,0,61.263602274476,no_fill_reference_unavailable,,
intent_cdd283cbbe0c4e853133d913,21cd1b4099931dbdd00ff748789044028f6e2410635f6f88fec66cc93ed41ec7,2023-10-12T00:00:00Z,2023-10-12T00:15:00Z,2023-10-12T00:17:00Z,validation,non_positive_momentum,0,1225.27204548952,0,61.263602274476,no_action_disarmed,,
intent_76e2ed98df3c7773afc6d170,ad91fdc307e5fabcf82852c05ea08bd3e790ae2c20d7670de7ffa58717d30f97,2023-10-13T00:00:00Z,2023-10-13T00:15:00Z,2023-10-13T00:18:00Z,validation,non_positive_momentum,0,1225.27204548952,0,61.263602274476,no_action_disarmed,,
intent_0de43327b0713a51e56872a4,d6ae42733f7fff063999c2da79f40c6c34fc3b4e62ac17a93a212cb6ea9d4761,2023-10-14T00:00:00Z,2023-10-14T00:15:00Z,2023-10-14T00:18:00Z,validation,non_positive_momentum,0,1225.27204548952,0,61.263602274476,no_action_disarmed,,
intent_4850dc5d95d77571f64a707a,9360df91cb7c2511e15e7713a8e57a895bcaf0015a487643949944fd4eb68b72,2023-10-15T00:00:00Z,2023-10-15T00:15:00Z,2023-10-15T00:15:00Z,validation,non_positive_momentum,0,1225.27204548952,0,61.263602274476,no_fill_reference_unavailable,,
intent_8b95cda891c8d89ec536e800,b4dd34a5780213a7819feceed92043a199e244f31a28cdf698655182a65b1095,2023-10-16T00:00:00Z,2023-10-16T00:15:00Z,2023-10-16T00:17:00Z,validation,non_positive_momentum,0,1225.27204548952,0,61.263602274476,no_action_disarmed,,
intent_1309accfb7ac11085cad6ea6,ae59f660b9d02c1a2b0c5d2adb02c14b0b0d043498dd254300222d701442c66f,2023-10-17T00:00:00Z,2023-10-17T00:15:00Z,2023-10-17T00:19:00Z,validation,non_positive_momentum,0,1225.27204548952,0,61.263602274476,no_action_disarmed,,
intent_0714d624eaa8d9161e82fa9a,d3dc41296f74d90da440f4a2036f7c14e7a30958f3857d42f2462445694d0310,2023-10-18T00:00:00Z,2023-10-18T00:15:00Z,2023-10-18T00:18:00Z,validation,non_positive_momentum,0,1225.27204548952,0,61.263602274476,no_action_disarmed,,
intent_2c9c79631bb2e21a529297fd,ef6ee501ecd4e2c30a968641bd46390f819688c12d44b60d19f17c943fa7657f,2023-10-19T00:00:00Z,2023-10-19T00:15:00Z,2023-10-19T00:18:00Z,validation,non_positive_momentum,0,1225.27204548952,0,61.263602274476,no_action_disarmed,,
intent_c76a88804b0d7c3279a40d84,061fe70ef3dd26563fd7fe83911b6ff76c98a566b63284152535d25ef9dd3a37,2023-10-20T00:00:00Z,2023-10-20T00:15:00Z,2023-10-20T00:18:00Z,validation,non_positive_momentum,0,1225.27204548952,0,61.263602274476,no_action_disarmed,,
intent_d7f2b7e593a09752237058a1,d016707baae713063ac71e75169dcff5290530a28b718ae42a115e4d5c23a3af,2023-10-21T00:00:00Z,2023-10-21T00:15:00Z,2023-10-21T00:16:00Z,validation,long_signal,0,1225.27204548952,0,61.263602274476,no_action_disarmed,,
intent_1358fa7692f6625b9beb2aa1,53d8ebf6efd779b52d2ea033e4e929affc28155b301c9f88c61a0b0296d0a4e8,2023-10-22T00:00:00Z,2023-10-22T00:15:00Z,2023-10-22T00:16:00Z,validation,long_signal,0,1225.27204548952,0,61.263602274476,no_action_disarmed,,
intent_32a0d712db5ed42f456e1777,1fe2cf98349969b858516346a8f482ccef9c898fa6e5ed8f5c6d9cc1cd3328f5,2023-10-23T00:00:00Z,2023-10-23T00:15:00Z,2023-10-23T00:20:00Z,validation,long_signal,0,1225.27204548952,0,61.263602274476,no_action_disarmed,,
intent_eb1d8b6decaaaef70aba8956,8301e43b8b5d0c9c896239d77595bfaf7b171249c4f6c8699b83b0a54d0cdc8e,2023-10-24T00:00:00Z,2023-10-24T00:15:00Z,2023-10-24T00:16:00Z,validation,long_signal,0,1225.27204548952,0,61.263602274476,no_action_disarmed,,
intent_a4100e15ab5ed54487ea34c3,33eda11989e2ac2cfdc5693c7014b1204802ef3d91dfc46aeaef2f8a18d0ba36,2023-10-25T00:00:00Z,2023-10-25T00:15:00Z,2023-10-25T00:16:00Z,validation,long_signal,0,1225.27204548952,0,61.263602274476,no_action_disarmed,,
intent_3795bda850b4970b2d3aad84,145d91c59bf43aafc55f50d4644462f0f7e0e87caac32e2af0c145c9c34949e2,2023-10-26T00:00:00Z,2023-10-26T00:15:00Z,2023-10-26T00:16:00Z,validation,long_signal,0,1225.27204548952,0,61.263602274476,no_action_disarmed,,
intent_d1c2170406e007ce5090ecae,93ce80fcbeadabcd09c105b5d1f386ee05eea25e84c7782d220222a521b88f1d,2023-10-27T00:00:00Z,2023-10-27T00:15:00Z,2023-10-27T00:17:00Z,validation,long_signal,0,1225.27204548952,0,61.263602274476,no_action_disarmed,,
intent_5905889ecac0186264926ebd,4ee4708c4be6372e53daa725dac27a44b29733b3454cb4f49c822fb1b87a6322,2023-10-28T00:00:00Z,2023-10-28T00:15:00Z,2023-10-28T00:16:00Z,validation,long_signal,0,1225.27204548952,0,61.263602274476,no_action_disarmed,,
intent_6091f18ba017d959b3644b23,cd9d70e2ec17a66dffeea2272694519e58cc2eadf2889c6b36116565159960dd,2023-10-29T00:00:00Z,2023-10-29T00:15:00Z,2023-10-29T00:19:00Z,validation,long_signal,0,1225.27204548952,0,61.263602274476,no_action_disarmed,,
intent_45ea0a0fd2e02665b3fd71e2,b7b9c63c2fb463e907bf5e33d0d789fd6c80d4b58dd253354d6f9f4455033b3a,2023-10-30T00:00:00Z,2023-10-30T00:15:00Z,2023-10-30T00:15:00Z,validation,long_signal,0,1225.27204548952,0,61.263602274476,no_fill_reference_unavailable,,
intent_cf09ae3d9e7f7ea5e736f0b9,f18152e176d1a642b93e801d2630c33ba81880555e5afc2cc03e315c7dd89e2a,2023-10-31T00:00:00Z,2023-10-31T00:15:00Z,2023-10-31T00:18:00Z,validation,long_signal,0,1225.27204548952,0,61.263602274476,no_action_disarmed,,
intent_454c2b9cbc5ec4568746d9ac,060ee3f6fb4d6ce81bf4300edfb71acfa1e1d22078de55842848025bddc856f3,2023-11-01T00:00:00Z,2023-11-01T00:15:00Z,2023-11-01T00:16:00Z,validation,long_signal,0,1225.27204548952,0,61.263602274476,no_action_disarmed,,
intent_da09874772b4d95d77ad0c02,97c7f7afc87f8ecf71444fc71a1ab1d236684d59a098ecc9b7f3fa151a99ca35,2023-11-02T00:00:00Z,2023-11-02T00:15:00Z,2023-11-02T00:17:00Z,validation,long_signal,0,1225.27204548952,0,61.263602274476,no_action_disarmed,,
intent_9a9ae86222d4cc0723bc40ba,e4cbe464e6418ccce2b958f1e7825f3f348c0f916eccaad8a0afd3c5de89c871,2023-11-03T00:00:00Z,2023-11-03T00:15:00Z,2023-11-03T00:17:00Z,validation,long_signal,0,1225.27204548952,0,61.263602274476,no_action_disarmed,,
intent_1cea74f5546c24c868ba8451,3ce7cfbc2b36c3475d27b8beeb6c721bac3f14abd4e7828b88b94c2a066c3ae3,2023-11-04T00:00:00Z,2023-11-04T00:15:00Z,2023-11-04T00:18:00Z,validation,long_signal,0,1225.27204548952,0,61.263602274476,no_action_disarmed,,
intent_1378dd5a857f8fc69b5c0940,b481f5cdc5489cf133ff73a8586d3ef4ec4bd39a84027588071140c6daee2b45,2023-11-05T00:00:00Z,2023-11-05T00:15:00Z,2023-11-05T00:16:00Z,validation,long_signal,0,1225.27204548952,0,61.263602274476,no_action_disarmed,,
intent_38f084c5d4c520250febe036,1677114b5ba5e2a406337ee20331a62dd6eddf33b402f0033291cdb01149c9e5,2023-11-06T00:00:00Z,2023-11-06T00:15:00Z,2023-11-06T00:17:00Z,validation,long_signal,0,1225.27204548952,0,61.263602274476,no_action_disarmed,,
intent_2b47c453058342fc6a04b230,3a435dca69e2bf62458ede82e33e8d915260d10c578936d822333615c9d04818,2023-11-07T00:00:00Z,2023-11-07T00:15:00Z,2023-11-07T00:15:00Z,validation,long_signal,0,1225.27204548952,0,61.263602274476,no_fill_reference_unavailable,,
intent_947e9ad03cb7196f0c0f0593,9433629cad1ca3c6bf3b0cd3d7630ed7569b01b56d2e04f60ccad7c6b5f8367e,2023-11-08T00:00:00Z,2023-11-08T00:15:00Z,2023-11-08T00:15:00Z,validation,long_signal,0,1225.27204548952,0,61.263602274476,no_fill_reference_unavailable,,
intent_eeababed3f120a455a1ace1e,6db61d192f9ce1e95153ad49479685abc9147613386d46e29fc95a95a6b13048,2023-11-09T00:00:00Z,2023-11-09T00:15:00Z,2023-11-09T00:16:00Z,validation,long_signal,0,1225.27204548952,0,61.263602274476,no_action_disarmed,,
intent_93f1d59eef3f3e6851cb215e,e500d423fbb4ba8e46d6c626a77bf88e4f149a9cb3776948382b4503fd9ea491,2023-11-10T00:00:00Z,2023-11-10T00:15:00Z,2023-11-10T00:16:00Z,validation,long_signal,0,1225.27204548952,0,61.263602274476,no_action_disarmed,,
intent_dd0b8ad5e03b846be1290515,5945d9456597dd44ba8f0eb45c70403a35a3f9d59354b6b8c4e9aa105e1c3c13,2023-11-11T00:00:00Z,2023-11-11T00:15:00Z,2023-11-11T00:17:00Z,validation,long_signal,0,1225.27204548952,0,61.263602274476,no_action_disarmed,,
intent_de58487b7e1958364a0a98de,5f744b62d10a18f3aa1387b29b328da09edf939ca34faabc3d4daeb83e2609e8,2023-11-12T00:00:00Z,2023-11-12T00:15:00Z,2023-11-12T00:16:00Z,validation,long_signal,0,1225.27204548952,0,61.263602274476,no_action_disarmed,,
intent_8ae68b5e2726e0e824813679,cf4add4a993b8b5ee3a24f21c8320609909ffc1a1652c57126a9ffe6b19a0a68,2023-11-13T00:00:00Z,2023-11-13T00:15:00Z,2023-11-13T00:16:00Z,validation,long_signal,0,1225.27204548952,0,61.263602274476,no_action_disarmed,,
intent_85fce48cbc8f003c37baa9a6,d5ad2a6c57d3a89c9f6f8604de73e6a842bf78dfea75d696076f04b60c790511,2023-11-14T00:00:00Z,2023-11-14T00:15:00Z,2023-11-14T00:17:00Z,validation,long_signal,0,1225.27204548952,0,61.263602274476,no_action_disarmed,,
intent_d63fef092310a3e85c90194f,4c987b8956045088d35795e24f9aa5b38c6868f2f68be582d2c20ad904a9c5e3,2023-11-15T00:00:00Z,2023-11-15T00:15:00Z,2023-11-15T00:16:00Z,validation,long_signal,0,1225.27204548952,0,61.263602274476,no_action_disarmed,,
intent_40111417f16f95ee61d8c9b9,b4f0a06391e0a5169ed5a1407548e85234e4115224a5de6c59361e4187ae4e1f,2023-11-16T00:00:00Z,2023-11-16T00:15:00Z,2023-11-16T00:16:00Z,validation,long_signal,0,1225.27204548952,0,61.263602274476,no_action_disarmed,,
intent_83d519889206c651331daec7,d66b384a255a75238d26f2ad8a77520159619e30be4bf781f3424af69c35e741,2023-11-17T00:00:00Z,2023-11-17T00:15:00Z,2023-11-17T00:16:00Z,validation,long_signal,0,1225.27204548952,0,61.263602274476,no_action_disarmed,,
intent_5a1171f1f0e01d6e5f2b6f7e,2335d1cbb969f20ba3709d0d8da8cd457ba8a939440c190f098ea1eaaa53871b,2023-11-18T00:00:00Z,2023-11-18T00:15:00Z,2023-11-18T00:16:00Z,validation,long_signal,0,1225.27204548952,0,61.263602274476,no_action_disarmed,,
intent_d8f011f38899e1aabe514c6d,83fb53bca89553d71ff1b4fc3b781cca160e1c7a8ab03bdf7e75c337bbe70a4e,2023-11-19T00:00:00Z,2023-11-19T00:15:00Z,2023-11-19T00:17:00Z,validation,long_signal,0,1225.27204548952,0,61.263602274476,no_action_disarmed,,
intent_77a016325fa889ffcd89e6c6,40ddbf9bdaaafaddb7f65310c27bc1de4ceddd1c541395b75610acb06c05e4af,2023-11-20T00:00:00Z,2023-11-20T00:15:00Z,2023-11-20T00:20:00Z,validation,long_signal,0,1225.27204548952,0,61.263602274476,no_action_disarmed,,
intent_9e5444c71d74ecb188830400,8915f6c50da634c9581ce1a508b61adc27531674e22bda9e62b971f599df43d0,2023-11-21T00:00:00Z,2023-11-21T00:15:00Z,2023-11-21T00:17:00Z,validation,long_signal,0,1225.27204548952,0,61.263602274476,no_action_disarmed,,
intent_215fee7b3c25cd80bb19b99c,5c1a76cd2dbb656e802adee3d6f28df4b78ffa756007722857a8c17b3b4677f2,2023-11-22T00:00:00Z,2023-11-22T00:15:00Z,2023-11-22T00:16:00Z,validation,long_signal,0,1225.27204548952,0,61.263602274476,no_action_disarmed,,
intent_a85dbc50f4138ade6d6efdfb,63bab83b6b26cfb66023e5416e92c25b639cb2994558ab398232f478b9a602ab,2023-11-23T00:00:00Z,2023-11-23T00:15:00Z,2023-11-23T00:18:00Z,validation,long_signal,0,1225.27204548952,0,61.263602274476,no_action_disarmed,,
intent_ef7e7a3cc71483c215d940f0,7f30f96bb62afc195ffcef592d41c20d600ace12417c10b26c462b1401d5461e,2023-11-24T00:00:00Z,2023-11-24T00:15:00Z,2023-11-24T00:20:00Z,validation,long_signal,0,1225.27204548952,0,61.263602274476,no_action_disarmed,,
intent_666c507b91a5395512c4e9bb,15442a1951413f5fd400056f3be15520de5e8a2697a1aa27c487f5c87e01366b,2023-11-25T00:00:00Z,2023-11-25T00:15:00Z,2023-11-25T00:16:00Z,validation,long_signal,0,1225.27204548952,0,61.263602274476,no_action_disarmed,,
intent_9708a5a88c91aef2e3522762,a874bbe2a9a16c64174f62c2c6dbd618248b3a1d72fa3face599ea6dbfeaf2ea,2023-11-26T00:00:00Z,2023-11-26T00:15:00Z,2023-11-26T00:15:00Z,validation,long_signal,0,1225.27204548952,0,61.263602274476,no_fill_reference_unavailable,,
intent_c96300c96545d4aa55121e9a,ac46b42f3d8523eddce15733b621a06bc6cf0bcf17c4525ed69ee6a02f5692d0,2023-11-27T00:00:00Z,2023-11-27T00:15:00Z,2023-11-27T00:19:00Z,validation,long_signal,0,1225.27204548952,0,61.263602274476,no_action_disarmed,,
intent_65cb67a03f87e1bad3d3af3f,4eda183ffe77b5e09aea1d3e7fbcd6064d6cc28491860e99e2b56fe28d22d37a,2023-11-28T00:00:00Z,2023-11-28T00:15:00Z,2023-11-28T00:17:00Z,validation,long_signal,0,1225.27204548952,0,61.263602274476,no_action_disarmed,,
intent_b61b4efd526a12cf68c01738,415da35acfd7312423f0968de38ed1a65bac8e3a58a95ec5ef19b604c9315ddf,2023-11-29T00:00:00Z,2023-11-29T00:15:00Z,2023-11-29T00:16:00Z,validation,long_signal,0,1225.27204548952,0,61.263602274476,no_action_disarmed,,
intent_ef51a95ac845e6d7c3540ffd,7ad2d6272f87712619030f23dd24941cddc08a0f61e49e08720f26dcd6101a58,2023-11-30T00:00:00Z,2023-11-30T00:15:00Z,2023-11-30T00:19:00Z,validation,long_signal,0,1225.27204548952,0,61.263602274476,no_action_disarmed,,
intent_9261fec8632149182b25475f,c8f1cc892ad7209e75f6311f12ab54bc08ab21f520e40baab80d1a86041e7675,2023-12-01T00:00:00Z,2023-12-01T00:15:00Z,2023-12-01T00:19:00Z,validation,long_signal,0,1225.27204548952,0,61.263602274476,no_action_disarmed,,
intent_9c93fc23dc4d577017266123,ccc25686aa857683b2440fab5e4e81489f2f94aed203bb926466e6ab54959de5,2023-12-02T00:00:00Z,2023-12-02T00:15:00Z,2023-12-02T00:16:00Z,validation,long_signal,0,1225.27204548952,0,61.263602274476,no_action_disarmed,,
intent_c6edc68cfe76e785ae867739,b24bcdc3d57c1764d028213a1152486bc4b83f1b5afdb4be136b4d8c8023eaac,2023-12-03T00:00:00Z,2023-12-03T00:15:00Z,2023-12-03T00:15:00Z,validation,long_signal,0,1225.27204548952,0,61.263602274476,no_fill_reference_unavailable,,
intent_4daac37c432576511cfcab9f,364963d4a4731ed43ec48da3bfd1061dceaf6f672b0bb0b351efa519030ee361,2023-12-04T00:00:00Z,2023-12-04T00:15:00Z,2023-12-04T00:16:00Z,validation,long_signal,0,1225.27204548952,0,61.263602274476,no_action_disarmed,,
intent_134b1d809e04959cbfe85122,c11b0520931639f27452ece452fb9b87f5cfd2e666494232cdd8d21514c916d4,2023-12-05T00:00:00Z,2023-12-05T00:15:00Z,2023-12-05T00:16:00Z,validation,long_signal,0,1225.27204548952,0,61.263602274476,no_action_disarmed,,
intent_7fc05a7617ce15b12142269d,a5f9f977d53df485c48f6b6dcc75c11a9b5c0c69a0cd7b113ca6ae4ad698f1e7,2023-12-06T00:00:00Z,2023-12-06T00:15:00Z,2023-12-06T00:16:00Z,validation,long_signal,0,1225.27204548952,0,61.263602274476,no_action_disarmed,,
intent_fdc685943eb24cace04e3fb4,49d1207f73bcaaedd387a6b0b15c4dac1b5df5dc35f73b0e9f365fdec4162ce1,2023-12-07T00:00:00Z,2023-12-07T00:15:00Z,2023-12-07T00:17:00Z,validation,long_signal,0,1225.27204548952,0,61.263602274476,no_action_disarmed,,
intent_3ab1917252aa8f35e4bf5c18,f83c86751ced866fbf9a934ea5a9803e5e1d673201d2f2247cc9358840c32ba7,2023-12-08T00:00:00Z,2023-12-08T00:15:00Z,2023-12-08T00:16:00Z,validation,long_signal,0,1225.27204548952,0,61.263602274476,no_action_disarmed,,
intent_7ae95c01dbc46b1ea1210002,9244469d85d8fa78b3a603bd9e52fb99b8cd943d2170f23dd54d9682eec185da,2023-12-09T00:00:00Z,2023-12-09T00:15:00Z,2023-12-09T00:16:00Z,validation,long_signal,0,1225.27204548952,0,61.263602274476,no_action_disarmed,,
intent_3078157b26e5e781bf386edd,d13c5b2c1a79e4fc106cb50fe7e7b9deccaa2dcdca993cbf601238e2191a27c8,2023-12-10T00:00:00Z,2023-12-10T00:15:00Z,2023-12-10T00:17:00Z,validation,long_signal,0,1225.27204548952,0,61.263602274476,no_action_disarmed,,
intent_0d9b017995fd6d89f727fb55,d9a974d644a63b8e8b9095d62b8e6eac1b4d7ac194e30efa6e0486ba1ba4c633,2023-12-11T00:00:00Z,2023-12-11T00:15:00Z,2023-12-11T00:17:00Z,validation,long_signal,0,1225.27204548952,0,61.263602274476,no_action_disarmed,,
intent_6ca94254e18f8c7cae38a410,38c3a52d6b308b8abc2d3ca59399b946b931f409564d5df7b24b205601f5cf0e,2023-12-12T00:00:00Z,2023-12-12T00:15:00Z,2023-12-12T00:20:00Z,validation,long_signal,0,1225.27204548952,0,61.263602274476,no_action_disarmed,,
intent_d0bf91fa145afb8f5cc2fed4,a184973ca0da0f319cd216dd2039419e80a167fe855b03dea9c0febadeae9b80,2023-12-13T00:00:00Z,2023-12-13T00:15:00Z,2023-12-13T00:17:00Z,validation,long_signal,0,1225.27204548952,0,61.263602274476,no_action_disarmed,,
intent_0453770fd53e1d941be3122c,038be017fc716d8522566d87ea0fa66f0c66744614ca935f17acd7ea6948f98a,2023-12-14T00:00:00Z,2023-12-14T00:15:00Z,2023-12-14T00:16:00Z,validation,long_signal,0,1225.27204548952,0,61.263602274476,no_action_disarmed,,
intent_87eba60dd6521f9df84a74f7,bf54dd1f4ff95201bf839ceb78dce6eb3a9644dd5144a6dfbdab95b249a07e97,2023-12-15T00:00:00Z,2023-12-15T00:15:00Z,2023-12-15T00:18:00Z,validation,long_signal,0,1225.27204548952,0,61.263602274476,no_action_disarmed,,
intent_e602be62ac3bc9016f196d01,c7dd31b14d0b1da886b99ea6b8d68750100cf4f49c3adae6aad5bf6589008309,2023-12-16T00:00:00Z,2023-12-16T00:15:00Z,2023-12-16T00:17:00Z,validation,long_signal,0,1225.27204548952,0,61.263602274476,no_action_disarmed,,
intent_cc0afa6fdc106a19d462b9bb,42b1568bc2bff97aaf659e112bdad2ea76b0659d519082318c8aa92d6e06852e,2023-12-17T00:00:00Z,2023-12-17T00:15:00Z,2023-12-17T00:17:00Z,validation,long_signal,0,1225.27204548952,0,61.263602274476,no_action_disarmed,,
intent_f013e8d8fe27a73dc1967492,48b9bf792894351a053e14e3731ebd40418f0343c1c2bcdadd8253dc7a21c102,2023-12-18T00:00:00Z,2023-12-18T00:15:00Z,2023-12-18T00:16:00Z,validation,long_signal,0,1225.27204548952,0,61.263602274476,no_action_disarmed,,
intent_4cc77abdc8721637a050547c,b155cdc01c2dcfb1cc15f12f4de5518b6aec89e426650326ad59cb28f69e2080,2023-12-19T00:00:00Z,2023-12-19T00:15:00Z,2023-12-19T00:16:00Z,validation,long_signal,0,1225.27204548952,0,61.263602274476,no_action_disarmed,,
intent_911ac6fb7b52d789cfaf6d3c,f1a1ba940018c205a19ccdc0f3beb52316ae682cece66109277087357f0bbcd7,2023-12-20T00:00:00Z,2023-12-20T00:15:00Z,2023-12-20T00:18:00Z,validation,long_signal,0,1225.27204548952,0,61.263602274476,no_action_disarmed,,
intent_20bebe70086f3fc4798720ba,c4122c5d2ccca2702711c296dc226fdd64c4d5706d92e570ac6ef6798c887b15,2023-12-21T00:00:00Z,2023-12-21T00:15:00Z,2023-12-21T00:16:00Z,validation,long_signal,0,1225.27204548952,0,61.263602274476,no_action_disarmed,,
intent_5c1c1e761f9ab7983f3a64c6,0ec9d399d8383255ea9af8a0bd9d6d12dd835e0f857e8ef94dba42f726cdf7df,2023-12-22T00:00:00Z,2023-12-22T00:15:00Z,2023-12-22T00:15:00Z,validation,long_signal,0,1225.27204548952,0,61.263602274476,no_fill_reference_unavailable,,
intent_29f724e04b72cae5cf683720,ae539164ee1a3d6b3fce83949258316490bb250534fc41d74c5eebbff7f062b0,2023-12-23T00:00:00Z,2023-12-23T00:15:00Z,2023-12-23T00:16:00Z,validation,long_signal,0,1225.27204548952,0,61.263602274476,no_action_disarmed,,
intent_5689048fa3da5b064a21ccc4,3fe6b022babcae628948a9f2692599eec682749d47ab5a55e581c18165781c64,2023-12-24T00:00:00Z,2023-12-24T00:15:00Z,2023-12-24T00:16:00Z,validation,long_signal,0,1225.27204548952,0,61.263602274476,no_action_disarmed,,
intent_bba7d984c5090ad1a5d73de4,40ca84bb93ec0952d585f04ad05649422f0a8bc2be107237b3cbd4e3b4e050b3,2023-12-25T00:00:00Z,2023-12-25T00:15:00Z,2023-12-25T00:17:00Z,validation,long_signal,0,1225.27204548952,0,61.263602274476,no_action_disarmed,,
intent_b4a366ca109259869033018a,6627eb472668c9c3356ff8777f1c9876436737d864b06ed312066882143ef871,2023-12-26T00:00:00Z,2023-12-26T00:15:00Z,2023-12-26T00:16:00Z,validation,long_signal,0,1225.27204548952,0,61.263602274476,no_action_disarmed,,
intent_fb16004b48cadb90dacddc10,c48612921623ab3521d66dcb97b01f122f1d8a8b280606a4c1f57fb015ae610f,2023-12-27T00:00:00Z,2023-12-27T00:15:00Z,2023-12-27T00:16:00Z,validation,long_signal,0,1225.27204548952,0,61.263602274476,no_action_disarmed,,
intent_1b96ff3c009325204943d80b,7f837ff0c7ae89d990b8bb8d9a488161b75ef3b91507a1b75b497c9390d6d4fe,2023-12-28T00:00:00Z,2023-12-28T00:15:00Z,2023-12-28T00:18:00Z,validation,long_signal,0,1225.27204548952,0,61.263602274476,no_action_disarmed,,
intent_ecf5cd21378397a286d08964,d2767990d3280ba39aaf17a8404a74e5b3ab1c6bafa5019b9379e12c48dd29ed,2023-12-29T00:00:00Z,2023-12-29T00:15:00Z,2023-12-29T00:18:00Z,validation,long_signal,0,1225.27204548952,0,61.263602274476,no_action_disarmed,,
intent_9b006fc1e3d7690881a931c0,2c8e126954624ff7b7269e6e3020ab60d067cdc3db75dcb62afcbb3450b4d62c,2023-12-30T00:00:00Z,2023-12-30T00:15:00Z,2023-12-30T00:16:00Z,validation,long_signal,0,1225.27204548952,0,61.263602274476,no_action_disarmed,,
intent_a9a0b013cfff785b8fd0428d,ffeedfe3ad9ff225d119261c7b1f63e9a3f3b96c0ab63b4c5d701f962e669394,2023-12-31T00:00:00Z,2023-12-31T00:15:00Z,2023-12-31T00:16:00Z,validation,long_signal,0,1225.27204548952,0,61.263602274476,no_action_disarmed,,
intent_cd3931b691af2ccbd83ab36a,418d5ac09acf81f2f9a47ba227e561c03d75e907e30e93ddba7879d2d10e4f9f,2024-01-01T00:00:00Z,2024-01-01T00:15:00Z,2024-01-01T00:18:00Z,validation,long_signal,0,1225.27204548952,0,61.263602274476,no_action_disarmed,,
intent_aafa16189be07c08a3f7093f,facd68fb5e7de8eb081af5981607b998a7a54bdb525739a6e9569869c3bed5b9,2024-01-02T00:00:00Z,2024-01-02T00:15:00Z,2024-01-02T00:16:00Z,validation,long_signal,0,1225.27204548952,0,61.263602274476,no_action_disarmed,,
intent_36e0855ff8e630f2850dd148,a0d62b39d69b7bbf8113a2730e2acd47567f3b2cc092de149c1cb43d90566abe,2024-01-03T00:00:00Z,2024-01-03T00:15:00Z,2024-01-03T00:18:00Z,validation,long_signal,0,1225.27204548952,0,61.263602274476,no_action_disarmed,,
intent_9f8cb8f662f642f908ab32e1,757682133e01b9ba387dcb6013aa90ba6764006cdeec0641721677e17760626e,2024-01-04T00:00:00Z,2024-01-04T00:15:00Z,2024-01-04T00:16:00Z,validation,long_signal,0,1225.27204548952,0,61.263602274476,no_action_disarmed,,
intent_3fbb9f77e0a2fd21d41bae0e,0673bb0d02a485febc4b6341a9eafbd44868dd05cfa8489d5fa1b0318b79fe97,2024-01-05T00:00:00Z,2024-01-05T00:15:00Z,2024-01-05T00:16:00Z,validation,long_signal,0,1225.27204548952,0,61.263602274476,no_action_disarmed,,
intent_713dc9e3d1ecf86132f9f106,2ddca8df8e7c50e8c7972df974ed5a8413701a71349ee9713e5740effce94fb6,2024-01-06T00:00:00Z,2024-01-06T00:15:00Z,2024-01-06T00:18:00Z,validation,long_signal,0,1225.27204548952,0,61.263602274476,no_action_disarmed,,
intent_0291c76ecb568c67428362df,c75769878d4005d1a760fecd4c47817e7548c4415d4406c4ccd68ee35341569e,2024-01-07T00:00:00Z,2024-01-07T00:15:00Z,2024-01-07T00:18:00Z,validation,long_signal,0,1225.27204548952,0,61.263602274476,no_action_disarmed,,
intent_d534d0a423ccf8ca7f897962,bd16d8174470db31003310f84dc4972f52e7bc8bb6f2736590be301f3ae9a742,2024-01-08T00:00:00Z,2024-01-08T00:15:00Z,2024-01-08T00:16:00Z,validation,long_signal,0,1225.27204548952,0,61.263602274476,no_action_disarmed,,
intent_10b96edb7596850c42df0457,f8400990098e0eb1f136fb8fcf24c40daa7f75808f4a178b0bab83413b121c9b,2024-01-09T00:00:00Z,2024-01-09T00:15:00Z,2024-01-09T00:16:00Z,validation,long_signal,0,1225.27204548952,0,61.263602274476,no_action_disarmed,,
intent_a0c54bc2c779d4d98670eb7f,46596d1c10ff3bcfd9556f675ac29b786d0e23837d4b50cfc7359f1f6b64f36c,2024-01-10T00:00:00Z,2024-01-10T00:15:00Z,2024-01-10T00:17:00Z,validation,long_signal,0,1225.27204548952,0,61.263602274476,no_action_disarmed,,
intent_adb4f117e09c3f6043d60b94,6823c4cefd2f9e078ca4e8934c8f73e114520d688a8cd80215ba45c7666371ce,2024-01-11T00:00:00Z,2024-01-11T00:15:00Z,2024-01-11T00:17:00Z,validation,long_signal,0,1225.27204548952,0,61.263602274476,no_action_disarmed,,
intent_070d404a3684cbcef23c849b,d5f357ee91ca0934bbdd4e4fe89ccb0eb6acf6217069da1b174d17998994365e,2024-01-12T00:00:00Z,2024-01-12T00:15:00Z,2024-01-12T00:16:00Z,validation,long_signal,0,1225.27204548952,0,61.263602274476,no_action_disarmed,,
intent_682f81af1c9ee939f0dd2a1f,c957fdf713ff593c85163f2de2abd26a465b21a587a5532445d42422b2f96fcb,2024-01-13T00:00:00Z,2024-01-13T00:15:00Z,2024-01-13T00:16:00Z,validation,long_signal,0,1225.27204548952,0,61.263602274476,no_action_disarmed,,
intent_c7125993bb646aea53279471,10455def2f38857db31a17e102d88cf948832297cc5f46e994c50d1bd319e107,2024-01-14T00:00:00Z,2024-01-14T00:15:00Z,2024-01-14T00:18:00Z,validation,long_signal,0,1225.27204548952,0,61.263602274476,no_action_disarmed,,
intent_d478241ba0d231b243e8278f,028073d7f0f17afe56c654a7083aeeea1a14b550f19008305d7e8c45eedb918c,2024-01-15T00:00:00Z,2024-01-15T00:15:00Z,2024-01-15T00:16:00Z,validation,long_signal,0,1225.27204548952,0,61.263602274476,no_action_disarmed,,
intent_2d097f10e93dd087b34c2431,d94e4c8611ea08bd6e4d440ad184e86f0fe29e02a655e4c46cb8985960a1f84f,2024-01-16T00:00:00Z,2024-01-16T00:15:00Z,2024-01-16T00:18:00Z,validation,long_signal,0,1225.27204548952,0,61.263602274476,no_action_disarmed,,
intent_3f8af4b293bcbb86a39821c0,2eb7447b99b86b0a2e67d5a0c1719877ca4447539eb4d4b13fe8a088c92f1466,2024-01-17T00:00:00Z,2024-01-17T00:15:00Z,2024-01-17T00:18:00Z,validation,long_signal,0,1225.27204548952,0,61.263602274476,no_action_disarmed,,
intent_2fb349f2afc80875c22b017a,76cf82856a86778d9a7e6a5eb896269c73fc367db521f0f092e937cd70865a4a,2024-01-18T00:00:00Z,2024-01-18T00:15:00Z,2024-01-18T00:16:00Z,validation,long_signal,0,1225.27204548952,0,61.263602274476,no_action_disarmed,,
intent_7d7afa01bff88c32812b94a6,0a54d2896a730290445474dbed9ba729423a08ac49b91b42553a98ce22762a12,2024-01-19T00:00:00Z,2024-01-19T00:15:00Z,2024-01-19T00:16:00Z,validation,long_signal,0,1225.27204548952,0,61.263602274476,no_action_disarmed,,
intent_b74437ad19fde247ca638dba,14da6b552074b2b08c6169a37debfef58862a72a8e4da98350d996f15d6dab53,2024-01-20T00:00:00Z,2024-01-20T00:15:00Z,2024-01-20T00:17:00Z,validation,long_signal,0,1225.27204548952,0,61.263602274476,no_action_disarmed,,
intent_18045e95c5c285aa548a5047,97fd269f9332b5a974bd531b050ee2b79ff210382e6b35ff0838a9808faecc8f,2024-01-21T00:00:00Z,2024-01-21T00:15:00Z,2024-01-21T00:18:00Z,validation,long_signal,0,1225.27204548952,0,61.263602274476,no_action_disarmed,,
intent_6c995926fcfd23e696f2e6c6,0ac55bc6b93fe411a1b367a0139d7c23601398a3f3621b911e36c01ad8623363,2024-01-22T00:00:00Z,2024-01-22T00:15:00Z,2024-01-22T00:17:00Z,validation,long_signal,0,1225.27204548952,0,61.263602274476,no_action_disarmed,,
intent_18e76d45a4968344bf6c9eab,199c8c60a2716a8d2918c9357e21838f71258c760650baff35b2ab040302ef6b,2024-01-23T00:00:00Z,2024-01-23T00:15:00Z,2024-01-23T00:16:00Z,validation,long_signal,0,1225.27204548952,0,61.263602274476,no_action_disarmed,,
intent_de9c6a0f46cf67c05a3f1f49,13a99e9dd2fa1db645d841891af6425b41a71ec9fa683780e7a5b2e58deffa5a,2024-01-24T00:00:00Z,2024-01-24T00:15:00Z,2024-01-24T00:16:00Z,validation,long_signal,0,1225.27204548952,0,61.263602274476,no_action_disarmed,,
intent_fdf6d2785b3cc764eb068c29,88decb4011193389b814d43b3929c4c3ea94861151cf10b966ca789034ee0360,2024-01-25T00:00:00Z,2024-01-25T00:15:00Z,2024-01-25T00:18:00Z,validation,long_signal,0,1225.27204548952,0,61.263602274476,no_action_disarmed,,
intent_35ddeb4cf39f77ad04638c42,fe952647c7b929430cce0d0b0e254d6ff1c3d9baeac35a119be3ac041237daea,2024-01-26T00:00:00Z,2024-01-26T00:15:00Z,2024-01-26T00:18:00Z,validation,long_signal,0,1225.27204548952,0,61.263602274476,no_action_disarmed,,
intent_9ad201d170c8fac59990b858,bcd59ea75b9a0490abff1b6951e79b28463c438859f3c5fc016ae1cbffcde577,2024-01-27T00:00:00Z,2024-01-27T00:15:00Z,2024-01-27T00:16:00Z,validation,long_signal,0,1225.27204548952,0,61.263602274476,no_action_disarmed,,
intent_67acf6a0d14a1c9e93af2c0c,ca820da18a4fc7374649d5484b945293a4d0e4fbbfca1c5a636d82cc97dc0620,2024-01-28T00:00:00Z,2024-01-28T00:15:00Z,2024-01-28T00:16:00Z,validation,long_signal,0,1225.27204548952,0,61.263602274476,no_action_disarmed,,
intent_01e8f9ea8848e24feceb48b6,848c34c89c39dadb472232a801de9378c020423f77413f996df14ba433393531,2024-01-29T00:00:00Z,2024-01-29T00:15:00Z,2024-01-29T00:17:00Z,validation,long_signal,0,1225.27204548952,0,61.263602274476,no_action_disarmed,,
intent_f825772c04eb0a84bda11bef,4e3711ab6d42ad63ed8d0efe162c4c0a96a4edb3c15361cae40de27bc65aa01f,2024-01-30T00:00:00Z,2024-01-30T00:15:00Z,2024-01-30T00:18:00Z,validation,long_signal,0,1225.27204548952,0,61.263602274476,no_action_disarmed,,
intent_5ea1f7690e9de2640f01217b,5a949254adf881d932e0c384179a932ce07c1cefc9c7e760e815396e6a33b8d5,2024-01-31T00:00:00Z,2024-01-31T00:15:00Z,2024-01-31T00:17:00Z,validation,long_signal,0,1225.27204548952,0,61.263602274476,no_action_disarmed,,
intent_ad4bb8b4274bcf6dfb81e53c,17835fcab1aa96b4dc59703e84c14761a0c815e08b6128bbf4b19e0850319e1a,2024-02-01T00:00:00Z,2024-02-01T00:15:00Z,2024-02-01T00:18:00Z,validation,long_signal,0,1225.27204548952,0,61.263602274476,no_action_disarmed,,
intent_ae8e47e6ba4c46f6d9a1bcc2,66170a8f59a64e72dbcf21b788796adc5e60ccd834aa4af80fac8e6ad5b68f77,2024-02-02T00:00:00Z,2024-02-02T00:15:00Z,2024-02-02T00:16:00Z,validation,long_signal,0,1225.27204548952,0,61.263602274476,no_action_disarmed,,
intent_eddf5a455f3bd22784343232,7357effbbf5f38ce0a3f64f63c235f3816a02b966ce31874b6eb8f4526235b89,2024-02-03T00:00:00Z,2024-02-03T00:15:00Z,2024-02-03T00:17:00Z,validation,long_signal,0,1225.27204548952,0,61.263602274476,no_action_disarmed,,
intent_0e0d6ed49a9bd2e3d31244a9,f5472dc03667a3e5d598456b5f81ef74aebec52fc3219e1724b7be688f553ce6,2024-02-04T00:00:00Z,2024-02-04T00:15:00Z,2024-02-04T00:18:00Z,validation,long_signal,0,1225.27204548952,0,61.263602274476,no_action_disarmed,,
intent_8bfbbf348b74dc4e965d6249,de918d36e0e264c201c5fdaf6e7edc5c816f8ba26c667644254cbc896d859635,2024-02-05T00:00:00Z,2024-02-05T00:15:00Z,2024-02-05T00:16:00Z,validation,long_signal,0,1225.27204548952,0,61.263602274476,no_action_disarmed,,
intent_e4f18594cd5edcd650b7f429,0e0e09df6041674400198b3f992b05b33a8242893f825ad2bdce160504f97b17,2024-02-06T00:00:00Z,2024-02-06T00:15:00Z,2024-02-06T00:16:00Z,validation,long_signal,0,1225.27204548952,0,61.263602274476,no_action_disarmed,,
intent_3898115790c3ef6b52eb802a,7db5e09b09c3cbdb18b7453f73132e51a84a50e2a02c15632a64300d67e9a45d,2024-02-07T00:00:00Z,2024-02-07T00:15:00Z,2024-02-07T00:17:00Z,validation,long_signal,0,1225.27204548952,0,61.263602274476,no_action_disarmed,,
intent_ca802e3724af044f1640b6d4,08a4262fe7a6ca9f6b893a4ecc1f56f673f889f194c8ac49d5ea5612a035539b,2024-02-08T00:00:00Z,2024-02-08T00:15:00Z,2024-02-08T00:16:00Z,validation,long_signal,0,1225.27204548952,0,61.263602274476,no_action_disarmed,,
intent_db69321ffb32101fe79ae59e,863ec03ea4dfd46ae178c287c86d39ff33ffcc654573194989f1ad7851e3a84a,2024-02-09T00:00:00Z,2024-02-09T00:15:00Z,2024-02-09T00:16:00Z,validation,long_signal,0,1225.27204548952,0,61.263602274476,no_action_disarmed,,
intent_d51d8a4841a67d164afab1f6,d94c6074662be841591b54718a3ae5b87896c40971c3d04c5e979998a360b331,2024-02-10T00:00:00Z,2024-02-10T00:15:00Z,2024-02-10T00:16:00Z,validation,long_signal,0,1225.27204548952,0,61.263602274476,no_action_disarmed,,
intent_e5c72f38f5a098ddf09e1c82,d6084d7a3b5a5d344dea87aff13e333bfc3d1529e76b1d209fddf73d0e290518,2024-02-11T00:00:00Z,2024-02-11T00:15:00Z,2024-02-11T00:18:00Z,validation,long_signal,0,1225.27204548952,0,61.263602274476,no_action_disarmed,,
intent_45e374398b05ed3c0c120489,96843d2055d50efa852cabd2b8b1a9f2bbbe93daf64f82aadbc1fedae8d43ef6,2024-02-12T00:00:00Z,2024-02-12T00:15:00Z,2024-02-12T00:16:00Z,validation,long_signal,0,1225.27204548952,0,61.263602274476,no_action_disarmed,,
intent_02ebe1a5f9d57e09de0e996c,d52b0c37f0ceef45f339c390ed541b8b45c5982f7524099c77aef3988a610cbd,2024-02-13T00:00:00Z,2024-02-13T00:15:00Z,2024-02-13T00:17:00Z,validation,long_signal,0,1225.27204548952,0,61.263602274476,no_action_disarmed,,
intent_6b70bbd5413987e130fdc6a5,2f47a2d71c4945c65b64721385a3cb9e23817a9d4f26ab8964de0c0463823912,2024-02-14T00:00:00Z,2024-02-14T00:15:00Z,2024-02-14T00:16:00Z,validation,long_signal,0,1225.27204548952,0,61.263602274476,no_action_disarmed,,
intent_aed643f27d331868851c66e4,3c0b8eeb87d7c5c7beb7c20fbcf85aa0f6b8d0c5f8503a994aff2be286ac1098,2024-02-15T00:00:00Z,2024-02-15T00:15:00Z,2024-02-15T00:17:00Z,validation,long_signal,0,1225.27204548952,0,61.263602274476,no_action_disarmed,,
intent_b21999597c6795fa880269a3,cacda17c05aa77e83c3f8d3a7d9d6d3f3b445196e18844112d59d001e906a42e,2024-02-16T00:00:00Z,2024-02-16T00:15:00Z,2024-02-16T00:16:00Z,validation,long_signal,0,1225.27204548952,0,61.263602274476,no_action_disarmed,,
intent_bc5fb727f42ac9dfabe9998c,030fa4d42d0fe1ed06aece0bf19249c1549dbff8f0d23102cd3d92d536d274e5,2024-02-17T00:00:00Z,2024-02-17T00:15:00Z,2024-02-17T00:16:00Z,validation,long_signal,0,1225.27204548952,0,61.263602274476,no_action_disarmed,,
intent_8d203eced32e95148ea6a09e,cec82d492a4df00a5c246da0a65d3429c7d3f109da434ac34ef9e81041619a83,2024-02-18T00:00:00Z,2024-02-18T00:15:00Z,2024-02-18T00:18:00Z,validation,long_signal,0,1225.27204548952,0,61.263602274476,no_action_disarmed,,
intent_d065aef045dc82971eea63a3,f382bc950dbdb28100c47c9817ea9545465f645c16c17eb33a2fc0520d466aff,2024-02-19T00:00:00Z,2024-02-19T00:15:00Z,2024-02-19T00:16:00Z,validation,long_signal,0,1225.27204548952,0,61.263602274476,no_action_disarmed,,
intent_300fcf1ea9492214a3e2b0e5,ae88faf32e7dd7e8bae6ff2ebf8c94f640032dde53e2d17ab643d26d635ae32d,2024-02-20T00:00:00Z,2024-02-20T00:15:00Z,2024-02-20T00:17:00Z,validation,long_signal,0,1225.27204548952,0,61.263602274476,no_action_disarmed,,
intent_e88229e0005fca0c6b53bd99,e920036424746a287020e46821e24f1a34708fa433283af87dfcdc01ca044bef,2024-02-21T00:00:00Z,2024-02-21T00:15:00Z,2024-02-21T00:16:00Z,validation,long_signal,0,1225.27204548952,0,61.263602274476,no_action_disarmed,,
intent_7e7899765c2df5146303fe36,3ceb7bd3380d17fa52b91508d70c03bd6311d0867b0ce8260b9ce03c6b4fac96,2024-02-22T00:00:00Z,2024-02-22T00:15:00Z,2024-02-22T00:18:00Z,validation,long_signal,0,1225.27204548952,0,61.263602274476,no_action_disarmed,,
intent_aac85b881542b541e26fecf1,2e14de43822bed495c0fa91dcfc37cd327819fef09aa6486ff37c5e4d15d246a,2024-02-23T00:00:00Z,2024-02-23T00:15:00Z,2024-02-23T00:18:00Z,validation,long_signal,0,1225.27204548952,0,61.263602274476,no_action_disarmed,,
intent_9cee47d20b112334f8319a06,4485fc20fe7fcddc5f78bb7d866a94d2e8ea9cf79a67203eda15d8dc4dac4925,2024-02-24T00:00:00Z,2024-02-24T00:15:00Z,2024-02-24T00:16:00Z,validation,long_signal,0,1225.27204548952,0,61.263602274476,no_action_disarmed,,
intent_1ffe1eb8df1fed77fe912150,9f7c05e8e8e96415c0f6ec9732520163843c6b5479940581cbd61cf5af29c8b8,2024-02-25T00:00:00Z,2024-02-25T00:15:00Z,2024-02-25T00:17:00Z,validation,long_signal,0,1225.27204548952,0,61.263602274476,no_action_disarmed,,
intent_2092fec920571e19605fcaa5,e11026cf85100502f231ed29b0f7eb977ff8d4796a43e6744ca85ec35cb01267,2024-02-26T00:00:00Z,2024-02-26T00:15:00Z,2024-02-26T00:18:00Z,validation,long_signal,0,1225.27204548952,0,61.263602274476,no_action_disarmed,,
intent_37af3497511ea3693f76bce6,db291ae054516a255d715931026a4f4597b6cbbe1fb740f43a91c07ec1dcfa03,2024-02-27T00:00:00Z,2024-02-27T00:15:00Z,2024-02-27T00:16:00Z,validation,long_signal,0,1225.27204548952,0,61.263602274476,no_action_disarmed,,
intent_8529025268453b50784a3f89,2ff2892240ea9790aa2aa96023de01433c2efd807e4f89173f22de905084426b,2024-02-28T00:00:00Z,2024-02-28T00:15:00Z,2024-02-28T00:16:00Z,validation,long_signal,0,1225.27204548952,0,61.263602274476,no_action_disarmed,,
intent_d3fa3d9b81f421c3ec272ae9,073580f8d78c25128af6b24eb362802c92bcb2cc5ed64621790bb32d8fb0f8ec,2024-02-29T00:00:00Z,2024-02-29T00:15:00Z,2024-02-29T00:16:00Z,validation,long_signal,0,1225.27204548952,0,61.263602274476,no_action_disarmed,,
intent_e75cf189104a03272f378760,2b605a3de028302811954c90b069a33078c9073f7552d449da07f00b9eb8a37a,2024-03-01T00:00:00Z,2024-03-01T00:15:00Z,2024-03-01T00:17:00Z,validation,long_signal,0,1225.27204548952,0,61.263602274476,no_action_disarmed,,
intent_22e0df2d83bd1494692db818,bd5105fa24635ac146b4fb2789abb82470affc6fba86c695d7921caf9b01526e,2024-03-02T00:00:00Z,2024-03-02T00:15:00Z,2024-03-02T00:16:00Z,validation,long_signal,0,1225.27204548952,0,61.263602274476,no_action_disarmed,,
intent_8738165d4e5263a327e220a4,b7734a3d9bc4a120c8d0e79d9081ba20c8715b9afd8ccff8c9ccee01a7da0acc,2024-03-03T00:00:00Z,2024-03-03T00:15:00Z,2024-03-03T00:17:00Z,validation,long_signal,0,1225.27204548952,0,61.263602274476,no_action_disarmed,,
intent_40e4143f8c038f1dd66c77bd,beb5fa00209a80d68843087e892ec3861ae1925e842040e9780a478361fad403,2024-03-04T00:00:00Z,2024-03-04T00:15:00Z,2024-03-04T00:16:00Z,validation,long_signal,0,1225.27204548952,0,61.263602274476,no_action_disarmed,,
intent_890c00766bb905b2ae434f6b,f51745adb079a343c0e58ec95f656994295115d91379a4942ed59c566d1b132d,2024-03-05T00:00:00Z,2024-03-05T00:15:00Z,2024-03-05T00:17:00Z,validation,long_signal,0,1225.27204548952,0,61.263602274476,no_action_disarmed,,
intent_aecfd88998abafc3bde7aee8,e401b744c0fbe39dc93c9b2c3813f7d06ce72c09194a43589cdae3ec51b0d1bb,2024-03-06T00:00:00Z,2024-03-06T00:15:00Z,2024-03-06T00:16:00Z,validation,long_signal,0,1225.27204548952,0,61.263602274476,no_action_disarmed,,
intent_278043f1fc37466812a2ec90,46bc14271995a5ae7f3d63b04042a46053c01897cb4e655be9c9ab458d1ab379,2024-03-07T00:00:00Z,2024-03-07T00:15:00Z,2024-03-07T00:16:00Z,validation,long_signal,0,1225.27204548952,0,61.263602274476,no_action_disarmed,,
intent_767699e0e494d468a0c11b5e,26b77ff01d1f714f25da5189cd4c55a9cda12a1a44eda1fbb89ddb1b22a57519,2024-03-08T00:00:00Z,2024-03-08T00:15:00Z,2024-03-08T00:18:00Z,validation,long_signal,0,1225.27204548952,0,61.263602274476,no_action_disarmed,,
intent_42740229dba0af5664ff27d7,cd4ad4e37f8496dd3284a9539437b7172b555bf9274bcef5339a83574a92e32e,2024-03-09T00:00:00Z,2024-03-09T00:15:00Z,2024-03-09T00:18:00Z,validation,long_signal,0,1225.27204548952,0,61.263602274476,no_action_disarmed,,
intent_55f0ac075973f4fa87ad6dcb,d996a63ff11c3979dc9021b707d6176da0b26ff63f4b8c9517f04c21852e96db,2024-03-10T00:00:00Z,2024-03-10T00:15:00Z,2024-03-10T00:18:00Z,validation,long_signal,0,1225.27204548952,0,61.263602274476,no_action_disarmed,,
intent_a12b5d5bae8a731ea20832b1,855b76f8f08b4b429d6c50779fe8d478be2e7c540f0d6fccd502b500424fd67a,2024-03-11T00:00:00Z,2024-03-11T00:15:00Z,2024-03-11T00:16:00Z,validation,long_signal,0,1225.27204548952,0,61.263602274476,no_action_disarmed,,
intent_d153417f215d278d115958c5,b29a8f4e2cf12d0b239dc3da7dbcbce36b35bb873a9a36213f82c7e97c507c51,2024-03-12T00:00:00Z,2024-03-12T00:15:00Z,2024-03-12T00:16:00Z,validation,long_signal,0,1225.27204548952,0,61.263602274476,no_action_disarmed,,
intent_196b5ab8ac031974be62f854,25255ec04254e961d939d03a5d1a2b1937b22f65d83b8e8e10b0c737558eda06,2024-03-13T00:00:00Z,2024-03-13T00:15:00Z,2024-03-13T00:18:00Z,validation,long_signal,0,1225.27204548952,0,61.263602274476,no_action_disarmed,,
intent_e9f5397d5e3415345304f935,df9d42d51ddd75d4bb3a55cf642ab31649272d8689b737ba0809247a973ed8f0,2024-03-14T00:00:00Z,2024-03-14T00:15:00Z,2024-03-14T00:17:00Z,validation,long_signal,0,1225.27204548952,0,61.263602274476,no_action_disarmed,,
intent_7c39c8283b60ae9790a121c4,6626eb31560885cdf6ddf5c3f49560f2839050e391245760e9b48db08e01fda4,2024-03-15T00:00:00Z,2024-03-15T00:15:00Z,2024-03-15T00:17:00Z,validation,long_signal,0,1225.27204548952,0,61.263602274476,no_action_disarmed,,
intent_3ba6e14e1384405d046a3698,12b4a4b0c1e35b7db6d54d3b89afcf5d7b144aa21b3c2af31951ddb42204135e,2024-03-16T00:00:00Z,2024-03-16T00:15:00Z,2024-03-16T00:17:00Z,validation,long_signal,0,1225.27204548952,0,61.263602274476,no_action_disarmed,,
intent_cd00347cc9802682578f8f76,462c5c2f1806afebe14d457658c3f6ad444e3157f44c3c0d9f426321653a2290,2024-03-17T00:00:00Z,2024-03-17T00:15:00Z,2024-03-17T00:18:00Z,validation,long_signal,0,1225.27204548952,0,61.263602274476,no_action_disarmed,,
intent_d0bc209b9dc222cf105e5a40,776279689a9bd7a10c1a476d7739ef62e195acb0547ed411d76ae37cfcc3ca80,2024-03-18T00:00:00Z,2024-03-18T00:15:00Z,2024-03-18T00:16:00Z,validation,long_signal,0,1225.27204548952,0,61.263602274476,no_action_disarmed,,
intent_c14a1de59f7a1010fda882d5,cf10fd258f718d81d68a7ba2010907e8dd77ac5df8c383169910483b34609fda,2024-03-19T00:00:00Z,2024-03-19T00:15:00Z,2024-03-19T00:16:00Z,validation,long_signal,0,1225.27204548952,0,61.263602274476,no_action_disarmed,,
intent_14d0422ba73ddb7b04e25eb8,9aba830e0e88e881e29a2f01b5cd7ab6c30aabe10246f77f0567ad5d0c544de8,2024-03-20T00:00:00Z,2024-03-20T00:15:00Z,2024-03-20T00:16:00Z,validation,long_signal,0,1225.27204548952,0,61.263602274476,no_action_disarmed,,
intent_4c4ca761420d47c902582908,6a5f7b257f230052c1f3901c55083b53e7a4eff8186c15cf24d9acca596a6a2c,2024-03-21T00:00:00Z,2024-03-21T00:15:00Z,2024-03-21T00:17:00Z,validation,long_signal,0,1225.27204548952,0,61.263602274476,no_action_disarmed,,
intent_bf37ce4c5c4ed0a8d895fb65,cf58874244de5485f88993aae8fd703c3cc3e69a8269dad1ed30155ed7d4c405,2024-03-22T00:00:00Z,2024-03-22T00:15:00Z,2024-03-22T00:18:00Z,validation,long_signal,0,1225.27204548952,0,61.263602274476,no_action_disarmed,,
intent_6668ea75007f614a5a151170,1f793ec10acb8a849ecbe176db331ad05910aadf06bae8bdd5e904b5ffa2f83a,2024-03-23T00:00:00Z,2024-03-23T00:15:00Z,2024-03-23T00:17:00Z,validation,long_signal,0,1225.27204548952,0,61.263602274476,no_action_disarmed,,
intent_a86859dd0ca6f2c484fbb616,a7a9e068612e1c5351854ff2c8820eb6bd505cc027d3fecd5c44d4e19e8ebc86,2024-03-24T00:00:00Z,2024-03-24T00:15:00Z,2024-03-24T00:16:00Z,validation,long_signal,0,1225.27204548952,0,61.263602274476,no_action_disarmed,,
intent_dad0401e1d9c685b2d4da0a0,a0feb9c8c14517c26baf8a0efc41d06ea2aad5ef24d6f24eccd6134d5fda7363,2024-03-25T00:00:00Z,2024-03-25T00:15:00Z,2024-03-25T00:16:00Z,validation,long_signal,0,1225.27204548952,0,61.263602274476,no_action_disarmed,,
intent_5dee773980d07a104b97a8e9,e3723f16fc06afe31ef313a8261574776b9ebf1da7ce417d53b1d725f522e365,2024-03-26T00:00:00Z,2024-03-26T00:15:00Z,2024-03-26T00:16:00Z,validation,long_signal,0,1225.27204548952,0,61.263602274476,no_action_disarmed,,
intent_3c3274ab2c748df91cb84fb9,8c5d3ffe00ceda6f9f53e017cb3e3ed0b42988dbc7e71d67f3143a1d222b4f57,2024-03-27T00:00:00Z,2024-03-27T00:15:00Z,2024-03-27T00:18:00Z,validation,long_signal,0,1225.27204548952,0,61.263602274476,no_action_disarmed,,
intent_2ce1e6071cf9fc033a2c77f7,63eb5196295402f418afefe30db27ed6c96bc248d299b5df961e23c148233f12,2024-03-28T00:00:00Z,2024-03-28T00:15:00Z,2024-03-28T00:16:00Z,validation,long_signal,0,1225.27204548952,0,61.263602274476,no_action_disarmed,,
intent_a07beafbcd8876c37eccd2df,797a2ebbe33442cd3ed395216cf696143cb33e61ef60e783bb4db5e7bf30be6a,2024-03-29T00:00:00Z,2024-03-29T00:15:00Z,2024-03-29T00:16:00Z,validation,long_signal,0,1225.27204548952,0,61.263602274476,no_action_disarmed,,
intent_e49ee001def6d548376b85a2,1aaea42906b0360ffd135887c1c276889e0229f9826584068a4d840277d85a55,2024-03-30T00:00:00Z,2024-03-30T00:15:00Z,2024-03-30T00:18:00Z,validation,long_signal,0,1225.27204548952,0,61.263602274476,no_action_disarmed,,
intent_662391ea2d4ca50ef4f98df5,1f901cb1dec286c5a4142a214e72cb5a3077d409d548e5ac254640b8aae7156b,2024-03-31T00:00:00Z,2024-03-31T00:15:00Z,2024-03-31T00:17:00Z,validation,long_signal,0,1225.27204548952,0,61.263602274476,no_action_disarmed,,
intent_b1e149fb6f8aafef25780f62,fd3f6c15bd243cb217ee4f83e4bcc4bada103a9106d5235f6a5cd04db834b0e7,2024-04-01T00:00:00Z,2024-04-01T00:15:00Z,2024-04-01T00:16:00Z,validation,long_signal,0,1225.27204548952,0,61.263602274476,no_action_disarmed,,
intent_252f8f4d127c08e3e41b627c,dce05d924378f93c9dce40aae7784eff2fae274831bea690af88ab1b90e1b121,2024-04-02T00:00:00Z,2024-04-02T00:15:00Z,2024-04-02T00:17:00Z,validation,long_signal,0,1225.27204548952,0,61.263602274476,no_action_disarmed,,
intent_10399a11e343a1d0ed0d43fd,f7422eea96ae40d9a0545dc36e714d445cc1314d5d957bfba38291247b6d2155,2024-04-03T00:00:00Z,2024-04-03T00:15:00Z,2024-04-03T00:16:00Z,validation,long_signal,0,1225.27204548952,0,61.263602274476,no_action_disarmed,,
intent_0cdad9b70271515f7a61b2c1,d3ca906679370e500e4afd80b6f1d7b1e32c8e0f2dd07fc91979f53596ef7ed7,2024-04-04T00:00:00Z,2024-04-04T00:15:00Z,2024-04-04T00:16:00Z,validation,long_signal,0,1225.27204548952,0,61.263602274476,no_action_disarmed,,
intent_29bc15e5802a5726837d137b,77e1e115055678cb2c3fa87b2e4dc7d6ff8312c2afa7855bd91769bbe5d17c4a,2024-04-05T00:00:00Z,2024-04-05T00:15:00Z,2024-04-05T00:16:00Z,validation,long_signal,0,1225.27204548952,0,61.263602274476,no_action_disarmed,,
intent_2a76075a65c7ca3d01c54741,ede6465cc6f4f94c8b7fa27ae73a60098d234d112a04519c383a0e8b741808d3,2024-04-06T00:00:00Z,2024-04-06T00:15:00Z,2024-04-06T00:17:00Z,validation,long_signal,0,1225.27204548952,0,61.263602274476,no_action_disarmed,,
intent_c9b20bb27aa6bb3294c49d05,627d7896eb10e4adb994d8c925311443ec9b94e7d44fd79162d601001c04b5e8,2024-04-07T00:00:00Z,2024-04-07T00:15:00Z,2024-04-07T00:16:00Z,validation,long_signal,0,1225.27204548952,0,61.263602274476,no_action_disarmed,,
intent_cf6b03052d90e6aba32b1305,a3d7240bb2d9f54ac674153db7642f653fecb6abc911ff381cdbe344d2776850,2024-04-08T00:00:00Z,2024-04-08T00:15:00Z,2024-04-08T00:18:00Z,validation,long_signal,0,1225.27204548952,0,61.263602274476,no_action_disarmed,,
intent_fca3c1156480c019fdebb7f5,2eb2bf8d1995a16162e37eec25aa2cc6dd9579181e6e889b130650ba66d8f58f,2024-04-09T00:00:00Z,2024-04-09T00:15:00Z,2024-04-09T00:18:00Z,validation,long_signal,0,1225.27204548952,0,61.263602274476,no_action_disarmed,,
intent_9949512b60d2c24efee6b549,476701a7b3f19e828734bfe5bbae87d4f5bcf3656a59f45bb6d7231a6df138fd,2024-04-10T00:00:00Z,2024-04-10T00:15:00Z,2024-04-10T00:17:00Z,validation,long_signal,0,1225.27204548952,0,61.263602274476,no_action_disarmed,,
intent_c90b142caf18f56dc9b3e20d,bbd7632a3909226f83220ae7421807c33238a631db431ebdceb79d392abfdbe8,2024-04-11T00:00:00Z,2024-04-11T00:15:00Z,2024-04-11T00:18:00Z,validation,long_signal,0,1225.27204548952,0,61.263602274476,no_action_disarmed,,
intent_faa19b806d4d13ebe5f363d2,59cf16f67758b9a1d658c693e7ddc16199002373c8ce531d026e2df2bc869b62,2024-04-12T00:00:00Z,2024-04-12T00:15:00Z,2024-04-12T00:16:00Z,validation,long_signal,0,1225.27204548952,0,61.263602274476,no_action_disarmed,,
intent_2b83a29e0633aba9b55c64b1,92613b78547592a8512a94f2dbb765cb55986c977659b00f4d1b0e7bcb0abbaa,2024-04-13T00:00:00Z,2024-04-13T00:15:00Z,2024-04-13T00:16:00Z,validation,long_signal,0,1225.27204548952,0,61.263602274476,no_action_disarmed,,
intent_be3f3cb3542cf6e06b3bebde,06c8d5d16c3a5ef975beec21c827b8a40e2a06527746accc04c3177ac47f618a,2024-04-14T00:00:00Z,2024-04-14T00:15:00Z,2024-04-14T00:16:00Z,validation,long_signal,0,1225.27204548952,0,61.263602274476,no_action_disarmed,,
intent_49de3e633d45b1848ea762d6,96810c1545a7d048723270828cb2ff722aea7aa3cd5f5744a2cde643fe7ce25b,2024-04-15T00:00:00Z,2024-04-15T00:15:00Z,2024-04-15T00:16:00Z,validation,long_signal,0,1225.27204548952,0,61.263602274476,no_action_disarmed,,
intent_833755bed31147dc167ccc39,463528ec2d87e540a74f16ba51f6921ad06190b43f0b13c85a05ea0abe10ebbc,2024-04-16T00:00:00Z,2024-04-16T00:15:00Z,2024-04-16T00:16:00Z,validation,long_signal,0,1225.27204548952,0,61.263602274476,no_action_disarmed,,
intent_7b499cd236745fada25122f4,00e1ddead0aafbd1e923bfae946a740b5b094cf1ccf1dd2afb9769115bf891a4,2024-04-17T00:00:00Z,2024-04-17T00:15:00Z,2024-04-17T00:16:00Z,validation,long_signal,0,1225.27204548952,0,61.263602274476,no_action_disarmed,,
intent_bae3b31a1ee997bb42fc9339,6e5a6b0ddb7e6d706d8108b7f8808b7f7779b37fb077a5dfb82f02040eab09ff,2024-04-18T00:00:00Z,2024-04-18T00:15:00Z,2024-04-18T00:18:00Z,validation,long_signal,0,1225.27204548952,0,61.263602274476,no_action_disarmed,,
intent_bdcd0cffb392fe95b0b49c9f,927371a698afca577c8e857a729bad1cc5719bf975601dbfdcdc977f70075139,2024-04-19T00:00:00Z,2024-04-19T00:15:00Z,2024-04-19T00:16:00Z,validation,long_signal,0,1225.27204548952,0,61.263602274476,no_action_disarmed,,
intent_f0db5fb128a5deea3a591f61,32658995196a6edf66a2688f6121222b8e111788f7e7acfb5322021835bf00a2,2024-04-20T00:00:00Z,2024-04-20T00:15:00Z,2024-04-20T00:17:00Z,validation,long_signal,0,1225.27204548952,0,61.263602274476,no_action_disarmed,,
intent_9bf5234bcc7c25bab26adb0f,69c413da50e97da62e1fd2cf08580bd089de5ef6fe8364f9a8f1fde41e28ee9c,2024-04-21T00:00:00Z,2024-04-21T00:15:00Z,2024-04-21T00:16:00Z,validation,long_signal,0,1225.27204548952,0,61.263602274476,no_action_disarmed,,
intent_bad1315fe75bb89ffd437eb5,09b5cdfb99e277f7286bd874333ca6ce002db0452a74e86f8728de9ab4bb655c,2024-04-22T00:00:00Z,2024-04-22T00:15:00Z,2024-04-22T00:17:00Z,validation,long_signal,0,1225.27204548952,0,61.263602274476,no_action_disarmed,,
intent_318e708b19d183017799bd3b,d3d2751280f8eea72f2ac53dfd787c3d352bc22b0d76843e2844c6012e0b224e,2024-04-23T00:00:00Z,2024-04-23T00:15:00Z,2024-04-23T00:18:00Z,validation,long_signal,0,1225.27204548952,0,61.263602274476,no_action_disarmed,,
intent_0d3fccbbbf08eb353fb094d7,ddebe9117d23cc2bcdec9ab4308682631c37edb2b0ea804f1d51ee188c178890,2024-04-24T00:00:00Z,2024-04-24T00:15:00Z,2024-04-24T00:17:00Z,validation,long_signal,0,1225.27204548952,0,61.263602274476,no_action_disarmed,,
intent_3c2459500a56dd520d2a25ff,84905008bf7d6186a4a37463104bb58cde3db0ea5e91c770f43eb3fdf10044da,2024-04-25T00:00:00Z,2024-04-25T00:15:00Z,2024-04-25T00:17:00Z,validation,long_signal,0,1225.27204548952,0,61.263602274476,no_action_disarmed,,
intent_e6bb36cd0f4fa29d5372a962,b16891aa75d808edea44960fe3619574b2dc873f913471aac9869b465a35fdb8,2024-04-26T00:00:00Z,2024-04-26T00:15:00Z,2024-04-26T00:16:00Z,validation,long_signal,0,1225.27204548952,0,61.263602274476,no_action_disarmed,,
intent_23643eb778599e5aed6731b5,bd1ee965b27d9bb64c2986c2ef5d47504cefa1c70116055e99715243c19df205,2024-04-27T00:00:00Z,2024-04-27T00:15:00Z,2024-04-27T00:16:00Z,validation,long_signal,0,1225.27204548952,0,61.263602274476,no_action_disarmed,,
intent_09016844092d349cb6987f9d,3719f02165628232ec63bb5d61d608ff2c62681478bd28a3af6ea62c79455845,2024-04-28T00:00:00Z,2024-04-28T00:15:00Z,2024-04-28T00:16:00Z,validation,long_signal,0,1225.27204548952,0,61.263602274476,no_action_disarmed,,
intent_e8d77f86cd323926e013e31a,e803d0a505e3008d0de25917de122d13e4b5a52df0e59fdf218d0eb429db1c7b,2024-04-29T00:00:00Z,2024-04-29T00:15:00Z,2024-04-29T00:18:00Z,validation,long_signal,0,1225.27204548952,0,61.263602274476,no_action_disarmed,,
intent_5937f18d95b585984a412575,4cb1a0d7290588f8fd742a0ac20834db70c7868721ae7fc73f7b31228edd265b,2024-04-30T00:00:00Z,2024-04-30T00:15:00Z,2024-04-30T00:17:00Z,validation,long_signal,0,1225.27204548952,0,61.263602274476,no_action_disarmed,,
intent_59de4be959e67f411d00eecb,2611999f13e2bbe0411efd54443afc464c6f415ee9cf7b76910580d324c2880b,2024-05-01T00:00:00Z,2024-05-01T00:15:00Z,2024-05-01T00:18:00Z,validation,long_signal,0,1225.27204548952,0,61.263602274476,no_action_disarmed,,
intent_73347503eb2e2bf469285962,032996b2f714c65e8627f0e91a068cec1eaba5f1a64f88a101a620776ea8d99d,2024-05-02T00:00:00Z,2024-05-02T00:15:00Z,2024-05-02T00:16:00Z,validation,long_signal,0,1225.27204548952,0,61.263602274476,no_action_disarmed,,
intent_77362dc508a8904778621156,2c08f0fb2aca08181de7e95270cdea549a565c6715e8774c5526017b7bf692cd,2024-05-03T00:00:00Z,2024-05-03T00:15:00Z,2024-05-03T00:16:00Z,validation,long_signal,0,1225.27204548952,0,61.263602274476,no_action_disarmed,,
intent_5c1b957b3ee98f41e70c0059,96a63faa5c14c70c1528055de9327c64b60093c83da61156bd8a3db01e4198ed,2024-05-04T00:00:00Z,2024-05-04T00:15:00Z,2024-05-04T00:16:00Z,validation,long_signal,0,1225.27204548952,0,61.263602274476,no_action_disarmed,,
intent_43f2ea7e0a37a3ff4b20a189,4f8b3e101bb8f021922ac4f595b2853d2c3d63c74d57a1fc49762cf0e0858423,2024-05-05T00:00:00Z,2024-05-05T00:15:00Z,2024-05-05T00:17:00Z,validation,long_signal,0,1225.27204548952,0,61.263602274476,no_action_disarmed,,
intent_4bc2b08cbf3377556b5c1f49,c1774e4cf9911108419818941b6b2e8ab5ae5a02ac179638014a589e70979200,2024-05-06T00:00:00Z,2024-05-06T00:15:00Z,2024-05-06T00:18:00Z,validation,long_signal,0,1225.27204548952,0,61.263602274476,no_action_disarmed,,
intent_10bb92881164ad8297d8b21c,67930f5b9a0e8a815f84662767d2d2d9b031ad81e1ec14aec70606d7c8db984c,2024-05-07T00:00:00Z,2024-05-07T00:15:00Z,2024-05-07T00:17:00Z,validation,long_signal,0,1225.27204548952,0,61.263602274476,no_action_disarmed,,
intent_8488728103c3ac04cb506db2,2ec1e132282cbd8986d3d6a4c07f3431077f2a616610452e54a00c1f7497c5fd,2024-05-08T00:00:00Z,2024-05-08T00:15:00Z,2024-05-08T00:17:00Z,validation,long_signal,0,1225.27204548952,0,61.263602274476,no_action_disarmed,,
intent_fdc9f1fad883ee559e3ccdfe,5813028e8c9fcff24f7d7ffc104c05666466fd86c8b66f662b8a091c65fd47e8,2024-05-09T00:00:00Z,2024-05-09T00:15:00Z,2024-05-09T00:15:00Z,validation,long_signal,0,1225.27204548952,0,61.263602274476,no_fill_reference_unavailable,,
intent_7b529f8a260cca4538a5fb3c,5f68d93fc7cb2ceb95e08e7f8018c67890bcf0d97c11aef5439fc2e585a9934c,2024-05-10T00:00:00Z,2024-05-10T00:15:00Z,2024-05-10T00:20:00Z,validation,long_signal,0,1225.27204548952,0,61.263602274476,no_action_disarmed,,
intent_378d9f6c7187d3b503f7d84b,20f506f9c4c46707d0dd1fb990dde2394db12026d2c748d7dcefe2f3013fb7b4,2024-05-11T00:00:00Z,2024-05-11T00:15:00Z,2024-05-11T00:16:00Z,validation,long_signal,0,1225.27204548952,0,61.263602274476,no_action_disarmed,,
intent_af1b0bf31542fc695e6f8bdf,f8cdb07bec0b7455dba878ad0d1788a8600eb828743b3e605bd19379d28ed9a7,2024-05-12T00:00:00Z,2024-05-12T00:15:00Z,2024-05-12T00:16:00Z,validation,long_signal,0,1225.27204548952,0,61.263602274476,no_action_disarmed,,
intent_ebb630fa6f7f7730100b485f,a2198b81f586bad2f826f0f620242b9b870a0c8e733d18a021af3897f1c53b48,2024-05-13T00:00:00Z,2024-05-13T00:15:00Z,2024-05-13T00:16:00Z,validation,long_signal,0,1225.27204548952,0,61.263602274476,no_action_disarmed,,
intent_de6f7b9a18bac0debbb36c32,b60b32a5c797110f668257bdae22582b1a847bab1a35391280e7cdc2be42c64b,2024-05-14T00:00:00Z,2024-05-14T00:15:00Z,2024-05-14T00:17:00Z,validation,long_signal,0,1225.27204548952,0,61.263602274476,no_action_disarmed,,
intent_cda7a15672577889eff7d2a8,e8a0f871ac5daca08e9846b8124acf29e3a21387822679c14662240116948d12,2024-05-15T00:00:00Z,2024-05-15T00:15:00Z,2024-05-15T00:16:00Z,validation,long_signal,0,1225.27204548952,0,61.263602274476,no_action_disarmed,,
intent_5fccca2279fe98b1fe85ad77,7225a8a31f09ddf46b08513ccf878d9cd6ffe1b8a5c9030db849c27095566758,2024-05-16T00:00:00Z,2024-05-16T00:15:00Z,2024-05-16T00:16:00Z,validation,long_signal,0,1225.27204548952,0,61.263602274476,no_action_disarmed,,
intent_dfb9ac633d8b8ba1d3e8e538,033a0be6fd9e2494fe2148c038e402de99e16753c91890be9573f1a558c0ae8e,2024-05-17T00:00:00Z,2024-05-17T00:15:00Z,2024-05-17T00:16:00Z,validation,long_signal,0,1225.27204548952,0,61.263602274476,no_action_disarmed,,
intent_010640d5693b223bef45b094,ccc233339906d84c0b9c4913fa5bdcfcb6799ef575f51063c1bba326c6cf2240,2024-05-18T00:00:00Z,2024-05-18T00:15:00Z,2024-05-18T00:16:00Z,validation,long_signal,0,1225.27204548952,0,61.263602274476,no_action_disarmed,,
intent_1e1a95fdaa91ef9a93e28b87,957e4b5151c73634cdc1b08a491cadb3e1d1bfb07b07f5c56e00a40aad3c51a0,2024-05-19T00:00:00Z,2024-05-19T00:15:00Z,2024-05-19T00:17:00Z,validation,long_signal,0,1225.27204548952,0,61.263602274476,no_action_disarmed,,
intent_704868f5c9a991c27418bb1c,560344161ca51013d822864fc4cb955aef8eff47bc2ad831e4d945dd62e684a9,2024-05-20T00:00:00Z,2024-05-20T00:15:00Z,2024-05-20T00:17:00Z,validation,long_signal,0,1225.27204548952,0,61.263602274476,no_action_disarmed,,
intent_86934550d1ae32a3e07f5d87,cc20ba69eecd15407d938b2b70af4e95e06d3a02db52f3d7c67490fed5da64b0,2024-05-21T00:00:00Z,2024-05-21T00:15:00Z,2024-05-21T00:16:00Z,validation,long_signal,0,1225.27204548952,0,61.263602274476,no_action_disarmed,,
intent_f99a74f1808448f9620c3c2a,65181d63f1b908f90c7e06afca76c934c87c9d6005709bf62403ddbd94ca278b,2024-05-22T00:00:00Z,2024-05-22T00:15:00Z,2024-05-22T00:16:00Z,validation,long_signal,0,1225.27204548952,0,61.263602274476,no_action_disarmed,,
intent_8154708307926b4ffeeb13e4,d1d24ff166c127f1c0fea5161a92426ec3b575b21bfc3f6b94f657e15a5b0e3a,2024-05-23T00:00:00Z,2024-05-23T00:15:00Z,2024-05-23T00:19:00Z,validation,long_signal,0,1225.27204548952,0,61.263602274476,no_action_disarmed,,
intent_44c29e07f4d2318c8f59cd19,8869b69539f92f9b23f5d680e5ee9e652407c385d9b372e1b8287e84644495cc,2024-05-24T00:00:00Z,2024-05-24T00:15:00Z,2024-05-24T00:18:00Z,validation,long_signal,0,1225.27204548952,0,61.263602274476,no_action_disarmed,,
intent_2e05226b62533ddb525a3f77,ddb11a54209384ffe8e29fc75b8d3d2ef2e96ad5524d143bfec996fbc24c0420,2024-05-25T00:00:00Z,2024-05-25T00:15:00Z,2024-05-25T00:16:00Z,validation,long_signal,0,1225.27204548952,0,61.263602274476,no_action_disarmed,,
intent_7e3a808fafc94eff69f0f411,d9f7cc5033f3ab057b7f54157897c707c405fb3a3773cfb228fbd4214535fd97,2024-05-26T00:00:00Z,2024-05-26T00:15:00Z,2024-05-26T00:17:00Z,validation,long_signal,0,1225.27204548952,0,61.263602274476,no_action_disarmed,,
intent_f902915cf46b2edc3c53a12a,3073f6e2da7ccac2ba335197c963b79c452e8afabc76169240e5a042b01fde0a,2024-05-27T00:00:00Z,2024-05-27T00:15:00Z,2024-05-27T00:18:00Z,validation,long_signal,0,1225.27204548952,0,61.263602274476,no_action_disarmed,,
intent_0813411e1fdeb463cca5990b,70ee92143a49ea00d7f862c2fd941fa4e9bcab029c88c4374963c84acbf28416,2024-05-28T00:00:00Z,2024-05-28T00:15:00Z,2024-05-28T00:17:00Z,validation,long_signal,0,1225.27204548952,0,61.263602274476,no_action_disarmed,,
intent_ce9cd5f53803eeebc88490c2,bbdd016fb18619a62bc5b9f951f971f75734b6d92f11bb573fa60a407c968190,2024-05-29T00:00:00Z,2024-05-29T00:15:00Z,2024-05-29T00:20:00Z,validation,long_signal,0,1225.27204548952,0,61.263602274476,no_action_disarmed,,
intent_0516718343af0a757be97074,ffba4158025ba9a2ac4c5c718035f197fa219f55da5775f5a6811dbfe416be6b,2024-05-30T00:00:00Z,2024-05-30T00:15:00Z,2024-05-30T00:17:00Z,validation,long_signal,0,1225.27204548952,0,61.263602274476,no_action_disarmed,,
intent_eafd3cc707c3939ab9cf9b90,a53801aacd0db163c599306dd7647ccb0bfc098f09e875814cb3aa772ef37536,2024-05-31T00:00:00Z,2024-05-31T00:15:00Z,2024-05-31T00:16:00Z,validation,long_signal,0,1225.27204548952,0,61.263602274476,no_action_disarmed,,
intent_6dd8556476f4739c31bbf73f,20dc1a8ff8213bc9655e8b52705b003a39167f5d2bd7af495f3d8af43c8fadc5,2024-06-01T00:00:00Z,2024-06-01T00:15:00Z,2024-06-01T00:16:00Z,validation,long_signal,0,1225.27204548952,0,61.263602274476,no_action_disarmed,,
intent_d284cc5a26e75cae59977111,4049f0aec728f25c1c3a2e1897fc557d11a287e273f5d1e1d4c3fa2f50e2dfab,2024-06-02T00:00:00Z,2024-06-02T00:15:00Z,2024-06-02T00:20:00Z,validation,long_signal,0,1225.27204548952,0,61.263602274476,no_action_disarmed,,
intent_13ac0c424e3a37426fc8d594,b3771ae1427ddfe60e273a4802fe305588a378f0e1f7ce3c339a2bb2ba8967cd,2024-06-03T00:00:00Z,2024-06-03T00:15:00Z,2024-06-03T00:18:00Z,validation,non_positive_momentum,0,1225.27204548952,0,61.263602274476,no_action_disarmed,,
intent_959a4b758d8eaab51ab80d3c,318dcf64bc637c7565595534656b08d559ac2e94bb992f78c0ec67a88a0e667d,2024-06-04T00:00:00Z,2024-06-04T00:15:00Z,2024-06-04T00:17:00Z,validation,long_signal,0,1225.27204548952,0,61.263602274476,no_action_disarmed,,
intent_b64c52572199fce7921d9a43,5d0c4125543b927d83f2a24d835fded6b61b49413bae4a15e8ced5e7f28785b7,2024-06-05T00:00:00Z,2024-06-05T00:15:00Z,2024-06-05T00:16:00Z,validation,long_signal,0,1225.27204548952,0,61.263602274476,no_action_disarmed,,
intent_eab28d8e9a958b85fd8c4f54,5ea4f8d1e15c50a7b22053f670d7440f702caed6fb7b77506a16c2352ddf77a6,2024-06-06T00:00:00Z,2024-06-06T00:15:00Z,2024-06-06T00:17:00Z,validation,long_signal,0,1225.27204548952,0,61.263602274476,no_action_disarmed,,
intent_9c1937ccb14559afb80194b4,a478ee9effd680a5ea701a3b4cfc2b21381bd8321d450f0accd20f80f13195a4,2024-06-07T00:00:00Z,2024-06-07T00:15:00Z,2024-06-07T00:16:00Z,validation,long_signal,0,1225.27204548952,0,61.263602274476,no_action_disarmed,,
intent_5ba1726ae7ab959c8c9671a1,3fc4698e320aadfeeb850d8848ce9aa701592c2c68dc004327791b48233f331b,2024-06-08T00:00:00Z,2024-06-08T00:15:00Z,2024-06-08T00:16:00Z,validation,long_signal,0,1225.27204548952,0,61.263602274476,no_action_disarmed,,
intent_fbe81405cd1265e3974a58e2,dd1e4cc4e394d442092070a2af6f2aaf74efd1a21c719f3933147552c1cd908e,2024-06-09T00:00:00Z,2024-06-09T00:15:00Z,2024-06-09T00:17:00Z,validation,long_signal,0,1225.27204548952,0,61.263602274476,no_action_disarmed,,
intent_c276d378032afa7cb45b70ae,7406d019bf3341f828e49e51dc07990773e7238cb91f47604167e6ed75bd3cd4,2024-06-10T00:00:00Z,2024-06-10T00:15:00Z,2024-06-10T00:16:00Z,validation,non_positive_momentum,0,1225.27204548952,0,61.263602274476,no_action_disarmed,,
intent_d0502ceebce56c57aea92680,798cea2407b2f6817926fc5384a9d931edc71ddabc21da8597a4fc058fb06ab9,2024-06-11T00:00:00Z,2024-06-11T00:15:00Z,2024-06-11T00:19:00Z,validation,non_positive_momentum,0,1225.27204548952,0,61.263602274476,no_action_disarmed,,
intent_e1f7fb4ea8b9b461b4230fcd,0926650bdd506b72a20ced0c86d4f5689f825800953594e2630e4dd7609f7302,2024-06-12T00:00:00Z,2024-06-12T00:15:00Z,2024-06-12T00:17:00Z,validation,non_positive_momentum,0,1225.27204548952,0,61.263602274476,no_action_disarmed,,
intent_5a6bfd51f0c24a4ca4d8c4f7,657823ecaf8da654f66e309363ee8ca5654fb6fe6a378758090f462689be5c2b,2024-06-13T00:00:00Z,2024-06-13T00:15:00Z,2024-06-13T00:19:00Z,validation,non_positive_momentum,0,1225.27204548952,0,61.263602274476,no_action_disarmed,,
intent_ac8e35d298cc18c5a60f419e,bb3fa33482ed0786fef5e21f2585f0656bb83640045ef9c920b1e449cd20d152,2024-06-14T00:00:00Z,2024-06-14T00:15:00Z,2024-06-14T00:16:00Z,validation,non_positive_momentum,0,1225.27204548952,0,61.263602274476,no_action_disarmed,,
intent_adf58ee29c9fb2064ea3143f,eb10b352da1379eb62ba9b41f2b2565772c9b24eeafe76fbe2c937c2a91953fb,2024-06-15T00:00:00Z,2024-06-15T00:15:00Z,2024-06-15T00:20:00Z,validation,long_signal,0,1225.27204548952,0,61.263602274476,no_action_disarmed,,
intent_1f6f223f749b0063f1c9aa1a,dd2d693a92d3447fe606559ed204834d811a063e227409d7a1e44e45c83ace69,2024-06-16T00:00:00Z,2024-06-16T00:15:00Z,2024-06-16T00:15:00Z,validation,non_positive_momentum,0,1225.27204548952,0,61.263602274476,no_fill_reference_unavailable,,
intent_e64a237eceae13f4313e03bf,b36a444ba937b750239301f48b2bcb2a1bf3f0eb5e400aea09f5cfb658f06e1f,2024-06-17T00:00:00Z,2024-06-17T00:15:00Z,2024-06-17T00:17:00Z,validation,long_signal,0,1225.27204548952,0,61.263602274476,no_action_disarmed,,
intent_592b34fd85148472dc21985b,af600178dd8d9d4614d9180ce0ebfd3c9cba66c0693213d86295b41593fc258c,2024-06-18T00:00:00Z,2024-06-18T00:15:00Z,2024-06-18T00:20:00Z,validation,long_signal,0,1225.27204548952,0,61.263602274476,no_action_disarmed,,
intent_4f784326b1bf6fc41640ac2a,0f40425cf3d8567b868b1a7b81b896c4238192c415ab2632641025859d2672f0,2024-06-19T00:00:00Z,2024-06-19T00:15:00Z,2024-06-19T00:17:00Z,validation,non_positive_momentum,0,1225.27204548952,0,61.263602274476,no_action_disarmed,,
intent_eee3fd493247d8186ce345d4,f23b02384b3da4aa45149e75c383a9965d4363afca62cc35d85663fbb9223575,2024-06-20T00:00:00Z,2024-06-20T00:15:00Z,2024-06-20T00:16:00Z,validation,long_signal,0,1225.27204548952,0,61.263602274476,no_action_disarmed,,
intent_4149f7f81793c92550245ff6,e48e4914e35ddeef7d1d578745db33d8524c6bd5eec11b2fa202c05cdf26be35,2024-06-21T00:00:00Z,2024-06-21T00:15:00Z,2024-06-21T00:17:00Z,validation,long_signal,0,1225.27204548952,0,61.263602274476,no_action_disarmed,,
intent_d6f7637f2842b8be04a02260,e8e81166f53b70dec8f05c2f8308cd2de9e51a3046e72565acf59ceb5fe02a96,2024-06-22T00:00:00Z,2024-06-22T00:15:00Z,2024-06-22T00:16:00Z,validation,long_signal,0,1225.27204548952,0,61.263602274476,no_action_disarmed,,
intent_f21e3fe80bebda6fcb6d75ea,e460bc2e5783da253104409f7c9e75ef584795c8c7b89ddd68e30731bec31e96,2024-06-23T00:00:00Z,2024-06-23T00:15:00Z,2024-06-23T00:18:00Z,validation,non_positive_momentum,0,1225.27204548952,0,61.263602274476,no_action_disarmed,,
intent_1423835b3982e66355203fd8,6f3205f3b0cfe53b85be2f44132973317ebe8d1262ece93112cb578ccc7ee5e7,2024-06-24T00:00:00Z,2024-06-24T00:15:00Z,2024-06-24T00:17:00Z,validation,non_positive_momentum,0,1225.27204548952,0,61.263602274476,no_action_disarmed,,
intent_12eba73b9d636d9732613a5a,d6fa41c0559f371a94e71d4439244696a24c9f05e006769fc36f6aadb373e1a6,2024-06-25T00:00:00Z,2024-06-25T00:15:00Z,2024-06-25T00:16:00Z,validation,non_positive_momentum,0,1225.27204548952,0,61.263602274476,no_action_disarmed,,
intent_17bead87f226888140abcfdb,5d1c76f7821ed90927979a6e50b3b790c458d25b92ee639e437f2b854cfaec47,2024-06-26T00:00:00Z,2024-06-26T00:15:00Z,2024-06-26T00:18:00Z,validation,non_positive_momentum,0,1225.27204548952,0,61.263602274476,no_action_disarmed,,
intent_84b19f2f75ac63b1073658a3,3236f512d42d49fa8ea9ae766a572bb4e342cb5c4fff8d3e64c1afa1c1a531e4,2024-06-27T00:00:00Z,2024-06-27T00:15:00Z,2024-06-27T00:20:00Z,validation,non_positive_momentum,0,1225.27204548952,0,61.263602274476,no_action_disarmed,,
intent_3053682605a167b0b0c10481,c19868fb1d109139aac5749120b8e2ced7e8a527b8736bcc5d3a28396e75cb10,2024-06-28T00:00:00Z,2024-06-28T00:15:00Z,2024-06-28T00:16:00Z,validation,non_positive_momentum,0,1225.27204548952,0,61.263602274476,no_action_disarmed,,
intent_918dbe3c05f725f927e5eaa1,225329e7bb85bbf0ae9e9de57c94e93330bfbb6d00f443a369806089dc8d4725,2024-06-29T00:00:00Z,2024-06-29T00:15:00Z,2024-06-29T00:19:00Z,validation,non_positive_momentum,0,1225.27204548952,0,61.263602274476,no_action_disarmed,,
intent_8b4d201b9c5fbab5da6a15c1,8596e5a03588e7a4eba67986692b4866e6f106e027866f4547460b4693bc7734,2024-06-30T00:00:00Z,2024-06-30T00:15:00Z,2024-06-30T00:16:00Z,validation,non_positive_momentum,0,1225.27204548952,0,61.263602274476,no_action_disarmed,,
intent_f1b4252b7e419638ebdc2f13,3e1ac3ebb30314bf11b64340c5eea6762e98cf1a7437a6b418a9189aea2edfc3,2024-07-01T00:00:00Z,2024-07-01T00:15:00Z,2024-07-01T00:18:00Z,validation,non_positive_momentum,0,1225.27204548952,0,61.263602274476,no_action_disarmed,,
intent_e2717df42725e0145792a9d2,bbd9e514fb1bdb6de0bb96477296f5856e14c39496219704d8c922843e332896,2024-07-02T00:00:00Z,2024-07-02T00:15:00Z,2024-07-02T00:16:00Z,validation,non_positive_momentum,0,1225.27204548952,0,61.263602274476,no_action_disarmed,,
intent_7ddfb0ad2a2839ea9003c9bb,e1e049c573f82e927e8dc44400d9621ff2b042a8d32dc44a7865fc29d8ac54e6,2024-07-03T00:00:00Z,2024-07-03T00:15:00Z,2024-07-03T00:18:00Z,validation,non_positive_momentum,0,1225.27204548952,0,61.263602274476,no_action_disarmed,,
intent_313cd0236215c85607ee875f,0b87eec2e4eff936256763035da6d39a47725c0ac7f0a3881a2e489943695791,2024-07-04T00:00:00Z,2024-07-04T00:15:00Z,2024-07-04T00:18:00Z,validation,non_positive_momentum,0,1225.27204548952,0,61.263602274476,no_action_disarmed,,
intent_e498792e16bcc850de60c92a,10d0af4ac1aeae0edf4dd2ba9652e1a3651594e1ca8cbda610a72eb589dbb69c,2024-07-05T00:00:00Z,2024-07-05T00:15:00Z,2024-07-05T00:16:00Z,validation,non_positive_momentum,0,1225.27204548952,0,61.263602274476,no_action_disarmed,,
intent_fc2d3cfedc22b54c67314010,23fa889fafc634cbbeae54634231c78696e9c293249fb8b6f3fc9b3364b56cba,2024-07-06T00:00:00Z,2024-07-06T00:15:00Z,2024-07-06T00:16:00Z,validation,non_positive_momentum,0,1225.27204548952,0,61.263602274476,no_action_disarmed,,
intent_f0cb53cbdfc19745294d890c,8b1a7f2c609e8978281092bc6b0e6e91d053ae013b3a122e0e19eef305baad37,2024-07-07T00:00:00Z,2024-07-07T00:15:00Z,2024-07-07T00:16:00Z,validation,non_positive_momentum,0,1225.27204548952,0,61.263602274476,no_action_disarmed,,
intent_341aeb5b97986a45a445caab,0fb69ef1f0284eb89e219568871d75262e009c352f9c0572375051fd980be95a,2024-07-08T00:00:00Z,2024-07-08T00:15:00Z,2024-07-08T00:17:00Z,validation,non_positive_momentum,0,1225.27204548952,0,61.263602274476,no_action_disarmed,,
intent_42db11ec5c38f108a0287319,5bebc9e8d313be1dac55a69f4848c64fe6fd9d31108e222b5ba58afc264fa497,2024-07-09T00:00:00Z,2024-07-09T00:15:00Z,2024-07-09T00:18:00Z,validation,non_positive_momentum,0,1225.27204548952,0,61.263602274476,no_action_disarmed,,
intent_1b2cc086b9efb748eb071b44,1d2d093ad2fe9db6de3496af3be41d9ee9fafbd1a0b9c4df284d9dec9b715e71,2024-07-10T00:00:00Z,2024-07-10T00:15:00Z,2024-07-10T00:18:00Z,validation,non_positive_momentum,0,1225.27204548952,0,61.263602274476,no_action_disarmed,,
intent_9104a3e619a993ec0e4a2bac,e8ea1848cd1324a1a6098a87ac052959b73a3692d194bbf803d105f708f216f9,2024-07-11T00:00:00Z,2024-07-11T00:15:00Z,2024-07-11T00:17:00Z,validation,non_positive_momentum,0,1225.27204548952,0,61.263602274476,no_action_disarmed,,
intent_cbf2cc7fe942afc894896f5c,c6e87c9a506f39120d98018e53d1d0f722b36e8b66ed0fcdc9bafec98a742952,2024-07-12T00:00:00Z,2024-07-12T00:15:00Z,2024-07-12T00:16:00Z,validation,non_positive_momentum,0,1225.27204548952,0,61.263602274476,no_action_disarmed,,
intent_abd0bca7a8b88ec2bc92b212,e9e3c1cfd198e6bbbdaa718829d5a227496ff8b805355e1cbb968d8ac8e30237,2024-07-13T00:00:00Z,2024-07-13T00:15:00Z,2024-07-13T00:16:00Z,validation,non_positive_momentum,0,1225.27204548952,0,61.263602274476,no_action_disarmed,,
intent_9a58816bed1674924315ef91,1f2b7c6e5709d459ed5361d24278ff526efbd880d05a04cdf58084e318d87749,2024-07-14T00:00:00Z,2024-07-14T00:15:00Z,2024-07-14T00:16:00Z,validation,non_positive_momentum,0,1225.27204548952,0,61.263602274476,no_action_disarmed,,
intent_8cf5f25a17bb6efcb8be1936,6a1083e671d22280e3ef983611b1b7ebe60e882ee4ba6703f739969e6dcec3ae,2024-07-15T00:00:00Z,2024-07-15T00:15:00Z,2024-07-15T00:18:00Z,validation,non_positive_momentum,0,1225.27204548952,0,61.263602274476,no_action_disarmed,,
intent_12cb9cc912b9bd9352f8c919,9bb5b854cd6725959d37c3e5aef5e1e0ef7fb4da39a944e2ea8dbd244309554c,2024-07-16T00:00:00Z,2024-07-16T00:15:00Z,2024-07-16T00:16:00Z,validation,long_signal,0,1225.27204548952,0,61.263602274476,no_action_disarmed,,
intent_6cb7649f9092f8fef6b7677b,dee189185c007485cef9907a47f8851044888269c05b0dc4311c7d2e97626721,2024-07-17T00:00:00Z,2024-07-17T00:15:00Z,2024-07-17T00:16:00Z,validation,long_signal,0,1225.27204548952,0,61.263602274476,no_action_disarmed,,
intent_d0ed4ea28acfbb50980afb46,1fa3942aab75e1f7d18303e9d1c933aa2d10224e87b24ebc4a63613ec0786ac9,2024-07-18T00:00:00Z,2024-07-18T00:15:00Z,2024-07-18T00:16:00Z,frozen_holdout,long_signal,0,1225.27204548952,0,61.263602274476,no_action_disarmed,,
intent_9eb24f98aa5bd563b78fc42f,1af1f7001bafa30119a1b6723a4dc1ea731c2e7aa110029f606d9ccdf6b86431,2024-07-19T00:00:00Z,2024-07-19T00:15:00Z,2024-07-19T00:17:00Z,frozen_holdout,non_positive_momentum,0,1225.27204548952,0,61.263602274476,no_action_disarmed,,
intent_081615b41265f0c19c72b5c0,284c8a07945e0c53ef1c38ac90504b0f61c2021f379029e71fda3e43c5ae967d,2024-07-20T00:00:00Z,2024-07-20T00:15:00Z,2024-07-20T00:16:00Z,frozen_holdout,long_signal,0,1225.27204548952,0,61.263602274476,no_action_disarmed,,
intent_5acb50ccb4b3c4ffae65f8b5,2eadf2392f1679d385cfcd83b7a45d0aa35e5e808452b8dec089ddebabd584e8,2024-07-21T00:00:00Z,2024-07-21T00:15:00Z,2024-07-21T00:16:00Z,frozen_holdout,long_signal,0,1225.27204548952,0,61.263602274476,no_action_disarmed,,
intent_00a87e389d981b7122b99e10,b596a15428b51f09b940f5b5f696288604dc29472b43bd8a4aedf7c048a58bb4,2024-07-22T00:00:00Z,2024-07-22T00:15:00Z,2024-07-22T00:16:00Z,frozen_holdout,long_signal,0,1225.27204548952,0,61.263602274476,no_action_disarmed,,
intent_aa2b18f894af0b7548d032d6,bd97a469e240c4f62ed727c285acb9406f750f82090ea3cf2df3d3faa2bbc200,2024-07-23T00:00:00Z,2024-07-23T00:15:00Z,2024-07-23T00:18:00Z,frozen_holdout,long_signal,0,1225.27204548952,0,61.263602274476,no_action_disarmed,,
intent_a7092b8689f3fa4836afa489,72273dcca17a0a1bcc7c278c0ec56d24075c4b5f1ba272554dd66d18db2c367f,2024-07-24T00:00:00Z,2024-07-24T00:15:00Z,2024-07-24T00:18:00Z,frozen_holdout,long_signal,0,1225.27204548952,0,61.263602274476,no_action_disarmed,,
intent_bcd15830c389f88482161ee0,e712712e52f57c403d11a7c7762d885a736dc36ace411723dca423ae92950c17,2024-07-25T00:00:00Z,2024-07-25T00:15:00Z,2024-07-25T00:16:00Z,frozen_holdout,long_signal,0,1225.27204548952,0,61.263602274476,no_action_disarmed,,
intent_c975bf71355184aefdbe4e01,d8733acaa42e9a36f3e7b8018d76d973b7c4e7fb6f5b24e1d078c08449b20e7a,2024-07-26T00:00:00Z,2024-07-26T00:15:00Z,2024-07-26T00:16:00Z,frozen_holdout,long_signal,0,1225.27204548952,0,61.263602274476,no_action_disarmed,,
intent_ae84c2b162b8af9d73cb4dad,4df7ec1365fe3a9fdf0aa10232a98ffb3d466626d11d11536e080ec215cdd879,2024-07-27T00:00:00Z,2024-07-27T00:15:00Z,2024-07-27T00:18:00Z,frozen_holdout,long_signal,0,1225.27204548952,0,61.263602274476,no_action_disarmed,,
intent_50e1c704366d64599806ac8b,bf0361a41f66a6f135bbdb2d544ae35257d3ace148301433f8a58f14194b0a90,2024-07-28T00:00:00Z,2024-07-28T00:15:00Z,2024-07-28T00:18:00Z,frozen_holdout,long_signal,0,1225.27204548952,0,61.263602274476,no_action_disarmed,,
intent_46a718186c49b3bfd78fb87d,a165aad361c129511b513e1888678047c01aae418c9f489660c4367213ee933c,2024-07-29T00:00:00Z,2024-07-29T00:15:00Z,2024-07-29T00:16:00Z,frozen_holdout,long_signal,0,1225.27204548952,0,61.263602274476,no_action_disarmed,,
intent_2cb753c5ef0c6d3b3bc2f251,c4821fa26d459c6bd9b890cb8f8db3d3f3fb87a3a9bb9b376a2f179806c1dfe1,2024-07-30T00:00:00Z,2024-07-30T00:15:00Z,2024-07-30T00:16:00Z,frozen_holdout,long_signal,0,1225.27204548952,0,61.263602274476,no_action_disarmed,,
intent_702a650e8e3b4df0b80829d9,c8928c3dae0ad95bcbcf5789433c24cf459f68bd9796d4e9ecf83caff3c00e40,2024-07-31T00:00:00Z,2024-07-31T00:15:00Z,2024-07-31T00:18:00Z,frozen_holdout,long_signal,0,1225.27204548952,0,61.263602274476,no_action_disarmed,,
intent_2376768a76766f7da669baaa,a59d2c4390c362f9e27a44ee9e00348c5392ecdd5e6e5d5949eaf84256e85b05,2024-08-01T00:00:00Z,2024-08-01T00:15:00Z,2024-08-01T00:16:00Z,frozen_holdout,long_signal,0,1225.27204548952,0,61.263602274476,no_action_disarmed,,
intent_fa80354e816efe641337e87b,4871b994e516a7a06ede2be5b4eb1ad0dcadcd1c428d42efaef28d4bbb240e23,2024-08-02T00:00:00Z,2024-08-02T00:15:00Z,2024-08-02T00:16:00Z,frozen_holdout,long_signal,0,1225.27204548952,0,61.263602274476,no_action_disarmed,,
intent_dc16ce2bdfcd53ddee12081c,5842d0a5af733c759851754d2f7452076b5ae64a269e2e4debaf8174fcd01e56,2024-08-03T00:00:00Z,2024-08-03T00:15:00Z,2024-08-03T00:16:00Z,frozen_holdout,non_positive_momentum,0,1225.27204548952,0,61.263602274476,no_action_disarmed,,
intent_256cddf11b399910660082b1,cabb8ebbd2f533b21cc30a93d72c9e8790dd8d26f5343ca976f52f8b7b2a9453,2024-08-04T00:00:00Z,2024-08-04T00:15:00Z,2024-08-04T00:16:00Z,frozen_holdout,non_positive_momentum,0,1225.27204548952,0,61.263602274476,no_action_disarmed,,
intent_8cc19535b6e0d482bb1c1efe,3ab4eccdfcc845c6c9b1f9d8365990a9138c4c1cee8ef89f6168ee909f08c75e,2024-08-05T00:00:00Z,2024-08-05T00:15:00Z,2024-08-05T00:16:00Z,frozen_holdout,non_positive_momentum,0,1225.27204548952,0,61.263602274476,no_action_disarmed,,
intent_6f3e97860eba9b1f4ddba5fd,2e4aa933baeae07e549fb20f72641a5d125e2c3a2c809d84f9d8ba57e610af74,2024-08-06T00:00:00Z,2024-08-06T00:15:00Z,2024-08-06T00:16:00Z,frozen_holdout,non_positive_momentum,0,1225.27204548952,0,61.263602274476,no_action_disarmed,,
intent_7b45538f3e3d168206819bcd,2fdc11e55948989a3bdde446bb6cb7826a986a4a8882e5504cbd330c4a489c76,2024-08-07T00:00:00Z,2024-08-07T00:15:00Z,2024-08-07T00:18:00Z,frozen_holdout,non_positive_momentum,0,1225.27204548952,0,61.263602274476,no_action_disarmed,,
intent_e153c5254fea14ba8fa5e4cb,647a6b082abec689f1937c7b95d927f9cebacf96068f7e93db0833dc7b59296d,2024-08-08T00:00:00Z,2024-08-08T00:15:00Z,2024-08-08T00:17:00Z,frozen_holdout,non_positive_momentum,0,1225.27204548952,0,61.263602274476,no_action_disarmed,,
intent_0cbd1e8da5de69714cd89a7c,ca4aff391a81413526fb10881fccb0ea7dff5a03e66c8188d2dfe28244b33f68,2024-08-09T00:00:00Z,2024-08-09T00:15:00Z,2024-08-09T00:16:00Z,frozen_holdout,long_signal,0,1225.27204548952,0,61.263602274476,no_action_disarmed,,
intent_3010a49a232290e1ae542354,0889f8368c38089f6758011356ea8c569ba86d3e56667f9bcf6fdc58a6a1958f,2024-08-10T00:00:00Z,2024-08-10T00:15:00Z,2024-08-10T00:16:00Z,frozen_holdout,below_trend,0,1225.27204548952,0,61.263602274476,no_action_disarmed,,
intent_63b074e8b3e794f4c8d47762,ecc4f361448934d42454fb78e51f673d756c125037271c8a2035a2f1f52bca9b,2024-08-11T00:00:00Z,2024-08-11T00:15:00Z,2024-08-11T00:16:00Z,frozen_holdout,non_positive_momentum,0,1225.27204548952,0,61.263602274476,no_action_disarmed,,
intent_ab614a4a9c9a611e80ec9828,feac2ed20657959211e2521e0f54834d00a0e26b6145175e758bb3704fcdeb35,2024-08-12T00:00:00Z,2024-08-12T00:15:00Z,2024-08-12T00:17:00Z,frozen_holdout,non_positive_momentum,0,1225.27204548952,0,61.263602274476,no_action_disarmed,,
intent_e0f464d687df2abd87793039,087ff6eb264a2c54a479ab753161713e28e4ff6b8a58b8a883d199ff7898fc33,2024-08-13T00:00:00Z,2024-08-13T00:15:00Z,2024-08-13T00:18:00Z,frozen_holdout,non_positive_momentum,0,1225.27204548952,0,61.263602274476,no_action_disarmed,,
intent_e8bae093d0acdf35b7cb4f89,46a6fabcd8b8acfa380ae0b14d3466fbc8c646ed6b450cf0ab7ff11969f6cddb,2024-08-14T00:00:00Z,2024-08-14T00:15:00Z,2024-08-14T00:18:00Z,frozen_holdout,non_positive_momentum,0,1225.27204548952,0,61.263602274476,no_action_disarmed,,
intent_00194a4a62e3f09b34a73a92,1688c15c4c8957b75f38e25ff4f52bcb171f94f4d875affedff285fc592887d7,2024-08-15T00:00:00Z,2024-08-15T00:15:00Z,2024-08-15T00:17:00Z,frozen_holdout,non_positive_momentum,0,1225.27204548952,0,61.263602274476,no_action_disarmed,,
intent_ffb42147951f6fb45ad91321,21f74e589454eb9de955ae7e6f2c9dedfd0e013ba4d4673e199819bd27c9c499,2024-08-16T00:00:00Z,2024-08-16T00:15:00Z,2024-08-16T00:16:00Z,frozen_holdout,non_positive_momentum,0,1225.27204548952,0,61.263602274476,no_action_disarmed,,
intent_b9f20f054d060067adc305a2,f800d9b7f1e5b1963904a7b76c6fa116c3ddabd64630eea3f8821c0c3b101dcf,2024-08-17T00:00:00Z,2024-08-17T00:15:00Z,2024-08-17T00:16:00Z,frozen_holdout,non_positive_momentum,0,1225.27204548952,0,61.263602274476,no_action_disarmed,,
intent_629d914ac5598b5c36b56369,bd369bf84c8361422e02e77a965757645fc330337dfcd730779489c90845fbd1,2024-08-18T00:00:00Z,2024-08-18T00:15:00Z,2024-08-18T00:16:00Z,frozen_holdout,non_positive_momentum,0,1225.27204548952,0,61.263602274476,no_action_disarmed,,
intent_8cf925b8b726ca0153612d7c,6ebb29f595d137a7c8b0eda3b207595d7d106fcefe051bc63cc27495b1a15313,2024-08-19T00:00:00Z,2024-08-19T00:15:00Z,2024-08-19T00:16:00Z,frozen_holdout,non_positive_momentum,0,1225.27204548952,0,61.263602274476,no_action_disarmed,,
intent_5bcab02bad64d860dc0877ea,46233a0f29ed566ab057375f8e76f9333b61fecdb316b1abb3044c3e43b7032c,2024-08-20T00:00:00Z,2024-08-20T00:15:00Z,2024-08-20T00:17:00Z,frozen_holdout,non_positive_momentum,0,1225.27204548952,0,61.263602274476,no_action_disarmed,,
intent_f02330294fac30d09d58cb37,81b440162cb95c16d1775e04daa52f1bca3d5a062ed9e969a93f1cc915720670,2024-08-21T00:00:00Z,2024-08-21T00:15:00Z,2024-08-21T00:16:00Z,frozen_holdout,non_positive_momentum,0,1225.27204548952,0,61.263602274476,no_action_disarmed,,
intent_499cca052f7a455a9aa96889,e626530d3ed083efc95b5fc2c7b73e2d528537dcbd21b331427a9d8515e513d0,2024-08-22T00:00:00Z,2024-08-22T00:15:00Z,2024-08-22T00:17:00Z,frozen_holdout,non_positive_momentum,0,1225.27204548952,0,61.263602274476,no_action_disarmed,,
intent_9ef6005626538ec370be3ab1,9563ab96600ea79978e475db3443c071bf4b13340ecce36c9c2f7972a314b698,2024-08-23T00:00:00Z,2024-08-23T00:15:00Z,2024-08-23T00:18:00Z,frozen_holdout,non_positive_momentum,0,1225.27204548952,0,61.263602274476,no_action_disarmed,,
intent_8092e8e3ca428ae906e76503,6663e281a9ad565e2e8a1b81a55ab6cbbf61aa750811c2d64ba119be3550906d,2024-08-24T00:00:00Z,2024-08-24T00:15:00Z,2024-08-24T00:18:00Z,frozen_holdout,non_positive_momentum,0,1225.27204548952,0,61.263602274476,no_action_disarmed,,
intent_f5d1ab2eee06a0289623e88a,01bb4af42cb3d51d1f91c75aee72344937ffb74c2b9b6c8973718c89dfa49655,2024-08-25T00:00:00Z,2024-08-25T00:15:00Z,2024-08-25T00:16:00Z,frozen_holdout,non_positive_momentum,0,1225.27204548952,0,61.263602274476,no_action_disarmed,,
intent_8bfb102084a046025ae21edf,9723b28a3019236b48c9faec2b384c8a795d6a9de773526ae7de276bca704ce0,2024-08-26T00:00:00Z,2024-08-26T00:15:00Z,2024-08-26T00:16:00Z,frozen_holdout,non_positive_momentum,0,1225.27204548952,0,61.263602274476,no_action_disarmed,,
intent_b74f954b0f99e09a51b5d876,7ce88011c07432a68374424bdd2e3cb3218408c7a22a54fd8d6ed2f4a4d378cf,2024-08-27T00:00:00Z,2024-08-27T00:15:00Z,2024-08-27T00:18:00Z,frozen_holdout,non_positive_momentum,0,1225.27204548952,0,61.263602274476,no_action_disarmed,,
intent_fda9e3457ab99e9425e65719,2bb43ff6f842f7c0f3dc3cacb59da5fdb8412b0dee9e7baae4c3de6d8a13f41d,2024-08-28T00:00:00Z,2024-08-28T00:15:00Z,2024-08-28T00:16:00Z,frozen_holdout,non_positive_momentum,0,1225.27204548952,0,61.263602274476,no_action_disarmed,,
intent_51410ef9d3d40e853b07aabc,e5b2377616119a702cb1c63214b615d9ceb1378d9e13790705d95c58e052ca6b,2024-08-29T00:00:00Z,2024-08-29T00:15:00Z,2024-08-29T00:17:00Z,frozen_holdout,non_positive_momentum,0,1225.27204548952,0,61.263602274476,no_action_disarmed,,
intent_f930250fd564508c5d0e5eba,d1e212f9b884e989aa63d65840d0fe7b4fbd1a020c67dc27f32d5664cc39d7d6,2024-08-30T00:00:00Z,2024-08-30T00:15:00Z,2024-08-30T00:17:00Z,frozen_holdout,non_positive_momentum,0,1225.27204548952,0,61.263602274476,no_action_disarmed,,
intent_b9e177f73395210fc02fcd58,2e8520ea8ff88a326fdabaeb766211d931045af47cfe2a613460edeb4000a3b8,2024-08-31T00:00:00Z,2024-08-31T00:15:00Z,2024-08-31T00:16:00Z,frozen_holdout,non_positive_momentum,0,1225.27204548952,0,61.263602274476,no_action_disarmed,,
intent_426d8b8e44ca0ffd74f6bfce,8c468af75802f9a2af1365bd0d7bd2ed85ec6c687be45e2371364154d8015777,2024-09-01T00:00:00Z,2024-09-01T00:15:00Z,2024-09-01T00:16:00Z,frozen_holdout,non_positive_momentum,0,1225.27204548952,0,61.263602274476,no_action_disarmed,,
intent_2d823f661df1db7ae5d132be,52d4e146d535bc30d03afeb4f84a3c42662d0de3bbe410e25a6d2937aa830cee,2024-09-02T00:00:00Z,2024-09-02T00:15:00Z,2024-09-02T00:17:00Z,frozen_holdout,non_positive_momentum,0,1225.27204548952,0,61.263602274476,no_action_disarmed,,
intent_9f44fc3260e9a775411c6e22,928bd35bc89e3323de4b9bfcfd7d8f248eebb51e31e7fcffa3d0657a676690aa,2024-09-03T00:00:00Z,2024-09-03T00:15:00Z,2024-09-03T00:18:00Z,frozen_holdout,non_positive_momentum,0,1225.27204548952,0,61.263602274476,no_action_disarmed,,
intent_98141de40f305c39b18d1d84,c33c8265c806fcdb9bca32dbd77898ebdfa515a408d42c622c54babcf6d1ecf3,2024-09-04T00:00:00Z,2024-09-04T00:15:00Z,2024-09-04T00:17:00Z,frozen_holdout,non_positive_momentum,0,1225.27204548952,0,61.263602274476,no_action_disarmed,,
intent_fcbc1e9ab17b8debd55352d5,5a2bfc6bf44451a27765b741da7ff1c3e0d613a72dd110257da35debf0371565,2024-09-05T00:00:00Z,2024-09-05T00:15:00Z,2024-09-05T00:18:00Z,frozen_holdout,non_positive_momentum,0,1225.27204548952,0,61.263602274476,no_action_disarmed,,
intent_42b805d2fc8bac42bbdcfa51,0f0fa4c5c231612f5474e8dbb73ed23cb41e4404acf084628fe43a2d96fbe23f,2024-09-06T00:00:00Z,2024-09-06T00:15:00Z,2024-09-06T00:16:00Z,frozen_holdout,non_positive_momentum,0,1225.27204548952,0,61.263602274476,no_action_disarmed,,
intent_0338cf6cc5386de86588c031,0d6fe6739564e930d152000a580b93212e1d59f7aa9726b388b31e40ca5767a6,2024-09-07T00:00:00Z,2024-09-07T00:15:00Z,2024-09-07T00:18:00Z,frozen_holdout,non_positive_momentum,0,1225.27204548952,0,61.263602274476,no_action_disarmed,,
intent_0de0f084f48f5f353c496221,6f026d3108013a33a5643739eef43e2927e540095bad46a8f87e877c0fabd85a,2024-09-08T00:00:00Z,2024-09-08T00:15:00Z,2024-09-08T00:18:00Z,frozen_holdout,non_positive_momentum,0,1225.27204548952,0,61.263602274476,no_action_disarmed,,
intent_070371171e9fcaf15a3da9fe,51ff17b6edfe252335c78f66e11040b75f43fba15f8988593f49f5e3d17c608f,2024-09-09T00:00:00Z,2024-09-09T00:15:00Z,2024-09-09T00:18:00Z,frozen_holdout,non_positive_momentum,0,1225.27204548952,0,61.263602274476,no_action_disarmed,,
intent_f5466dade58b964004b56858,10d386bcd120265c87c556bbc8adff5e0b43421ae499103073a5b280722803a9,2024-09-10T00:00:00Z,2024-09-10T00:15:00Z,2024-09-10T00:17:00Z,frozen_holdout,non_positive_momentum,0,1225.27204548952,0,61.263602274476,no_action_disarmed,,
intent_29c21e75003cfd731df49571,f882f05221d1a50b2c9e52a3c8d901b28faf48009d98b6b8740f689a959d9d90,2024-09-11T00:00:00Z,2024-09-11T00:15:00Z,2024-09-11T00:18:00Z,frozen_holdout,non_positive_momentum,0,1225.27204548952,0,61.263602274476,no_action_disarmed,,
intent_7ff02f0438cdef3e2eb393a7,a6d74681c94a631ff97f4aa19636e2055c033d4549dd6201e68ea04aea478368,2024-09-12T00:00:00Z,2024-09-12T00:15:00Z,2024-09-12T00:18:00Z,frozen_holdout,non_positive_momentum,0,1225.27204548952,0,61.263602274476,no_action_disarmed,,
intent_4ed9821b03f37497b2b70c09,0c2862b7dc3efbf1fb5da067ed53d50540e117c2fac3bb7470a004a1b9557454,2024-09-13T00:00:00Z,2024-09-13T00:15:00Z,2024-09-13T00:16:00Z,frozen_holdout,non_positive_momentum,0,1225.27204548952,0,61.263602274476,no_action_disarmed,,
intent_6fc37ab147f0f5732ef33265,5021446e24326d206d998307941efb2ffc7d95f69b2013f056b460c275e608ac,2024-09-14T00:00:00Z,2024-09-14T00:15:00Z,2024-09-14T00:18:00Z,frozen_holdout,non_positive_momentum,0,1225.27204548952,0,61.263602274476,no_action_disarmed,,
intent_bec3170fc38fff7a8304ab32,4853373787aac6a79cfffdb5a1ce27bbdbbbf20eed4696a90501aaae68cc9806,2024-09-15T00:00:00Z,2024-09-15T00:15:00Z,2024-09-15T00:17:00Z,frozen_holdout,non_positive_momentum,0,1225.27204548952,0,61.263602274476,no_action_disarmed,,
intent_10b99a43dc0a8365453add94,0c9f6247d028ab1580f80e1fc71128be47523faf4e32d8811ddd52fdc46ee9be,2024-09-16T00:00:00Z,2024-09-16T00:15:00Z,2024-09-16T00:16:00Z,frozen_holdout,non_positive_momentum,0,1225.27204548952,0,61.263602274476,no_action_disarmed,,
intent_3b4e79d1e5ce54d9b5977edc,12daa18d518e3b4079b940bb89095452877fe6b57233102fb69acedeffb34cc3,2024-09-17T00:00:00Z,2024-09-17T00:15:00Z,2024-09-17T00:16:00Z,frozen_holdout,non_positive_momentum,0,1225.27204548952,0,61.263602274476,no_action_disarmed,,
intent_46b6cdb66321dac9654086dd,c508cc638712fe7c386945059de8dd199db363289d4cc020f5edc15906cf112c,2024-09-18T00:00:00Z,2024-09-18T00:15:00Z,2024-09-18T00:16:00Z,frozen_holdout,non_positive_momentum,0,1225.27204548952,0,61.263602274476,no_action_disarmed,,
intent_367763b7108c4d24e6c302ae,c0eb7d24ad7906a722cefafe9a74100597a42b42782e4bdfe4562e0be7cd93df,2024-09-19T00:00:00Z,2024-09-19T00:15:00Z,2024-09-19T00:16:00Z,frozen_holdout,non_positive_momentum,0,1225.27204548952,0,61.263602274476,no_action_disarmed,,
intent_19ed400699746787d7f63a5b,9f1d26be01520c1d85e0efb299ef7d3f4b509e824da94941138b3f7b2cf9cef2,2024-09-20T00:00:00Z,2024-09-20T00:15:00Z,2024-09-20T00:18:00Z,frozen_holdout,non_positive_momentum,0,1225.27204548952,0,61.263602274476,no_action_disarmed,,
intent_4218a8c7caf7cf97b3d63b2d,af54d33c7928e247cd32aa364d8bd85090005b1cdbf4eebb68130a5673739436,2024-09-21T00:00:00Z,2024-09-21T00:15:00Z,2024-09-21T00:18:00Z,frozen_holdout,non_positive_momentum,0,1225.27204548952,0,61.263602274476,no_action_disarmed,,
intent_a9ce685f18ff1dd462a17a7f,bfe5b085cb9cf26e3097cb9db6de5d53f56f0819e8898f807f3f2cc896eb6494,2024-09-22T00:00:00Z,2024-09-22T00:15:00Z,2024-09-22T00:18:00Z,frozen_holdout,non_positive_momentum,0,1225.27204548952,0,61.263602274476,no_action_disarmed,,
intent_5fac7deced5875531a778b80,4afdee09d21b6f9f73d497a5391c30a8ac98149490bf7c232ace8f50040c0587,2024-09-23T00:00:00Z,2024-09-23T00:15:00Z,2024-09-23T00:16:00Z,frozen_holdout,below_trend,0,1225.27204548952,0,61.263602274476,no_action_disarmed,,
intent_37ee212ceaa7d22e06696104,ed1b35a62974ee4e5d0a256b615e5c504b3e5cad28c8d670ef5027da9176a3f7,2024-09-24T00:00:00Z,2024-09-24T00:15:00Z,2024-09-24T00:16:00Z,frozen_holdout,below_trend,0,1225.27204548952,0,61.263602274476,no_action_disarmed,,
intent_efd60a56c5a4d98ba2540174,ba0f1e27ebd448baabb0b4ccf88a38f2b84264657a4fda5a1a9febd7daabccd2,2024-09-25T00:00:00Z,2024-09-25T00:15:00Z,2024-09-25T00:18:00Z,frozen_holdout,below_trend,0,1225.27204548952,0,61.263602274476,no_action_disarmed,,
intent_57bcb5a8668239059bde6d1b,2a2d949db4576cffeb02e655336a3261ecee23c9e2ae6fbe4ba1fa0ad776845f,2024-09-26T00:00:00Z,2024-09-26T00:15:00Z,2024-09-26T00:18:00Z,frozen_holdout,below_trend,0,1225.27204548952,0,61.263602274476,no_action_disarmed,,
intent_8307989077d7deb375e8b495,7071bbe2dcd3929898fc56a947046b9253dfc2608306977688fbaa7b47dfa6b5,2024-09-27T00:00:00Z,2024-09-27T00:15:00Z,2024-09-27T00:18:00Z,frozen_holdout,long_signal,0,1225.27204548952,0,61.263602274476,no_action_disarmed,,
intent_b686b5e54677230a6d737697,ebfe864ad11ee77c148fc039017c229cf77be7cd5ab56bf1180498d4b8e063cb,2024-09-28T00:00:00Z,2024-09-28T00:15:00Z,2024-09-28T00:18:00Z,frozen_holdout,long_signal,0,1225.27204548952,0,61.263602274476,no_action_disarmed,,
intent_53a07639348b07daae85127f,458940731aeec3e0a6bd08e9e815bf8ee9932bd594190952cd50286a058f40fb,2024-09-29T00:00:00Z,2024-09-29T00:15:00Z,2024-09-29T00:18:00Z,frozen_holdout,long_signal,0,1225.27204548952,0,61.263602274476,no_action_disarmed,,
intent_68de12c47e19c17454d9856c,b0aa4cb19d18d89159d3698a287cbd9e4e37a64b772ddb4777c0eda0f865a3ce,2024-09-30T00:00:00Z,2024-09-30T00:15:00Z,2024-09-30T00:16:00Z,frozen_holdout,long_signal,0,1225.27204548952,0,61.263602274476,no_action_disarmed,,
intent_ffd5422e04f9c1e361e22451,14fe506eea1dde99cc86d05154adaef4c7c28eb1130074aa6de40e1207f1ae9c,2024-10-01T00:00:00Z,2024-10-01T00:15:00Z,2024-10-01T00:16:00Z,frozen_holdout,below_trend,0,1225.27204548952,0,61.263602274476,no_action_disarmed,,
intent_5649256984bfcda0a5056c58,086848eff4c0d84b5ac7fe0cc97ea2da87f0cf3cb6e3ab920b4780f05885c8a6,2024-10-02T00:00:00Z,2024-10-02T00:15:00Z,2024-10-02T00:16:00Z,frozen_holdout,below_trend,0,1225.27204548952,0,61.263602274476,no_action_disarmed,,
intent_c2c2bda2521352cec7d2b37d,65e8748f9e17e8440debc31f0062b2a401bab7d48f9513c4bd566f375ea4f96b,2024-10-03T00:00:00Z,2024-10-03T00:15:00Z,2024-10-03T00:18:00Z,frozen_holdout,below_trend,0,1225.27204548952,0,61.263602274476,no_action_disarmed,,
intent_d8c5cb917a6cb37627569173,f8b9763f9d2405daa2b008dc201a411bc61943d683f60ee4e0722d4504887656,2024-10-04T00:00:00Z,2024-10-04T00:15:00Z,2024-10-04T00:16:00Z,frozen_holdout,below_trend,0,1225.27204548952,0,61.263602274476,no_action_disarmed,,
intent_d789264c605b28b483aa988b,e418215e12f9dadb643b155dfee2715312fb52f88552ea61d839d14dc6fa9446,2024-10-05T00:00:00Z,2024-10-05T00:15:00Z,2024-10-05T00:16:00Z,frozen_holdout,below_trend,0,1225.27204548952,0,61.263602274476,no_action_disarmed,,
intent_db53ea5357e79b1d4fe81944,5255486a7a19e2dcff41b2d5df1a03a8744fc6eae1403d61181fbda6e58069c9,2024-10-06T00:00:00Z,2024-10-06T00:15:00Z,2024-10-06T00:18:00Z,frozen_holdout,below_trend,0,1225.27204548952,0,61.263602274476,no_action_disarmed,,
intent_b622f81dc870e1d34fd75d54,268261c9327e1c5c0b3c2d54da1773c8a86d426804e668be8e2e1b76a53c8c7c,2024-10-07T00:00:00Z,2024-10-07T00:15:00Z,2024-10-07T00:17:00Z,frozen_holdout,below_trend,0,1225.27204548952,0,61.263602274476,no_action_disarmed,,
intent_a0c9fba4a4b4e63f18df38c6,800ddc06e2c321717cd0a690fad2d80b9a42a0999442294d9005773cf3ed6a61,2024-10-08T00:00:00Z,2024-10-08T00:15:00Z,2024-10-08T00:18:00Z,frozen_holdout,below_trend,0,1225.27204548952,0,61.263602274476,no_action_disarmed,,
intent_1842eb07b5430fc2229da043,01947b066d0fd92072d6a7f345f745f069ba7afcde725125738631fd68e71fce,2024-10-09T00:00:00Z,2024-10-09T00:15:00Z,2024-10-09T00:18:00Z,frozen_holdout,below_trend,0,1225.27204548952,0,61.263602274476,no_action_disarmed,,
intent_569d35b4e08ea222e35acf81,a5b86fbd1674281cfb8163f6361714ce105bfdd3903d7fe0022c8afc6d3fd616,2024-10-10T00:00:00Z,2024-10-10T00:15:00Z,2024-10-10T00:18:00Z,frozen_holdout,below_trend,0,1225.27204548952,0,61.263602274476,no_action_disarmed,,
intent_d0f490d4822ee01a9aea18ba,ee757a58175ca6a475b7f67d8a8c182e411376ac8fe2d12989b1c735336ee0ee,2024-10-11T00:00:00Z,2024-10-11T00:15:00Z,2024-10-11T00:16:00Z,frozen_holdout,below_trend,0,1225.27204548952,0,61.263602274476,no_action_disarmed,,
intent_20b725fbb97243951b893f36,42fb352c1c5c3616d4d23d9d7892bca51579a1cb47b526fe8f3f7965209e0bf3,2024-10-12T00:00:00Z,2024-10-12T00:15:00Z,2024-10-12T00:16:00Z,frozen_holdout,below_trend,0,1225.27204548952,0,61.263602274476,no_action_disarmed,,
intent_511a8d5b4f45fa80a9b214b3,feab8c5e6a41b7d45a1c8daec4cfbd5d99e78de11ea83246f89bacc178e49d49,2024-10-13T00:00:00Z,2024-10-13T00:15:00Z,2024-10-13T00:17:00Z,frozen_holdout,long_signal,0,1225.27204548952,0,61.263602274476,no_action_disarmed,,
intent_a6aaa2bed43d99877dde7d20,cbdc70ec7cb4587edfd7c148a48a39a4bdf62bf64ebc02d400c31415ce54ca4e,2024-10-14T00:00:00Z,2024-10-14T00:15:00Z,2024-10-14T00:18:00Z,frozen_holdout,non_positive_momentum,0,1225.27204548952,0,61.263602274476,no_action_disarmed,,
intent_078d0f9819e40ce287ddb57b,932d5e593a9f1cad1badadb92557ebe6566a532ce4043a085598ddc0950dfb57,2024-10-15T00:00:00Z,2024-10-15T00:15:00Z,2024-10-15T00:16:00Z,frozen_holdout,long_signal,0,1225.27204548952,0,61.263602274476,no_action_disarmed,,
intent_69e4e968c286136dcdfb388e,c00278a3c0351fd7c17c7aaf413f02c02ff48ba8c1ec4551031a6bf6ac981663,2024-10-16T00:00:00Z,2024-10-16T00:15:00Z,2024-10-16T00:16:00Z,frozen_holdout,long_signal,0,1225.27204548952,0,61.263602274476,no_action_disarmed,,
intent_1bbacf1e83c2da9b343830a3,bcb7ca55fa79d6af6b6ed965fe55a46da6535c3f1df4ba64efaad2bf99710320,2024-10-17T00:00:00Z,2024-10-17T00:15:00Z,2024-10-17T00:17:00Z,frozen_holdout,long_signal,0,1225.27204548952,0,61.263602274476,no_action_disarmed,,
intent_3a633dd48279044338de164a,826aebc98c6665a3d93f237122d48040c1d40037471055f1e8a6f2c5a205dcf7,2024-10-18T00:00:00Z,2024-10-18T00:15:00Z,2024-10-18T00:17:00Z,frozen_holdout,long_signal,0,1225.27204548952,0,61.263602274476,no_action_disarmed,,
intent_ee780d70ecb162ea9ab9c51e,f8b529d46447c7fdd139e7f873b77c8aa22916261bc8c36dc6816822f3def35a,2024-10-19T00:00:00Z,2024-10-19T00:15:00Z,2024-10-19T00:17:00Z,frozen_holdout,long_signal,0,1225.27204548952,0,61.263602274476,no_action_disarmed,,
intent_ccce867681d310dd9f6b183d,ff53c34e8f553f234cfdff57101ec67d7ff7bfb021cbf1cae5c77a1a1b7ed502,2024-10-20T00:00:00Z,2024-10-20T00:15:00Z,2024-10-20T00:16:00Z,frozen_holdout,long_signal,0,1225.27204548952,0,61.263602274476,no_action_disarmed,,
intent_a028e833774b8c2f6c4a8512,8f2c3c3e3971b0a4b1f893324afc1a28857d1e496c515aed9043eefc6cd5c4eb,2024-10-21T00:00:00Z,2024-10-21T00:15:00Z,2024-10-21T00:17:00Z,frozen_holdout,long_signal,0,1225.27204548952,0,61.263602274476,no_action_disarmed,,
intent_ca31e3a8d772560c5659ada2,c848dce3fc7673b1a4153d4420845e8291a02a8280c236cc1781c8b69e8036f3,2024-10-22T00:00:00Z,2024-10-22T00:15:00Z,2024-10-22T00:18:00Z,frozen_holdout,long_signal,0,1225.27204548952,0,61.263602274476,no_action_disarmed,,
intent_5706eac7738be83516e7fbbd,8c46e321ab155aa5a9216e0335eded15c0be7caa3b248a9891796a8519535f8b,2024-10-23T00:00:00Z,2024-10-23T00:15:00Z,2024-10-23T00:16:00Z,frozen_holdout,long_signal,0,1225.27204548952,0,61.263602274476,no_action_disarmed,,
intent_dd08326ad575db82d997bfcc,1d11169f35d1f9f0b7495a60fd7abf96e409e9d72e35e75243a6cadbf635e1f2,2024-10-24T00:00:00Z,2024-10-24T00:15:00Z,2024-10-24T00:18:00Z,frozen_holdout,long_signal,0,1225.27204548952,0,61.263602274476,no_action_disarmed,,
intent_016084372be2638d25b049bd,a5a4ef32584c1bd12fdb1cf5966c1e8d5eb00034ea047177b2c92b5af2f9ba72,2024-10-25T00:00:00Z,2024-10-25T00:15:00Z,2024-10-25T00:16:00Z,frozen_holdout,long_signal,0,1225.27204548952,0,61.263602274476,no_action_disarmed,,
intent_1510e9ae504b9cd62d3e2aaa,43f1c5466782b355bf8f75af7f4a8d536b1cf4fb8400a046308fa67fba3247d3,2024-10-26T00:00:00Z,2024-10-26T00:15:00Z,2024-10-26T00:16:00Z,frozen_holdout,non_positive_momentum,0,1225.27204548952,0,61.263602274476,no_action_disarmed,,
intent_5def346bee1cc3a1af17bd5f,64beff5a1667c6087ea2c16f788beafb61e014cdd47e5322a41a5c32ef7525c8,2024-10-27T00:00:00Z,2024-10-27T00:15:00Z,2024-10-27T00:16:00Z,frozen_holdout,non_positive_momentum,0,1225.27204548952,0,61.263602274476,no_action_disarmed,,
intent_dd2526735e516430e915cbe2,885b10eb44aa3c732b6e1013cdafeacd9c6f7ea6046082ee4d21599eca935584,2024-10-28T00:00:00Z,2024-10-28T00:15:00Z,2024-10-28T00:18:00Z,frozen_holdout,long_signal,0,1225.27204548952,0,61.263602274476,no_action_disarmed,,
intent_a09f28dbd3a4e34111e1e90c,00aa07a5348f0f32577541e1136895f85d2f06fdc123d44eac9aa5033179374d,2024-10-29T00:00:00Z,2024-10-29T00:15:00Z,2024-10-29T00:18:00Z,frozen_holdout,long_signal,0,1225.27204548952,0,61.263602274476,no_action_disarmed,,
intent_271133f5e522af3a3531a25a,717345e3248603505af8c0db5707cf7eec982ad75c3e0b3de46203ab1b57b267,2024-10-30T00:00:00Z,2024-10-30T00:15:00Z,2024-10-30T00:17:00Z,frozen_holdout,long_signal,0,1225.27204548952,0,61.263602274476,no_action_disarmed,,
intent_70d20a6ccde34046c26955b5,bad17d4f2a8412c9db4e91f4732581a4996576f705734073e42699aac3537cdf,2024-10-31T00:00:00Z,2024-10-31T00:15:00Z,2024-10-31T00:16:00Z,frozen_holdout,long_signal,0,1225.27204548952,0,61.263602274476,no_action_disarmed,,
intent_9bb67fe69cd557c4da692779,2a857a0c49ef5d9a751a594302bf816be966d0e086c5bfae949c276a6d1fc43f,2024-11-01T00:00:00Z,2024-11-01T00:15:00Z,2024-11-01T00:18:00Z,frozen_holdout,long_signal,0,1225.27204548952,0,61.263602274476,no_action_disarmed,,
intent_905f5e9307886f1ea418a258,936ec7195a4801edb0695abd9b124e3aa10b083da7356a7938ec0baac5ba4605,2024-11-02T00:00:00Z,2024-11-02T00:15:00Z,2024-11-02T00:16:00Z,frozen_holdout,long_signal,0,1225.27204548952,0,61.263602274476,no_action_disarmed,,
intent_a669beb6226b813b179ac345,a41c5a50d2c8756bb80b682d3e74ffec5bdffd58e1453087f7cd503a0eacc482,2024-11-03T00:00:00Z,2024-11-03T00:15:00Z,2024-11-03T00:18:00Z,frozen_holdout,long_signal,0,1225.27204548952,0,61.263602274476,no_action_disarmed,,
intent_22c3c1ddb7246b889d95dd0f,721fe7d4d06b1e693c7a17232ed301252ec4ed9b6ade8b2fb5ca94c43a1977c1,2024-11-04T00:00:00Z,2024-11-04T00:15:00Z,2024-11-04T00:18:00Z,frozen_holdout,long_signal,0,1225.27204548952,0,61.263602274476,no_action_disarmed,,
intent_c3776c18a21f8e14e66ab3fa,16cb0cf9a52aba15359883b17172fc325e0d38295cfa5ec54d595e45dab451b8,2024-11-05T00:00:00Z,2024-11-05T00:15:00Z,2024-11-05T00:18:00Z,frozen_holdout,long_signal,0,1225.27204548952,0,61.263602274476,no_action_disarmed,,
intent_12a2787184f593d0bf51b9e8,abd0f484c04ec204dd1c6bf0a447189beab55d94a72188f756ffe812e19b18bf,2024-11-06T00:00:00Z,2024-11-06T00:15:00Z,2024-11-06T00:16:00Z,frozen_holdout,long_signal,0,1225.27204548952,0,61.263602274476,no_action_disarmed,,
intent_0721eeac8cba29263828a348,483b171d81a9df50d48c5b8c0bdfc95d00d113a1b72fce6bdf5d1a9afc93ee25,2024-11-07T00:00:00Z,2024-11-07T00:15:00Z,2024-11-07T00:16:00Z,frozen_holdout,long_signal,0,1225.27204548952,0,61.263602274476,no_action_disarmed,,
intent_b6a294fc55e994903b9e0984,653abda6385c07312f463aaf1b4c11a344aa3f677877f1b97f3781f52ec1ae1a,2024-11-08T00:00:00Z,2024-11-08T00:15:00Z,2024-11-08T00:16:00Z,frozen_holdout,long_signal,0,1225.27204548952,0,61.263602274476,no_action_disarmed,,
intent_925bea57698f92b19b99a22e,b4c511fa3cd940f2e6c1143cb15f39e19aef56616610e8c932e45fce87c028aa,2024-11-09T00:00:00Z,2024-11-09T00:15:00Z,2024-11-09T00:16:00Z,frozen_holdout,long_signal,0,1225.27204548952,0,61.263602274476,no_action_disarmed,,
intent_3c2e0b0dfdd9c4e5b5dcecdd,2cfd02d7bc5242a9d660a1dc6c86a44d68c5e4bf6376395ad70062939e91043e,2024-11-10T00:00:00Z,2024-11-10T00:15:00Z,2024-11-10T00:16:00Z,frozen_holdout,long_signal,0,1225.27204548952,0,61.263602274476,no_action_disarmed,,
intent_38255b96c9197b39160d20e0,59e175e4f628ba88ae0e0d465858eb2c5f6e373662f1f0d64ec568ec2a2fa8b4,2024-11-11T00:00:00Z,2024-11-11T00:15:00Z,2024-11-11T00:16:00Z,frozen_holdout,long_signal,0,1225.27204548952,0,61.263602274476,no_action_disarmed,,
intent_9a37b06773b8eb867f74d2cd,22040b22a3ccca070598079fac323b0971b9b6fa859b3905130e34b7cac048bd,2024-11-12T00:00:00Z,2024-11-12T00:15:00Z,2024-11-12T00:16:00Z,frozen_holdout,long_signal,0,1225.27204548952,0,61.263602274476,no_action_disarmed,,
intent_8407cfeebc4ecf91d5a273dc,b3e7ce3a89c7a3efab87bf0b2ef3a48bd77477f1ab75d464bd235fbb5905cfcb,2024-11-13T00:00:00Z,2024-11-13T00:15:00Z,2024-11-13T00:17:00Z,frozen_holdout,long_signal,0,1225.27204548952,0,61.263602274476,no_action_disarmed,,
intent_03583289850a8ae6cddadc75,10dec770219009c545d2c89514d69f673f761ccfd677ac532428e1d9cb223ee6,2024-11-14T00:00:00Z,2024-11-14T00:15:00Z,2024-11-14T00:16:00Z,frozen_holdout,long_signal,0,1225.27204548952,0,61.263602274476,no_action_disarmed,,
intent_1a7b815d43f753d77abfbbe6,8dd218ed1b3452b25d7450dd330f9eb31ffca126868a2fa849a315ad5317f2fb,2024-11-15T00:00:00Z,2024-11-15T00:15:00Z,2024-11-15T00:16:00Z,frozen_holdout,long_signal,0,1225.27204548952,0,61.263602274476,no_action_disarmed,,
intent_09cc88850f34590574c49343,7f983172c77b2049fc64203720ad3d2edfc27100cf6143b4f6cee47a0691ce3e,2024-11-16T00:00:00Z,2024-11-16T00:15:00Z,2024-11-16T00:16:00Z,frozen_holdout,long_signal,0,1225.27204548952,0,61.263602274476,no_action_disarmed,,
intent_80604ff6b2e0e35bb7a03010,d4b6b3a2de839cf441eea1897526b7592efdf05c8ed9acfa8fc97cfd62b61d4c,2024-11-17T00:00:00Z,2024-11-17T00:15:00Z,2024-11-17T00:16:00Z,frozen_holdout,long_signal,0,1225.27204548952,0,61.263602274476,no_action_disarmed,,
intent_4c78a98c95e71f07aba3b348,08fc799939ba45c25c93481173c6a388b6ea8a5e1a975fc5c467f6a2a8fc9ca7,2024-11-18T00:00:00Z,2024-11-18T00:15:00Z,2024-11-18T00:16:00Z,frozen_holdout,long_signal,0,1225.27204548952,0,61.263602274476,no_action_disarmed,,
intent_f0025d1b50cfdcac5e3c6516,05f01df128b4341aa66af7a97d1a24571c47f0b1aec13b2665c67e5c5cea01da,2024-11-19T00:00:00Z,2024-11-19T00:15:00Z,2024-11-19T00:17:00Z,frozen_holdout,long_signal,0,1225.27204548952,0,61.263602274476,no_action_disarmed,,
intent_5458fca31c0caefa7c26a48a,786269b12fcec240a51faca42c51bba23944451da1ada77d2304391698f6b545,2024-11-20T00:00:00Z,2024-11-20T00:15:00Z,2024-11-20T00:16:00Z,frozen_holdout,long_signal,0,1225.27204548952,0,61.263602274476,no_action_disarmed,,
intent_6f100cb481a545c7c56de17b,8b6fd8d1dd8eacf4f7973c52f4ba6f6786eac0956736da10d0ac8b82c01ae767,2024-11-21T00:00:00Z,2024-11-21T00:15:00Z,2024-11-21T00:18:00Z,frozen_holdout,long_signal,0,1225.27204548952,0,61.263602274476,no_action_disarmed,,
intent_9fe14b417df4e6647d6f18c0,c9fff1ab37383f3e67de33babc189d43e93d1ccbe0f10764e5aa8e5f0c5719aa,2024-11-22T00:00:00Z,2024-11-22T00:15:00Z,2024-11-22T00:16:00Z,frozen_holdout,long_signal,0,1225.27204548952,0,61.263602274476,no_action_disarmed,,
intent_54b836fc2b03b3919ebadbc9,706b892bb551151011935a2089b31f31a099c08b1f9a9c3701048b8a7bc95012,2024-11-23T00:00:00Z,2024-11-23T00:15:00Z,2024-11-23T00:17:00Z,frozen_holdout,long_signal,0,1225.27204548952,0,61.263602274476,no_action_disarmed,,
intent_297e3c3793440c1e8f529c71,8637c687e2583da36a7a6764c9011d4b068f71087dd1237b66f0909c9612ddfd,2024-11-24T00:00:00Z,2024-11-24T00:15:00Z,2024-11-24T00:18:00Z,frozen_holdout,long_signal,0,1225.27204548952,0,61.263602274476,no_action_disarmed,,
intent_334d89ef1e20de0c65fecdd8,7211302df295af8b8addee22f650789e2a725d540a0694d3d33b6543389eb25c,2024-11-25T00:00:00Z,2024-11-25T00:15:00Z,2024-11-25T00:16:00Z,frozen_holdout,long_signal,0,1225.27204548952,0,61.263602274476,no_action_disarmed,,
intent_9bd78e52cc631164a34edd59,4717350f515d80d0fba3d8f07f423037c47cd75f60ff5f88d70ff54ee7e8ecfa,2024-11-26T00:00:00Z,2024-11-26T00:15:00Z,2024-11-26T00:16:00Z,frozen_holdout,long_signal,0,1225.27204548952,0,61.263602274476,no_action_disarmed,,
intent_0685ffe29a9ace86855de96d,495aa047ca2ac4820c5294542536cd36aa23dc6392f4fd5be5cee66c50442f85,2024-11-27T00:00:00Z,2024-11-27T00:15:00Z,2024-11-27T00:18:00Z,frozen_holdout,long_signal,0,1225.27204548952,0,61.263602274476,no_action_disarmed,,
intent_6ec8c99128ccac649e35d1d7,c8a3277a9637d0f21985c8684efde813c926650f9d48156d5502014e1648c7ce,2024-11-28T00:00:00Z,2024-11-28T00:15:00Z,2024-11-28T00:17:00Z,frozen_holdout,long_signal,0,1225.27204548952,0,61.263602274476,no_action_disarmed,,
intent_dfcead8c8bace23816f6125a,96e920a2faf867d0251ef346082279ea54c26873b937bf72c5044288b21e90a6,2024-11-29T00:00:00Z,2024-11-29T00:15:00Z,2024-11-29T00:16:00Z,frozen_holdout,long_signal,0,1225.27204548952,0,61.263602274476,no_action_disarmed,,
intent_5ea2e7748d8fa12b2de63a2f,e7a7e6808e74f243ee11daae6175bc1450405cdc4e04830b982f294578e18b84,2024-11-30T00:00:00Z,2024-11-30T00:15:00Z,2024-11-30T00:16:00Z,frozen_holdout,long_signal,0,1225.27204548952,0,61.263602274476,no_action_disarmed,,
intent_b3c4b12f7dfb1540a753b2e3,d82a6f15fa9082570e8ce83e87a76c71909ae926e7ec8c217daa285d61d18bf2,2024-12-01T00:00:00Z,2024-12-01T00:15:00Z,2024-12-01T00:16:00Z,frozen_holdout,long_signal,0,1225.27204548952,0,61.263602274476,no_action_disarmed,,
intent_7eb94bd66ff5faa8853eab01,92604e432f249d1361c09e6e7d1e212b30270f38e89605b961a436653363849e,2024-12-02T00:00:00Z,2024-12-02T00:15:00Z,2024-12-02T00:17:00Z,frozen_holdout,long_signal,0,1225.27204548952,0,61.263602274476,no_action_disarmed,,
intent_80b2df593446a379f61680b3,75405037b365324c0e571947a73f94bc5efcfcef95d165de9dd0c2846930f5e7,2024-12-03T00:00:00Z,2024-12-03T00:15:00Z,2024-12-03T00:16:00Z,frozen_holdout,long_signal,0,1225.27204548952,0,61.263602274476,no_action_disarmed,,
intent_23b674c473952029fe3fb257,a9f96fe557ffa154e576e4e9e875103def8086a468dd235286ae3b86c6e270ba,2024-12-04T00:00:00Z,2024-12-04T00:15:00Z,2024-12-04T00:16:00Z,frozen_holdout,long_signal,0,1225.27204548952,0,61.263602274476,no_action_disarmed,,
intent_2d92fd139bc8ef0ba7d47c30,452ab8b639b3b4647ee911d84382185d4b2116aef8c5981d4cd84a2568273492,2024-12-05T00:00:00Z,2024-12-05T00:15:00Z,2024-12-05T00:17:00Z,frozen_holdout,long_signal,0,1225.27204548952,0,61.263602274476,no_action_disarmed,,
intent_1da28948271e4c88423697a4,6cc0d88e66393ead183fe5f5ccec1fd1f8cc14d2bfcded6bc35ca6623828677e,2024-12-06T00:00:00Z,2024-12-06T00:15:00Z,2024-12-06T00:16:00Z,frozen_holdout,long_signal,0,1225.27204548952,0,61.263602274476,no_action_disarmed,,
intent_71f282d629cb3f5d08abfcfb,f424238810245fe3bc94c412b6af78211aff8cce2a92bd54e2b659d3ba36010e,2024-12-07T00:00:00Z,2024-12-07T00:15:00Z,2024-12-07T00:17:00Z,frozen_holdout,long_signal,0,1225.27204548952,0,61.263602274476,no_action_disarmed,,
intent_87a316d2246006eba5f0babe,11af045cc6a5207361cbc2ea25b081ffc457f5ade2a2d9effd063ed81ae4511f,2024-12-08T00:00:00Z,2024-12-08T00:15:00Z,2024-12-08T00:16:00Z,frozen_holdout,long_signal,0,1225.27204548952,0,61.263602274476,no_action_disarmed,,
intent_ee9a69a375ad5e8e79404d25,ee12c4d7a12bf94d19124de90fa2792458830d0831c8d5531b551537b5b6dc32,2024-12-09T00:00:00Z,2024-12-09T00:15:00Z,2024-12-09T00:17:00Z,frozen_holdout,long_signal,0,1225.27204548952,0,61.263602274476,no_action_disarmed,,
intent_99effd0a337901437b561c9a,f7d225534b9e21cf7ccfb8047c4010718708ae32784a888ef4e347a823ea8842,2024-12-10T00:00:00Z,2024-12-10T00:15:00Z,2024-12-10T00:17:00Z,frozen_holdout,long_signal,0,1225.27204548952,0,61.263602274476,no_action_disarmed,,
intent_8e1330cff7c8f08b14430599,2bc1c541d19e42854e6bcc4ae9d3246f2f8b3de1cbd168d8b4189d6caba13238,2024-12-11T00:00:00Z,2024-12-11T00:15:00Z,2024-12-11T00:18:00Z,frozen_holdout,long_signal,0,1225.27204548952,0,61.263602274476,no_action_disarmed,,
intent_4c7a8706c91e24dbfc29309d,7adbfba1eb2868246d554c0b8421eda89646ac196d72fdcc01cdcc1672ac4e5c,2024-12-12T00:00:00Z,2024-12-12T00:15:00Z,2024-12-12T00:18:00Z,frozen_holdout,long_signal,0,1225.27204548952,0,61.263602274476,no_action_disarmed,,
intent_8f6c4bd712fd9d191d746c03,2b418c1a5bc58984fb180357d9915223bd190284036dfae0c60c9e65a29ed33a,2024-12-13T00:00:00Z,2024-12-13T00:15:00Z,2024-12-13T00:16:00Z,frozen_holdout,long_signal,0,1225.27204548952,0,61.263602274476,no_action_disarmed,,
intent_ae3d8ea28d846824c8dd0d70,1b15c30f1232b077a9e3afd4251294c8c5f59169529a00f76b17d01d27e47047,2024-12-14T00:00:00Z,2024-12-14T00:15:00Z,2024-12-14T00:16:00Z,frozen_holdout,long_signal,0,1225.27204548952,0,61.263602274476,no_action_disarmed,,
intent_8d344adfc6c8a4f3b0fef6eb,582e9090d836f02f6df0d3e49e119460d06448048486bf27a81327765d942022,2024-12-15T00:00:00Z,2024-12-15T00:15:00Z,2024-12-15T00:18:00Z,frozen_holdout,long_signal,0,1225.27204548952,0,61.263602274476,no_action_disarmed,,
intent_65c3a307b4c66dc466e2134e,42ed47dab2771949c9b70b8ec92810e8fc3f3f912ea6bb96489e0a2d8cff9ca5,2024-12-16T00:00:00Z,2024-12-16T00:15:00Z,2024-12-16T00:16:00Z,frozen_holdout,long_signal,0,1225.27204548952,0,61.263602274476,no_action_disarmed,,
intent_80d17baa6d2f1c2fe423e976,95ae21782369ca969b9f42cfa5a823cc21652f441aab105b8e2fc8b5af5542af,2024-12-17T00:00:00Z,2024-12-17T00:15:00Z,2024-12-17T00:17:00Z,frozen_holdout,long_signal,0,1225.27204548952,0,61.263602274476,no_action_disarmed,,
intent_a41b0e862dacff1ccf308304,6364d32c3bd586ad415ed22d80266342e0b900415d5ead718c478fe65fa7a2d9,2024-12-18T00:00:00Z,2024-12-18T00:15:00Z,2024-12-18T00:16:00Z,frozen_holdout,long_signal,0,1225.27204548952,0,61.263602274476,no_action_disarmed,,
intent_3a50f8a00e1e87f73416a526,3c61beda560cecabab39ba05612caba3091624eba7dde0665fde670f91aedf4d,2024-12-19T00:00:00Z,2024-12-19T00:15:00Z,2024-12-19T00:16:00Z,frozen_holdout,long_signal,0,1225.27204548952,0,61.263602274476,no_action_disarmed,,
intent_c067d634681b75f125fe38b2,b8ae89b2548e397c09de38e9af6b4c0e8a7e0f97d7fd5ef800e085f35f0ab50c,2024-12-20T00:00:00Z,2024-12-20T00:15:00Z,2024-12-20T00:16:00Z,frozen_holdout,long_signal,0,1225.27204548952,0,61.263602274476,no_action_disarmed,,
intent_5176442ac8e46e8190faecd4,b70e0fa8b7c9ee31b8f72420b206cb4b724bc3ed9e5f85f5383c6c490f40ce39,2024-12-21T00:00:00Z,2024-12-21T00:15:00Z,2024-12-21T00:18:00Z,frozen_holdout,long_signal,0,1225.27204548952,0,61.263602274476,no_action_disarmed,,
intent_b2afeb2bd8d041f4214e3a81,e3668577222c715cc151e4c9e3082c84c3e981e8704b6ad71f8d46dfb276b30f,2024-12-22T00:00:00Z,2024-12-22T00:15:00Z,2024-12-22T00:17:00Z,frozen_holdout,long_signal,0,1225.27204548952,0,61.263602274476,no_action_disarmed,,
intent_4234593330dd90667d9e7f3b,cd987d801b6b49f409e6d32e13579cee189e096afde8612dae12bda7552b1a62,2024-12-23T00:00:00Z,2024-12-23T00:15:00Z,2024-12-23T00:17:00Z,frozen_holdout,long_signal,0,1225.27204548952,0,61.263602274476,no_action_disarmed,,
intent_80cae135628900711dd4978c,a84768a993e3fb879dcf57bd7cf1dc052ae091aed4a090b8bc49c9b03f01343c,2024-12-24T00:00:00Z,2024-12-24T00:15:00Z,2024-12-24T00:16:00Z,frozen_holdout,long_signal,0,1225.27204548952,0,61.263602274476,no_action_disarmed,,
intent_d7b929cc01cad08d7ae79cec,9e94c22e271d347a5b6a158666ad5b0f5b47fc0822f66f992a74b1ba4d7c3088,2024-12-25T00:00:00Z,2024-12-25T00:15:00Z,2024-12-25T00:18:00Z,frozen_holdout,long_signal,0,1225.27204548952,0,61.263602274476,no_action_disarmed,,
intent_c2b2756c21c42c9bc0fc28e8,3f0d6f08d190b6d2e067dbc57b383d6c2f6620cfdae5df7da43f7dc026356f9c,2024-12-26T00:00:00Z,2024-12-26T00:15:00Z,2024-12-26T00:18:00Z,frozen_holdout,long_signal,0,1225.27204548952,0,61.263602274476,no_action_disarmed,,
intent_b9b2d295c5fe0d98d159fbb0,5e3df3b75cb709157efa820f475a551e0e759415cb412cc43f6f37426bbcfdf9,2024-12-27T00:00:00Z,2024-12-27T00:15:00Z,2024-12-27T00:16:00Z,frozen_holdout,long_signal,0,1225.27204548952,0,61.263602274476,no_action_disarmed,,
intent_8895f0019ada1e5ab63595ea,3f574be18fe09a9d0bbef0a3fba5f417d1557ecae71ff805c380218dd5a3477a,2024-12-28T00:00:00Z,2024-12-28T00:15:00Z,2024-12-28T00:18:00Z,frozen_holdout,long_signal,0,1225.27204548952,0,61.263602274476,no_action_disarmed,,
intent_354a4c896bb6583fd0482ec1,a3fef5edc13d3a3ad2647ef3129a3fba1e8c5c045b6ca1ebec9cadc569e59a96,2024-12-29T00:00:00Z,2024-12-29T00:15:00Z,2024-12-29T00:18:00Z,frozen_holdout,long_signal,0,1225.27204548952,0,61.263602274476,no_action_disarmed,,
intent_c2e720a1a0c26ae6b76c06e1,b2b922527b2a9059b312bb22bd9dbb0a21c1961ca8e89d71223b302b4a1e86ab,2024-12-30T00:00:00Z,2024-12-30T00:15:00Z,2024-12-30T00:18:00Z,frozen_holdout,long_signal,0,1225.27204548952,0,61.263602274476,no_action_disarmed,,
intent_a7b62a4c7ec778c745620558,533c35537d28b5c9d6e3b9f93454b6a1505722f01df5b195e976804a600d5634,2024-12-31T00:00:00Z,2024-12-31T00:15:00Z,2024-12-31T00:16:00Z,frozen_holdout,long_signal,0,1225.27204548952,0,61.263602274476,no_action_disarmed,,
intent_09a2fa491cfcaf595937f90a,2285bae1a54f859b79be804a02ffdaee9e577a1c7a2e34ec3d0dcca9ffe9203d,2025-01-01T00:00:00Z,2025-01-01T00:15:00Z,2025-01-01T00:17:00Z,frozen_holdout,long_signal,0,1225.27204548952,0,61.263602274476,no_action_disarmed,,
intent_ab37d411d12db23bc65ab274,f272c8b102dc86f960307462c6994c088367afc06a4c90fa27202ad7274220cd,2025-01-02T00:00:00Z,2025-01-02T00:15:00Z,2025-01-02T00:16:00Z,frozen_holdout,long_signal,0,1225.27204548952,0,61.263602274476,no_action_disarmed,,
intent_550b104a29d17b4e1dd506c1,8e01114c662461f8557696f214efa255409e5ea29312c5024bfefe6900f46925,2025-01-03T00:00:00Z,2025-01-03T00:15:00Z,2025-01-03T00:17:00Z,frozen_holdout,long_signal,0,1225.27204548952,0,61.263602274476,no_action_disarmed,,
intent_07af5c098a5f01d1477d840b,4902f7ac44796248b4fcc8014c35a92c3efbc3af19a9bd8ad0b38efb81f382bc,2025-01-04T00:00:00Z,2025-01-04T00:15:00Z,2025-01-04T00:16:00Z,frozen_holdout,long_signal,0,1225.27204548952,0,61.263602274476,no_action_disarmed,,
intent_fc6d8c5bf8ce8ac44a1a4395,6bc8ebea183349c6c10ecb3a34d22bd35014faa327c3999c4fa555e1f4ac40b9,2025-01-05T00:00:00Z,2025-01-05T00:15:00Z,2025-01-05T00:16:00Z,frozen_holdout,long_signal,0,1225.27204548952,0,61.263602274476,no_action_disarmed,,
intent_1bfbed101ea1e32fe18d9064,12ccd6da2858a17da36945ed618e7c435410dc939ecea3ec88dc0ee01972556c,2025-01-06T00:00:00Z,2025-01-06T00:15:00Z,2025-01-06T00:18:00Z,frozen_holdout,long_signal,0,1225.27204548952,0,61.263602274476,no_action_disarmed,,
intent_3d348f92b2743ddb272a1be9,544b76eb5fc2b6cb3cffd8988f583d029fe9c74a93bbf6929c4eb5d13c729ddf,2025-01-07T00:00:00Z,2025-01-07T00:15:00Z,2025-01-07T00:16:00Z,frozen_holdout,long_signal,0,1225.27204548952,0,61.263602274476,no_action_disarmed,,
intent_c7efd70fc898f0c7f81415b6,eadab9c6cd7f7ce092723e51d49077c4cb5d2ea7a7bab5651dd412f091354347,2025-01-08T00:00:00Z,2025-01-08T00:15:00Z,2025-01-08T00:16:00Z,frozen_holdout,long_signal,0,1225.27204548952,0,61.263602274476,no_action_disarmed,,
intent_94e57257b874c29f51c5805b,58d59dab9fa005bea057886dfc536501d4ebfa9159dfaecdc69bd696fd7ff5e7,2025-01-09T00:00:00Z,2025-01-09T00:15:00Z,2025-01-09T00:18:00Z,frozen_holdout,long_signal,0,1225.27204548952,0,61.263602274476,no_action_disarmed,,
intent_4fa8e826665f738c18816e5f,0ce6ed6173593a3403566a3caeff829cf9f994c3034bda8d27ec719200380874,2025-01-10T00:00:00Z,2025-01-10T00:15:00Z,2025-01-10T00:16:00Z,frozen_holdout,long_signal,0,1225.27204548952,0,61.263602274476,no_action_disarmed,,
intent_9537b1230a57fdc89d4e0533,3a59630f7d9b964482182f95ba1093db5d41c73b2ba6b3d8d5751044c7339c70,2025-01-11T00:00:00Z,2025-01-11T00:15:00Z,2025-01-11T00:16:00Z,frozen_holdout,long_signal,0,1225.27204548952,0,61.263602274476,no_action_disarmed,,
intent_b0f63a27f97cc867b0599b32,61dcce8dcd5df7f9ac44964112ca550a34ecb479f2a93b3b5277111b9125a5bc,2025-01-12T00:00:00Z,2025-01-12T00:15:00Z,2025-01-12T00:17:00Z,frozen_holdout,long_signal,0,1225.27204548952,0,61.263602274476,no_action_disarmed,,
intent_bcbf16ca8c30ea4a87de052e,44f803eb09ca55c1f1138ebc2b7b7335d82562ececde5febf5782b3cb1f94871,2025-01-13T00:00:00Z,2025-01-13T00:15:00Z,2025-01-13T00:18:00Z,frozen_holdout,long_signal,0,1225.27204548952,0,61.263602274476,no_action_disarmed,,
intent_954c8ca2c81d105696db554e,caff2ba08673d2a0874ef9b4814facf6f854de91b974d5b270da094f15de71aa,2025-01-14T00:00:00Z,2025-01-14T00:15:00Z,2025-01-14T00:16:00Z,frozen_holdout,long_signal,0,1225.27204548952,0,61.263602274476,no_action_disarmed,,
intent_5b8d4fde4602b93d98a921e1,5ebf0974d8942ac83110c5ee476296d49dc69223c88e3e6f16c649ea85cd6a73,2025-01-15T00:00:00Z,2025-01-15T00:15:00Z,2025-01-15T00:16:00Z,frozen_holdout,long_signal,0,1225.27204548952,0,61.263602274476,no_action_disarmed,,
intent_71eb893fcf29c89ee5022ed1,477144571d977b249afe27930719d0088ec5c2ce571a681e0880965eddbc4226,2025-01-16T00:00:00Z,2025-01-16T00:15:00Z,2025-01-16T00:16:00Z,frozen_holdout,long_signal,0,1225.27204548952,0,61.263602274476,no_action_disarmed,,
intent_363e5d2db5e4378a1f7777b5,27c3d31dba3723a79cf4aeedfd78bead35bc013ebb800c43225a68c2070e1dcc,2025-01-17T00:00:00Z,2025-01-17T00:15:00Z,2025-01-17T00:17:00Z,frozen_holdout,long_signal,0,1225.27204548952,0,61.263602274476,no_action_disarmed,,
intent_9b10af954853543efe63817a,e672ff7a188322fc11bcdabaa5ccd246977e51de1c81141c55871bc71f319e65,2025-01-18T00:00:00Z,2025-01-18T00:15:00Z,2025-01-18T00:16:00Z,frozen_holdout,long_signal,0,1225.27204548952,0,61.263602274476,no_action_disarmed,,
intent_0e4f0cdad3cc3f03b6dc7470,eb25203688b6280b02424bb55a1962d2403fa46ad32642c789d6c0f826c9796b,2025-01-19T00:00:00Z,2025-01-19T00:15:00Z,2025-01-19T00:18:00Z,frozen_holdout,long_signal,0,1225.27204548952,0,61.263602274476,no_action_disarmed,,
intent_4cfdccd0355722fec5558a3e,43f021ed20943f07ae83def6b61b5ba94a5fc878946a9b3a9a539c98a904d323,2025-01-20T00:00:00Z,2025-01-20T00:15:00Z,2025-01-20T00:16:00Z,frozen_holdout,long_signal,0,1225.27204548952,0,61.263602274476,no_action_disarmed,,
intent_a0084789964b26f3bb548bcd,09fe8733e2ee55ddcb684f9b994d74912b83b5056a04ed64fb900a4409e6d847,2025-01-21T00:00:00Z,2025-01-21T00:15:00Z,2025-01-21T00:18:00Z,frozen_holdout,long_signal,0,1225.27204548952,0,61.263602274476,no_action_disarmed,,
intent_fadc6c9a42af4ba46b7c24f5,e665655a3260ad06ee05b248dcb5496c887bb32e2a64adc75556cf9b9cb1dd3a,2025-01-22T00:00:00Z,2025-01-22T00:15:00Z,2025-01-22T00:16:00Z,frozen_holdout,long_signal,0,1225.27204548952,0,61.263602274476,no_action_disarmed,,
intent_9cd816317b40f099a8ab5946,e43b2ba1a6019810a8b80971e208bc1b619b762ee60ef07ce90f1c40871d0c00,2025-01-23T00:00:00Z,2025-01-23T00:15:00Z,2025-01-23T00:17:00Z,frozen_holdout,long_signal,0,1225.27204548952,0,61.263602274476,no_action_disarmed,,
intent_a31aa17573777d73e0d4f909,54f3bd3aaf5928f3449ba003db0bdcf1e4ba228094ed826a8c7fe68f56355769,2025-01-24T00:00:00Z,2025-01-24T00:15:00Z,2025-01-24T00:16:00Z,frozen_holdout,long_signal,0,1225.27204548952,0,61.263602274476,no_action_disarmed,,
intent_d798ed8119ebbc249dbc37c2,0feacba8c16a3f5166f60b82e47e14106711f517f4180f8255dca6f27e8f583c,2025-01-25T00:00:00Z,2025-01-25T00:15:00Z,2025-01-25T00:16:00Z,frozen_holdout,long_signal,0,1225.27204548952,0,61.263602274476,no_action_disarmed,,
intent_0003e279de21f776d7130107,5d7dc40e88c6e9ad2e7078da4edbad7fff44ec55a4d92b3d261950c0264e28db,2025-01-26T00:00:00Z,2025-01-26T00:15:00Z,2025-01-26T00:17:00Z,frozen_holdout,long_signal,0,1225.27204548952,0,61.263602274476,no_action_disarmed,,
intent_99307542ee651d62cd91cddf,414a6919d5128daa9e78ffc285558f79f10af4aace5a83bd38d4e45a57cfd584,2025-01-27T00:00:00Z,2025-01-27T00:15:00Z,2025-01-27T00:16:00Z,frozen_holdout,long_signal,0,1225.27204548952,0,61.263602274476,no_action_disarmed,,
intent_8fee8e9b72d4b48921b2b324,b165376c28583a894331ee145128e23198f49c633927d8faa9a6b3e21df39036,2025-01-28T00:00:00Z,2025-01-28T00:15:00Z,2025-01-28T00:17:00Z,frozen_holdout,long_signal,0,1225.27204548952,0,61.263602274476,no_action_disarmed,,
intent_383d6248664e1d506a73920f,c7375f005afa2a9e5195509a63b72cae2d249732a94441c020620eac4c106f06,2025-01-29T00:00:00Z,2025-01-29T00:15:00Z,2025-01-29T00:17:00Z,frozen_holdout,long_signal,0,1225.27204548952,0,61.263602274476,no_action_disarmed,,
intent_a0184154caeb42c7432589be,7232610015a37aa02a7002ce079209b6eb2143345956ab401cefd7c76abf00e8,2025-01-30T00:00:00Z,2025-01-30T00:15:00Z,2025-01-30T00:17:00Z,frozen_holdout,long_signal,0,1225.27204548952,0,61.263602274476,no_action_disarmed,,
intent_b3cac0212f5ed0bc87602854,2df632df539c6203bac4e817956ea00a790a78d72f9dbf182e02e3eb9239ad83,2025-01-31T00:00:00Z,2025-01-31T00:15:00Z,2025-01-31T00:18:00Z,frozen_holdout,long_signal,0,1225.27204548952,0,61.263602274476,no_action_disarmed,,
intent_0c482e17d33fc7d97794a732,9618658b8f3c438a171740991d6a559d6b7869e004759b3ff3b6ccec194cfc15,2025-02-01T00:00:00Z,2025-02-01T00:15:00Z,2025-02-01T00:16:00Z,frozen_holdout,long_signal,0,1225.27204548952,0,61.263602274476,no_action_disarmed,,
intent_f262548658461a12cec738c7,1748540dfa0e1e3e4dddbd251826d9fca6a278376504f164aa0d2b751f05e958,2025-02-02T00:00:00Z,2025-02-02T00:15:00Z,2025-02-02T00:16:00Z,frozen_holdout,long_signal,0,1225.27204548952,0,61.263602274476,no_action_disarmed,,
intent_8c8c97038804cbbbb1581e49,01e9edf4c07e0759c313ca43d46afb2e66f911853ac06f93198404b45c5045c3,2025-02-03T00:00:00Z,2025-02-03T00:15:00Z,2025-02-03T00:16:00Z,frozen_holdout,long_signal,0,1225.27204548952,0,61.263602274476,no_action_disarmed,,
intent_1b1e7986ff802b115bb27b3e,a27bef6332fa3342b44cf0947c72207329474e9beb74859f627e6ffd486a6961,2025-02-04T00:00:00Z,2025-02-04T00:15:00Z,2025-02-04T00:16:00Z,frozen_holdout,long_signal,0,1225.27204548952,0,61.263602274476,no_action_disarmed,,
intent_17caa8bd9e22d29bd9c24c58,be47c75a0d7568686695e34299d99813f7071ba27092c56e02f8f36af820341d,2025-02-05T00:00:00Z,2025-02-05T00:15:00Z,2025-02-05T00:17:00Z,frozen_holdout,long_signal,0,1225.27204548952,0,61.263602274476,no_action_disarmed,,
intent_729af5c55d7a8d888e1b140c,3d8de57f5cb7a7c7bef51a902cd19dce288ae1508d30485c3b0498879f220fa3,2025-02-06T00:00:00Z,2025-02-06T00:15:00Z,2025-02-06T00:17:00Z,frozen_holdout,long_signal,0,1225.27204548952,0,61.263602274476,no_action_disarmed,,
intent_6dee856e90b883fd8ab1ffef,ec3d531ecbade68fd039aefdda1874d87f6be1dad3b080ca443285e72d98e17b,2025-02-07T00:00:00Z,2025-02-07T00:15:00Z,2025-02-07T00:16:00Z,frozen_holdout,long_signal,0,1225.27204548952,0,61.263602274476,no_action_disarmed,,
intent_03d0078ba52ef65d602f78c0,3f0f5ed2df471411959cd8541f5b41dd3fef545c6650493894824cf945cbcde0,2025-02-08T00:00:00Z,2025-02-08T00:15:00Z,2025-02-08T00:16:00Z,frozen_holdout,long_signal,0,1225.27204548952,0,61.263602274476,no_action_disarmed,,
intent_2e80c039edba9587c78f6989,292f95cab9fa59a1446c8f4c2b8afd12f9f2183f006b0fcbcd94be09123b030a,2025-02-09T00:00:00Z,2025-02-09T00:15:00Z,2025-02-09T00:16:00Z,frozen_holdout,long_signal,0,1225.27204548952,0,61.263602274476,no_action_disarmed,,
intent_9e0aec3d76259af94c54f6de,62d9c1b351c5a4489a94611d3df9f2666275ceefea44939449f5dcd98fe75f13,2025-02-10T00:00:00Z,2025-02-10T00:15:00Z,2025-02-10T00:16:00Z,frozen_holdout,long_signal,0,1225.27204548952,0,61.263602274476,no_action_disarmed,,
intent_c74c0580d0cfa2e5116cfc46,5b3cd32a78a9abdeadbede2635ed202bb0dbbed28fa62ca6a952cad779994e51,2025-02-11T00:00:00Z,2025-02-11T00:15:00Z,2025-02-11T00:17:00Z,frozen_holdout,long_signal,0,1225.27204548952,0,61.263602274476,no_action_disarmed,,
intent_a21e2a1b3620c8847876d00e,d5d24521ab26e8e32794c2adc27c760c2d47bb715b69795e0d4cb52f4b1b6327,2025-02-12T00:00:00Z,2025-02-12T00:15:00Z,2025-02-12T00:17:00Z,frozen_holdout,long_signal,0,1225.27204548952,0,61.263602274476,no_action_disarmed,,
intent_e5b4a45c26cef588d4d523b0,ca6d43a65612def5c38f63c811ebf3fc55f32302efe848363d8cf4f82205f6e5,2025-02-13T00:00:00Z,2025-02-13T00:15:00Z,2025-02-13T00:17:00Z,frozen_holdout,long_signal,0,1225.27204548952,0,61.263602274476,no_action_disarmed,,
intent_16e5c1e84c6567f13031c187,01963851466fb1233e23dabe35811931c479953a576b60ef217975f3d6fa1eb9,2025-02-14T00:00:00Z,2025-02-14T00:15:00Z,2025-02-14T00:18:00Z,frozen_holdout,long_signal,0,1225.27204548952,0,61.263602274476,no_action_disarmed,,
intent_5a81b69d847d67bd8e7680a8,f36aac8f787729b115d1aa9d892dee24f1c89d569741d3e4807fb600a25ec2b8,2025-02-15T00:00:00Z,2025-02-15T00:15:00Z,2025-02-15T00:18:00Z,frozen_holdout,long_signal,0,1225.27204548952,0,61.263602274476,no_action_disarmed,,
intent_90722f0a6c81743dc17d3d0a,ad0d17708711e650d6d8255dbf737ee9ab3f14f167c5d82d7e751f2c01c3c3fd,2025-02-16T00:00:00Z,2025-02-16T00:15:00Z,2025-02-16T00:17:00Z,frozen_holdout,long_signal,0,1225.27204548952,0,61.263602274476,no_action_disarmed,,
intent_e75e7754645f7870eee2a559,87de2065008e89d6f23281b0a5a30ca2b436d9129e09aee8d7546a9544c6b424,2025-02-17T00:00:00Z,2025-02-17T00:15:00Z,2025-02-17T00:17:00Z,frozen_holdout,long_signal,0,1225.27204548952,0,61.263602274476,no_action_disarmed,,
intent_f2b1aad24161dbce65d95461,14d50c033b68b4cd3906141a7e92188ae99bc680ee906730bc6df44e04d6380c,2025-02-18T00:00:00Z,2025-02-18T00:15:00Z,2025-02-18T00:17:00Z,frozen_holdout,long_signal,0,1225.27204548952,0,61.263602274476,no_action_disarmed,,
intent_4503a6f01cd8f2bcdbff6851,1136d46acce87bb3e8fb645860ee90f6167025fb51ad52565856d1c9dc01c398,2025-02-19T00:00:00Z,2025-02-19T00:15:00Z,2025-02-19T00:16:00Z,frozen_holdout,long_signal,0,1225.27204548952,0,61.263602274476,no_action_disarmed,,
intent_51baad949ad298931d30de83,a3a11ebe22c17f1e7d43e1d2da6da0d71c141eadcc3b9346c07e00388779f605,2025-02-20T00:00:00Z,2025-02-20T00:15:00Z,2025-02-20T00:16:00Z,frozen_holdout,long_signal,0,1225.27204548952,0,61.263602274476,no_action_disarmed,,
intent_2e38ecaea3c645dcfa11763a,f8918041f302b0089e7553b725e94f02e81c5d284f64b2e8d8393a934cda69da,2025-02-21T00:00:00Z,2025-02-21T00:15:00Z,2025-02-21T00:16:00Z,frozen_holdout,long_signal,0,1225.27204548952,0,61.263602274476,no_action_disarmed,,
intent_4d0725ed9bb8bfc78f7be3dc,3d0c190b661d5c34501c70dd72e730b3f8b64cd876e13dd1dab8de3e4d6511cd,2025-02-22T00:00:00Z,2025-02-22T00:15:00Z,2025-02-22T00:16:00Z,frozen_holdout,long_signal,0,1225.27204548952,0,61.263602274476,no_action_disarmed,,
intent_6a5f86e13e8e585d78c461f1,f77345fce5489e5227ae204ef2734b6b91247fdc46e5974776570efa42ce3c24,2025-02-23T00:00:00Z,2025-02-23T00:15:00Z,2025-02-23T00:18:00Z,frozen_holdout,long_signal,0,1225.27204548952,0,61.263602274476,no_action_disarmed,,
intent_67f89831dde7933b6967174b,72aee97a815d33002c9ebe9ce1790b026724213b87a0513bfa28766f1e08f893,2025-02-24T00:00:00Z,2025-02-24T00:15:00Z,2025-02-24T00:16:00Z,frozen_holdout,long_signal,0,1225.27204548952,0,61.263602274476,no_action_disarmed,,
intent_cf776081e0b1b68690ebda4c,aae9392b958edac0949bad29e2e831eed3d1720441fad2b9a43a1ae092d6f99c,2025-02-25T00:00:00Z,2025-02-25T00:15:00Z,2025-02-25T00:16:00Z,frozen_holdout,long_signal,0,1225.27204548952,0,61.263602274476,no_action_disarmed,,
intent_52dcc4e77de2d44bb726e260,7a63cfe55d771474cf5c8ed33fe360a8b1e0be6a6294d0c648a899a5746a12b7,2025-02-26T00:00:00Z,2025-02-26T00:15:00Z,2025-02-26T00:17:00Z,frozen_holdout,non_positive_momentum,0,1225.27204548952,0,61.263602274476,no_action_disarmed,,
intent_25dc15c66b97a78884d37054,5e4bef7acd6c73e32f17afcdcb4bea8c191a5f9300ec2531eeaff5e9527534d4,2025-02-27T00:00:00Z,2025-02-27T00:15:00Z,2025-02-27T00:16:00Z,frozen_holdout,non_positive_momentum,0,1225.27204548952,0,61.263602274476,no_action_disarmed,,
intent_59012b5750d7f9a3bd8a85c8,4bc647f60845e5576012440f7121e628a8c399ea14a5a05013982db7b4aaed91,2025-02-28T00:00:00Z,2025-02-28T00:15:00Z,2025-02-28T00:17:00Z,frozen_holdout,non_positive_momentum,0,1225.27204548952,0,61.263602274476,no_action_disarmed,,
intent_dbfebd9b480502fdfe59907e,0d436994ae7b0a9a8bdae26cc63427bf9d95c33de73b62a5cdb18133a224e5e2,2025-03-01T00:00:00Z,2025-03-01T00:15:00Z,2025-03-01T00:16:00Z,frozen_holdout,non_positive_momentum,0,1225.27204548952,0,61.263602274476,no_action_disarmed,,
intent_bb77f418558cb71e195f3f0f,793936dd00fe1dca9eb957f2e0ca75816652db739a5c0dd444c24633f00fde54,2025-03-02T00:00:00Z,2025-03-02T00:15:00Z,2025-03-02T00:18:00Z,frozen_holdout,non_positive_momentum,0,1225.27204548952,0,61.263602274476,no_action_disarmed,,
intent_78c673bd12998c4987e25dd7,fb25f2f39243ffdd76a472670bba967e0e4ff09a25afbf2acca4bdfbafb14337,2025-03-03T00:00:00Z,2025-03-03T00:15:00Z,2025-03-03T00:18:00Z,frozen_holdout,long_signal,0,1225.27204548952,0,61.263602274476,no_action_disarmed,,
intent_bc2518a03e2edc141c521637,1a5f438d06fb2e9010899768b869af72dc418a2f620a9f8745d7b729b39e7e1f,2025-03-04T00:00:00Z,2025-03-04T00:15:00Z,2025-03-04T00:17:00Z,frozen_holdout,non_positive_momentum,0,1225.27204548952,0,61.263602274476,no_action_disarmed,,
intent_0dd9a6e865fa8b1d2b0969a5,ad0f6a9a06311802b6792e06cf074585bb926a66b12387a0a80650f0d7ea302b,2025-03-05T00:00:00Z,2025-03-05T00:15:00Z,2025-03-05T00:18:00Z,frozen_holdout,non_positive_momentum,0,1225.27204548952,0,61.263602274476,no_action_disarmed,,
intent_d8044ba29353c1a902fc8c2e,0fbd5f16a564dcf70f5d3051bd7e7857c273ea4a5240ce2600d4f09204a559bd,2025-03-06T00:00:00Z,2025-03-06T00:15:00Z,2025-03-06T00:18:00Z,frozen_holdout,non_positive_momentum,0,1225.27204548952,0,61.263602274476,no_action_disarmed,,
intent_f5a7477be1834aa31a2b407a,6ca4dc18b593bc1ec9516bc6625b1c29c17615aa2628d506a69777485caf654d,2025-03-07T00:00:00Z,2025-03-07T00:15:00Z,2025-03-07T00:16:00Z,frozen_holdout,non_positive_momentum,0,1225.27204548952,0,61.263602274476,no_action_disarmed,,
intent_c20e4dc2a2b6c3dbce607eda,c41d314e5ed4f9343a617845ee383d7bf3411f6da95d346c0e00abb144da6085,2025-03-08T00:00:00Z,2025-03-08T00:15:00Z,2025-03-08T00:16:00Z,frozen_holdout,non_positive_momentum,0,1225.27204548952,0,61.263602274476,no_action_disarmed,,
intent_4b43b5847d23bd968256837f,6d9e8e1abd571227acff5b46d805f760a88cce170c2af81b5e57355650e88ad8,2025-03-09T00:00:00Z,2025-03-09T00:15:00Z,2025-03-09T00:18:00Z,frozen_holdout,non_positive_momentum,0,1225.27204548952,0,61.263602274476,no_action_disarmed,,
intent_4aea0219c027f868d6304889,160ac49d0973da8b898b936b37c56819ae61bcf57a0603874683c4094983d0a2,2025-03-10T00:00:00Z,2025-03-10T00:15:00Z,2025-03-10T00:16:00Z,frozen_holdout,non_positive_momentum,0,1225.27204548952,0,61.263602274476,no_action_disarmed,,
intent_91ecea30c2e12efb7925fba8,8bfba926e4e8a6d4001e40d9483b75d8370c8013bbab1c11a0ccef5d68c636e4,2025-03-11T00:00:00Z,2025-03-11T00:15:00Z,2025-03-11T00:17:00Z,frozen_holdout,non_positive_momentum,0,1225.27204548952,0,61.263602274476,no_action_disarmed,,
intent_a3aa232813f8558e395326bf,37b566099fce13aa03d938bda3fa76827435c81f78005a22b19ef04d296445f8,2025-03-12T00:00:00Z,2025-03-12T00:15:00Z,2025-03-12T00:16:00Z,frozen_holdout,non_positive_momentum,0,1225.27204548952,0,61.263602274476,no_action_disarmed,,
intent_52595e1a511802958853e1fa,bc1df8bfaf276a5f0ed09663f4b1022f49db60e61441451833b7825250e27f54,2025-03-13T00:00:00Z,2025-03-13T00:15:00Z,2025-03-13T00:18:00Z,frozen_holdout,non_positive_momentum,0,1225.27204548952,0,61.263602274476,no_action_disarmed,,
intent_51edf3f74dd80cdbe3868389,fc69a65688beec1e7a111ec0770342bfde2875cb97127e854c59a433a37c21fd,2025-03-14T00:00:00Z,2025-03-14T00:15:00Z,2025-03-14T00:17:00Z,frozen_holdout,non_positive_momentum,0,1225.27204548952,0,61.263602274476,no_action_disarmed,,
intent_cf54c0a287ee7b0905ce55e1,451448f39493acb51d9b162878c60d45f91a0c421328fe0d1ab31c0d467f51ec,2025-03-15T00:00:00Z,2025-03-15T00:15:00Z,2025-03-15T00:17:00Z,frozen_holdout,non_positive_momentum,0,1225.27204548952,0,61.263602274476,no_action_disarmed,,
intent_eadea2a5c5b0817024eabc2b,99fe5798967ab1134f9ccbbc875dfcd0803875307f38295efc68d6beef52b083,2025-03-16T00:00:00Z,2025-03-16T00:15:00Z,2025-03-16T00:18:00Z,frozen_holdout,non_positive_momentum,0,1225.27204548952,0,61.263602274476,no_action_disarmed,,
intent_35dd0724b3bc95f20d630171,b940c6ed4c0ccc6756f07406ce527b652b5c8024c031ce560d79acc1e6fa5124,2025-03-17T00:00:00Z,2025-03-17T00:15:00Z,2025-03-17T00:17:00Z,frozen_holdout,non_positive_momentum,0,1225.27204548952,0,61.263602274476,no_action_disarmed,,
intent_f8dcc9caf70030f91861ddff,bf5e11373b30e265d2e8c9480d9e3ba1b5f2f62670691a6cf8973ac05f99c56b,2025-03-18T00:00:00Z,2025-03-18T00:15:00Z,2025-03-18T00:17:00Z,frozen_holdout,non_positive_momentum,0,1225.27204548952,0,61.263602274476,no_action_disarmed,,
intent_a93785b4d91752f03ed109ef,e9c31eec0096b44cb28d224983cf381f8b741758cf7885dd18beabe322c8b5cd,2025-03-19T00:00:00Z,2025-03-19T00:15:00Z,2025-03-19T00:18:00Z,frozen_holdout,non_positive_momentum,0,1225.27204548952,0,61.263602274476,no_action_disarmed,,
intent_88788f651687a4b42e0820c0,474894083b6cbb9ccdf4c2f843e4be4caf80f4d3b988d7f735a9ea02e589514d,2025-03-20T00:00:00Z,2025-03-20T00:15:00Z,2025-03-20T00:16:00Z,frozen_holdout,non_positive_momentum,0,1225.27204548952,0,61.263602274476,no_action_disarmed,,
intent_0894a27d0994d09898be399d,6d6dda1089d0eb057d980d9fc93a3f8c0e0b85a6625fc9c8eafd304dbbcbaa0b,2025-03-21T00:00:00Z,2025-03-21T00:15:00Z,2025-03-21T00:17:00Z,frozen_holdout,non_positive_momentum,0,1225.27204548952,0,61.263602274476,no_action_disarmed,,
intent_e5161139de97083f67121fc6,9798fa97f2ddb0441098b5c57aef9fd910e97543efa20adb7c60a92d8daeb051,2025-03-22T00:00:00Z,2025-03-22T00:15:00Z,2025-03-22T00:16:00Z,frozen_holdout,non_positive_momentum,0,1225.27204548952,0,61.263602274476,no_action_disarmed,,
intent_534babbeb3c0075584ab1dcf,61871f556e1f8d7196077a71c67f29d5869687d7b7a5857a81d9137006e9f814,2025-03-23T00:00:00Z,2025-03-23T00:15:00Z,2025-03-23T00:16:00Z,frozen_holdout,non_positive_momentum,0,1225.27204548952,0,61.263602274476,no_action_disarmed,,
intent_f3231df53533af4c969624c9,31780f5eaa72f6dfd6e9417c5c81e0bf40c49b401fd5c610240088bcfd68cea0,2025-03-24T00:00:00Z,2025-03-24T00:15:00Z,2025-03-24T00:17:00Z,frozen_holdout,non_positive_momentum,0,1225.27204548952,0,61.263602274476,no_action_disarmed,,
intent_1dbd210dcf3f0c29f00e0df2,3bfb8584aa9dd8e1a13e3cb392d19567261d1f7e415a6cc7a69966eddfef3fca,2025-03-25T00:00:00Z,2025-03-25T00:15:00Z,2025-03-25T00:16:00Z,frozen_holdout,non_positive_momentum,0,1225.27204548952,0,61.263602274476,no_action_disarmed,,
intent_789eb45eedc8fc3eda9e3f37,2cb8c414cad0fb372c2eee59293f49d641c0c857a5784e11a55b3dd48e745707,2025-03-26T00:00:00Z,2025-03-26T00:15:00Z,2025-03-26T00:16:00Z,frozen_holdout,non_positive_momentum,0,1225.27204548952,0,61.263602274476,no_action_disarmed,,
intent_fb89df00bb6a0b7f51370345,fa287a225dd0d2df59bf4f530ec48ced63a2a0f2e2c3da546cea6a66fb5db7d6,2025-03-27T00:00:00Z,2025-03-27T00:15:00Z,2025-03-27T00:16:00Z,frozen_holdout,non_positive_momentum,0,1225.27204548952,0,61.263602274476,no_action_disarmed,,
intent_4895b45e53dbe39e0174cdbf,2157daaa33fe2743a7f22ba9201463bb832bbbfa8474ee8807bd65762d9967dd,2025-03-28T00:00:00Z,2025-03-28T00:15:00Z,2025-03-28T00:16:00Z,frozen_holdout,non_positive_momentum,0,1225.27204548952,0,61.263602274476,no_action_disarmed,,
intent_5249f0b559802cd030a21ca6,807154e370e2f7bb1487cb3b7187225eac31f4ad01677cebd168382f8837da2f,2025-03-29T00:00:00Z,2025-03-29T00:15:00Z,2025-03-29T00:16:00Z,frozen_holdout,non_positive_momentum,0,1225.27204548952,0,61.263602274476,no_action_disarmed,,
intent_c1ddf2a9755c33adef1799bc,a8093009b800bcd59884bbf80a378741c44d88f6009a8671bba9d4f8c394f5ce,2025-03-30T00:00:00Z,2025-03-30T00:15:00Z,2025-03-30T00:16:00Z,frozen_holdout,non_positive_momentum,0,1225.27204548952,0,61.263602274476,no_action_disarmed,,
intent_e88e7b5b1d40d2954e36017d,e7fe59df2c7487b37e2d66a55a625f217ad0295417ae2498145dda7952d358c7,2025-03-31T00:00:00Z,2025-03-31T00:15:00Z,2025-03-31T00:17:00Z,frozen_holdout,non_positive_momentum,0,1225.27204548952,0,61.263602274476,no_action_disarmed,,
intent_d3bbce9ec93d4858760118e7,0f96d0f6b6777751d4a02c205a9b623b5e6a9d54029c8a873146c6692ce1eaf5,2025-04-01T00:00:00Z,2025-04-01T00:15:00Z,2025-04-01T00:17:00Z,frozen_holdout,non_positive_momentum,0,1225.27204548952,0,61.263602274476,no_action_disarmed,,
intent_0545d113ad409658b71e11eb,a6db5d88fce22fb49de48c1c2293885e950fded6d7d8bc77a9f1e5290352b6cf,2025-04-02T00:00:00Z,2025-04-02T00:15:00Z,2025-04-02T00:16:00Z,frozen_holdout,non_positive_momentum,0,1225.27204548952,0,61.263602274476,no_action_disarmed,,
intent_a5ebc820a8dde447497ed0bb,1d9a4e7f0bdea62e4ed46d01534e85787149dc1ccf3a6457d75d6379ce03bc83,2025-04-03T00:00:00Z,2025-04-03T00:15:00Z,2025-04-03T00:18:00Z,frozen_holdout,non_positive_momentum,0,1225.27204548952,0,61.263602274476,no_action_disarmed,,
intent_2e23ae7de2b418cd896e4579,b9b4f63850f40ca254dd91fbeac47afbfbeba24315a36b0fd41c18ef040a5111,2025-04-04T00:00:00Z,2025-04-04T00:15:00Z,2025-04-04T00:16:00Z,frozen_holdout,non_positive_momentum,0,1225.27204548952,0,61.263602274476,no_action_disarmed,,
intent_0f67de4e37d11f16d34acf70,0b292eb40a5a5804250cb4675815b637ccbe5ef962ff3766a059fee08756c212,2025-04-05T00:00:00Z,2025-04-05T00:15:00Z,2025-04-05T00:16:00Z,frozen_holdout,non_positive_momentum,0,1225.27204548952,0,61.263602274476,no_action_disarmed,,
intent_3b0fc7910128c9939916e86d,bc11bae90ee9296884d17c48a1bf9f578034e06d8f4e20b6288bf4e94112bf10,2025-04-06T00:00:00Z,2025-04-06T00:15:00Z,2025-04-06T00:16:00Z,frozen_holdout,non_positive_momentum,0,1225.27204548952,0,61.263602274476,no_action_disarmed,,
intent_c7fe87a9e6d64b5992d45cdf,97f2f812ad3bffd85fab62874dc41f281ab6a6ff6cf748ebbb0f4acd5ed6854e,2025-04-07T00:00:00Z,2025-04-07T00:15:00Z,2025-04-07T00:16:00Z,frozen_holdout,non_positive_momentum,0,1225.27204548952,0,61.263602274476,no_action_disarmed,,
intent_e6d3ae849d6077b9036a06c0,0d08ca71ff211f9baccf48cb5632a3652278b3eb2bf7b161f58b49f3fb957580,2025-04-08T00:00:00Z,2025-04-08T00:15:00Z,2025-04-08T00:18:00Z,frozen_holdout,non_positive_momentum,0,1225.27204548952,0,61.263602274476,no_action_disarmed,,
intent_10398f2767c772a854763630,e047b301e35c1775b05e5fa9e2b8dc14b9c964b4aa5e227a364ae2c84b54ba39,2025-04-09T00:00:00Z,2025-04-09T00:15:00Z,2025-04-09T00:16:00Z,frozen_holdout,non_positive_momentum,0,1225.27204548952,0,61.263602274476,no_action_disarmed,,
intent_a2d64ab05f9ece2e9f3cd6a2,dbf077778249c5da9f9638716ddd32aec0b3d11776f7e230ab5acea4ae0c5b3e,2025-04-10T00:00:00Z,2025-04-10T00:15:00Z,2025-04-10T00:16:00Z,frozen_holdout,non_positive_momentum,0,1225.27204548952,0,61.263602274476,no_action_disarmed,,
intent_5a85a8e0601da7121d28047f,b4ffd8d18f4f489b1e6a2e7538f06317b68fabf1e95695101d21299532d57d65,2025-04-11T00:00:00Z,2025-04-11T00:15:00Z,2025-04-11T00:18:00Z,frozen_holdout,non_positive_momentum,0,1225.27204548952,0,61.263602274476,no_action_disarmed,,
intent_f42d9102b9d383012c12a50a,f9c1150d4c9f2c7bef04e245370db6f68dbf9330418438fb739747c4cfe090f7,2025-04-12T00:00:00Z,2025-04-12T00:15:00Z,2025-04-12T00:16:00Z,frozen_holdout,non_positive_momentum,0,1225.27204548952,0,61.263602274476,no_action_disarmed,,
intent_694a62c5592c0ac398ec9ad2,faa01c2d5a2037cc3a07a79f80a7a84fb9a2131dbbf797be018e84b9ba094d89,2025-04-13T00:00:00Z,2025-04-13T00:15:00Z,2025-04-13T00:17:00Z,frozen_holdout,non_positive_momentum,0,1225.27204548952,0,61.263602274476,no_action_disarmed,,
intent_af7b870e02891ce8d7b44015,0ab79c0c3f33c359e186fd9c7ff02144642e35fc6cfcef40479dee7840126fd5,2025-04-14T00:00:00Z,2025-04-14T00:15:00Z,2025-04-14T00:16:00Z,frozen_holdout,non_positive_momentum,0,1225.27204548952,0,61.263602274476,no_action_disarmed,,
intent_417ecd72cfb00af737be1eb8,794db2c5b0e4708d48f75818c966f41a5fa9885b6cf072041281fba15a88a87d,2025-04-15T00:00:00Z,2025-04-15T00:15:00Z,2025-04-15T00:18:00Z,frozen_holdout,non_positive_momentum,0,1225.27204548952,0,61.263602274476,no_action_disarmed,,
intent_d5e9c30c7d01112049919bf0,126f93e35e4b85b4d74aa52c1fa7d594dc994cc97391f7d8c15492beac12124e,2025-04-16T00:00:00Z,2025-04-16T00:15:00Z,2025-04-16T00:16:00Z,frozen_holdout,non_positive_momentum,0,1225.27204548952,0,61.263602274476,no_action_disarmed,,
intent_4084471f29db97ee1913942c,e27dd74825c4955c9a2700b18634173fe458526f4103efb07045b6bd0bcc7624,2025-04-17T00:00:00Z,2025-04-17T00:15:00Z,2025-04-17T00:16:00Z,frozen_holdout,non_positive_momentum,0,1225.27204548952,0,61.263602274476,no_action_disarmed,,
intent_24d9f8bf274c6ee31dc8ff64,b8e92771241b898a67e2d3c301ea0c7f74bf6b465e84c7544afdc2d4f85b76d4,2025-04-18T00:00:00Z,2025-04-18T00:15:00Z,2025-04-18T00:16:00Z,frozen_holdout,non_positive_momentum,0,1225.27204548952,0,61.263602274476,no_action_disarmed,,
intent_71804907daf22c21d217bb7f,fee9e6c724df010b5beabd411918d77624f735450d9141146ae42f7740a233fa,2025-04-19T00:00:00Z,2025-04-19T00:15:00Z,2025-04-19T00:17:00Z,frozen_holdout,non_positive_momentum,0,1225.27204548952,0,61.263602274476,no_action_disarmed,,
intent_95da14bc24f2dda64d20af1c,e917ca1659b466e050e9d37709fc4548e48a60d841488b19ab74ce3c5475a2c4,2025-04-20T00:00:00Z,2025-04-20T00:15:00Z,2025-04-20T00:18:00Z,frozen_holdout,non_positive_momentum,0,1225.27204548952,0,61.263602274476,no_action_disarmed,,
intent_1273912934bcbcc2a4e20f45,08bb18a4dfbe46c94943cbf49a58ab9f89a9368c537d8afb61e87a07adc0b10d,2025-04-21T00:00:00Z,2025-04-21T00:15:00Z,2025-04-21T00:16:00Z,frozen_holdout,non_positive_momentum,0,1225.27204548952,0,61.263602274476,no_action_disarmed,,
intent_a77e283c6fce88339c5e7f7f,2868dcc033f83a04d86904756334245a9cf52e3519a4689a3f631eebf03b6042,2025-04-22T00:00:00Z,2025-04-22T00:15:00Z,2025-04-22T00:18:00Z,frozen_holdout,non_positive_momentum,0,1225.27204548952,0,61.263602274476,no_action_disarmed,,
intent_cbb4b518803a683bf0ee7daa,c7bc3b98cc10c3746ef04f7c88bd656ad9310db3408bdc8f9bb37fa51edc0a9d,2025-04-23T00:00:00Z,2025-04-23T00:15:00Z,2025-04-23T00:16:00Z,frozen_holdout,non_positive_momentum,0,1225.27204548952,0,61.263602274476,no_action_disarmed,,
intent_8476f330b257004cb6625d9f,b33c1b2eff5bdae0131fe97af2c47b94bcbf26d41891903241948ce43404fc59,2025-04-24T00:00:00Z,2025-04-24T00:15:00Z,2025-04-24T00:16:00Z,frozen_holdout,non_positive_momentum,0,1225.27204548952,0,61.263602274476,no_action_disarmed,,
intent_06b5076725ae847efe0db4a4,e2cd1e76404adb7d7835ee94601c9490caefda3b6ec0ba47c2a47eed1b6978c3,2025-04-25T00:00:00Z,2025-04-25T00:15:00Z,2025-04-25T00:17:00Z,frozen_holdout,non_positive_momentum,0,1225.27204548952,0,61.263602274476,no_action_disarmed,,
intent_a942c5c3b37390a0832c138e,2cada99fe6a7cc93344caed84500c7d37a6a0df065adbe87ea0f3f93087bc9b7,2025-04-26T00:00:00Z,2025-04-26T00:15:00Z,2025-04-26T00:17:00Z,frozen_holdout,non_positive_momentum,0,1225.27204548952,0,61.263602274476,no_action_disarmed,,
intent_faa2e77a1051fb5e859fde17,fbeb29d1a3cae313ceb3fa3c603f98e9b56ea3deb996b7790e18cde3e0ba9199,2025-04-27T00:00:00Z,2025-04-27T00:15:00Z,2025-04-27T00:16:00Z,frozen_holdout,non_positive_momentum,0,1225.27204548952,0,61.263602274476,no_action_disarmed,,
intent_372526de4c273fa9a821e680,e4619276a7ec087b7d4980a5f96d8b599ba75d3f13efd7fbad1c3bb644e61e1a,2025-04-28T00:00:00Z,2025-04-28T00:15:00Z,2025-04-28T00:16:00Z,frozen_holdout,non_positive_momentum,0,1225.27204548952,0,61.263602274476,no_action_disarmed,,
intent_34cdeb66e5041c569f7cc9f9,bf64b863822fb6de2e0bd022d8c34d65cc7f2705adcf9ee1d388f12dfc144c3f,2025-04-29T00:00:00Z,2025-04-29T00:15:00Z,2025-04-29T00:16:00Z,frozen_holdout,non_positive_momentum,0,1225.27204548952,0,61.263602274476,no_action_disarmed,,
intent_2e6881aa96ae5dd8b08aa5a0,b6630b61fc1ffc3ab22f948d310de6eebf53677ccc30dc7c66e8db9e874d490a,2025-04-30T00:00:00Z,2025-04-30T00:15:00Z,2025-04-30T00:18:00Z,frozen_holdout,non_positive_momentum,0,1225.27204548952,0,61.263602274476,no_action_disarmed,,
intent_a0116df64665687c5779b880,b71f55134a80ab8864817c94261eebcb01e87950ffd0f301072ab319e76876cf,2025-05-01T00:00:00Z,2025-05-01T00:15:00Z,2025-05-01T00:17:00Z,frozen_holdout,non_positive_momentum,0,1225.27204548952,0,61.263602274476,no_action_disarmed,,
intent_dcedc7ef9144f564158a3467,2063eda65032605e4ac21fbfdf1c36db787d2818847e5cf62e15a3142d0e1f56,2025-05-02T00:00:00Z,2025-05-02T00:15:00Z,2025-05-02T00:16:00Z,frozen_holdout,non_positive_momentum,0,1225.27204548952,0,61.263602274476,no_action_disarmed,,
intent_a0c66b4f0359fc0df4c4c2c6,a109274c87639910a91a4a1118a70bb367df45f879a75b98403b8b35df991bce,2025-05-03T00:00:00Z,2025-05-03T00:15:00Z,2025-05-03T00:16:00Z,frozen_holdout,non_positive_momentum,0,1225.27204548952,0,61.263602274476,no_action_disarmed,,
intent_a837c5e574ca3e3b7c93ab13,9a0578d9a5130915923497e271486482ba3574f58b3956d3c541af738f412026,2025-05-04T00:00:00Z,2025-05-04T00:15:00Z,2025-05-04T00:18:00Z,frozen_holdout,non_positive_momentum,0,1225.27204548952,0,61.263602274476,no_action_disarmed,,
intent_e964c5927a5d983946c2cd1a,1246abd85b2e5143b6dca564e2c79e05690f821eb9c2217008292c14ac8b5e2a,2025-05-05T00:00:00Z,2025-05-05T00:15:00Z,2025-05-05T00:16:00Z,frozen_holdout,non_positive_momentum,0,1225.27204548952,0,61.263602274476,no_action_disarmed,,
intent_8fe6f5833768e981cd870b3d,20cbde3b7ef7930c4cea65c82cb225ec1486ad9b30af4a6f4f77642a21544d72,2025-05-06T00:00:00Z,2025-05-06T00:15:00Z,2025-05-06T00:16:00Z,frozen_holdout,non_positive_momentum,0,1225.27204548952,0,61.263602274476,no_action_disarmed,,
intent_8df1fd220527505d949ae88c,ccace09a7265ad07f44d7778aa22e5211e66f34131db540fb9e8f704a7f17534,2025-05-07T00:00:00Z,2025-05-07T00:15:00Z,2025-05-07T00:18:00Z,frozen_holdout,non_positive_momentum,0,1225.27204548952,0,61.263602274476,no_action_disarmed,,
intent_27aa2d13ecd10900a19c30b6,80c4922bf4e115f92b874ff058ad221f40feac619660b77ea70a3a56f0d74024,2025-05-08T00:00:00Z,2025-05-08T00:15:00Z,2025-05-08T00:16:00Z,frozen_holdout,non_positive_momentum,0,1225.27204548952,0,61.263602274476,no_action_disarmed,,
intent_41113962b56865af6f6d1256,15782ac2f84fb0ce17fd8b40e9ca5f2c2e4eb74480ce6337de0ede6e951ccacd,2025-05-09T00:00:00Z,2025-05-09T00:15:00Z,2025-05-09T00:16:00Z,frozen_holdout,long_signal,0,1225.27204548952,0,61.263602274476,no_action_disarmed,,
intent_8075255786512e1218ab0d2d,a39b46b2b60187a47d52c73dc684516f218559d8baca71826027623a5376dad6,2025-05-10T00:00:00Z,2025-05-10T00:15:00Z,2025-05-10T00:16:00Z,frozen_holdout,long_signal,0,1225.27204548952,0,61.263602274476,no_action_disarmed,,
intent_62b724534868667e46968052,ec21c1c59c1f35a9640fd5aeb64ff740b415e791b8925fdd252573c0f9864a27,2025-05-11T00:00:00Z,2025-05-11T00:15:00Z,2025-05-11T00:16:00Z,frozen_holdout,long_signal,0,1225.27204548952,0,61.263602274476,no_action_disarmed,,
intent_964d3483d008de89db4c1b9b,ae6437deb3a4580b9616a26e425cb250041493eee267897da97a65c63bae52cc,2025-05-12T00:00:00Z,2025-05-12T00:15:00Z,2025-05-12T00:18:00Z,frozen_holdout,long_signal,0,1225.27204548952,0,61.263602274476,no_action_disarmed,,
intent_e8a93c08bed2409b39617813,856dd0441535f5435c277ed39743b102de0bde8b1ab8f91ecde583bc899842a1,2025-05-13T00:00:00Z,2025-05-13T00:15:00Z,2025-05-13T00:18:00Z,frozen_holdout,long_signal,0,1225.27204548952,0,61.263602274476,no_action_disarmed,,
intent_dfb0289be774dba984ab59db,9f5f371be2707f632d722c134702d52f708a1328dae61702e68b461c335d9ff8,2025-05-14T00:00:00Z,2025-05-14T00:15:00Z,2025-05-14T00:16:00Z,frozen_holdout,long_signal,0,1225.27204548952,0,61.263602274476,no_action_disarmed,,
intent_78ce9e5d16c5801fcb971104,9424a37dc31ed3cf75a02caced44f9f1f84b8c797776e8be8016c9cd1ba04462,2025-05-15T00:00:00Z,2025-05-15T00:15:00Z,2025-05-15T00:17:00Z,frozen_holdout,long_signal,0,1225.27204548952,0,61.263602274476,no_action_disarmed,,
intent_bcde71ded83b3f6cd77ea3db,d507bee3b305910765520517f51f871dbca3bb8edae19c2c46ed3b6d8e387f1d,2025-05-16T00:00:00Z,2025-05-16T00:15:00Z,2025-05-16T00:18:00Z,frozen_holdout,long_signal,0,1225.27204548952,0,61.263602274476,no_action_disarmed,,
intent_c77bd5949516be79481fb799,a36679304fb3b301430fd1073d55ece5d91e72932c0740b98f5c70cd7cd8405b,2025-05-17T00:00:00Z,2025-05-17T00:15:00Z,2025-05-17T00:16:00Z,frozen_holdout,long_signal,0,1225.27204548952,0,61.263602274476,no_action_disarmed,,
intent_56fdca5995e6a6c7e125b4f6,3ac54ac53caebddf86396fc3951807c807ed1ed4d6c7b062d4fcce716ff1990b,2025-05-18T00:00:00Z,2025-05-18T00:15:00Z,2025-05-18T00:17:00Z,frozen_holdout,long_signal,0,1225.27204548952,0,61.263602274476,no_action_disarmed,,
intent_7e8b151e0a2ef6b17ad1e250,51807d4b3e1958759fd042541ce15132754ec3a1fe4fbd6165c378a4fdce0117,2025-05-19T00:00:00Z,2025-05-19T00:15:00Z,2025-05-19T00:16:00Z,frozen_holdout,long_signal,0,1225.27204548952,0,61.263602274476,no_action_disarmed,,
intent_2ab17d7a2de44541786eeacf,a7084c7f84bf7f8fe53cb37583172cbc46426082ad45d464cf40dc86fd4a5c91,2025-05-20T00:00:00Z,2025-05-20T00:15:00Z,2025-05-20T00:16:00Z,frozen_holdout,long_signal,0,1225.27204548952,0,61.263602274476,no_action_disarmed,,
intent_8d3d05bcab97beb390372c7e,da9751a15c5a1c7128158a7c3d3d62f58e53e7b504957a1a748fa85637b4f0da,2025-05-21T00:00:00Z,2025-05-21T00:15:00Z,2025-05-21T00:16:00Z,frozen_holdout,long_signal,0,1225.27204548952,0,61.263602274476,no_action_disarmed,,
intent_d0b1a5ba083411acdb852a69,8f215d2b0bbce869e2e0dee68b4ffd103103d3e731a5c7c898642635ab82278c,2025-05-22T00:00:00Z,2025-05-22T00:15:00Z,2025-05-22T00:16:00Z,frozen_holdout,long_signal,0,1225.27204548952,0,61.263602274476,no_action_disarmed,,
intent_471745a97380c0d62bdd2c3b,5a391d0858f24875443c0a5c6e4c33ffafe3897f56b6082eddd12c6f0c7b3865,2025-05-23T00:00:00Z,2025-05-23T00:15:00Z,2025-05-23T00:16:00Z,frozen_holdout,long_signal,0,1225.27204548952,0,61.263602274476,no_action_disarmed,,
intent_960fd2ddedaff79d0f750ded,8eaf040b3669beb26c10a2ca7c7db776d750168b08842c0c41c4e003846cdcbf,2025-05-24T00:00:00Z,2025-05-24T00:15:00Z,2025-05-24T00:16:00Z,frozen_holdout,long_signal,0,1225.27204548952,0,61.263602274476,no_action_disarmed,,
intent_2d43323a5e5fb717f78d2a85,0fce011df7ee71cb40d855dab68f4cb5dea1a09563e2d1e6d71b5ae50362c5e5,2025-05-25T00:00:00Z,2025-05-25T00:15:00Z,2025-05-25T00:16:00Z,frozen_holdout,long_signal,0,1225.27204548952,0,61.263602274476,no_action_disarmed,,
intent_f388d1e208af310ba1d9659d,aeb7292f184add5b01db2ec97a7f120f911c1d3093984445f7188f4e10622345,2025-05-26T00:00:00Z,2025-05-26T00:15:00Z,2025-05-26T00:18:00Z,frozen_holdout,long_signal,0,1225.27204548952,0,61.263602274476,no_action_disarmed,,
intent_7f6ff84d9109400c3c55d910,90309d41bf3f3d1054ac7526a11b9193f61371c8f9b6210ba549a6f6b0d5d94d,2025-05-27T00:00:00Z,2025-05-27T00:15:00Z,2025-05-27T00:17:00Z,frozen_holdout,long_signal,0,1225.27204548952,0,61.263602274476,no_action_disarmed,,
intent_9421a08881d25770edaf653e,3e9b4dd5804f978d14fc077ac0b59c273c18a99a481ff0456d8033e1801e9a3c,2025-05-28T00:00:00Z,2025-05-28T00:15:00Z,2025-05-28T00:16:00Z,frozen_holdout,long_signal,0,1225.27204548952,0,61.263602274476,no_action_disarmed,,
intent_82ca1fd410a6c22524cc99f6,ff8b6db14c42c395afbcd1f59cd42998b34214e94084e2828552eea8f1d12552,2025-05-29T00:00:00Z,2025-05-29T00:15:00Z,2025-05-29T00:18:00Z,frozen_holdout,long_signal,0,1225.27204548952,0,61.263602274476,no_action_disarmed,,
intent_016ef1c198fa241fe3377582,c4ae06f68ee2dae5f96e7e1d2319d3ca4a2a03b135dbaeaabc4685097970ee92,2025-05-30T00:00:00Z,2025-05-30T00:15:00Z,2025-05-30T00:16:00Z,frozen_holdout,long_signal,0,1225.27204548952,0,61.263602274476,no_action_disarmed,,
intent_ba979d6deeb8dc4632c088d8,14b433a9bce2b41b80427355c8c9bacec5a04248237edaf615fc9dca92a6aeb0,2025-05-31T00:00:00Z,2025-05-31T00:15:00Z,2025-05-31T00:16:00Z,frozen_holdout,long_signal,0,1225.27204548952,0,61.263602274476,no_action_disarmed,,
intent_e37ab12cd017a9c0dc219cad,4f97151795d824f569328ba8f850e11185dfb76d1c7ff1fddb749ad64240999a,2025-06-01T00:00:00Z,2025-06-01T00:15:00Z,2025-06-01T00:16:00Z,frozen_holdout,long_signal,0,1225.27204548952,0,61.263602274476,no_action_disarmed,,
intent_5eebda534266433dc1f78031,c234703b474e4893d85b0af78b6c9b315fbf8480e5dcec86401b17c0785140e5,2025-06-02T00:00:00Z,2025-06-02T00:15:00Z,2025-06-02T00:18:00Z,frozen_holdout,long_signal,0,1225.27204548952,0,61.263602274476,no_action_disarmed,,
intent_05b54d46fbf4389c3fd43be8,d5cc963ec048c458e599dd72d92267bad9b06efc669fae5cc4f74fc407edb792,2025-06-03T00:00:00Z,2025-06-03T00:15:00Z,2025-06-03T00:16:00Z,frozen_holdout,long_signal,0,1225.27204548952,0,61.263602274476,no_action_disarmed,,
intent_09b22f6939ff435b52645efc,ab4c58b49990ebf6044fd45ed25f7cfc15c80fdfefaddbf044661d2c5464a5a1,2025-06-04T00:00:00Z,2025-06-04T00:15:00Z,2025-06-04T00:16:00Z,frozen_holdout,long_signal,0,1225.27204548952,0,61.263602274476,no_action_disarmed,,
intent_f71789c81c3c634ded1437af,c69f05c9bf2232f9b29180df3a4ad34c4caddef9dd56e32be2a25f709d90f121,2025-06-05T00:00:00Z,2025-06-05T00:15:00Z,2025-06-05T00:16:00Z,frozen_holdout,long_signal,0,1225.27204548952,0,61.263602274476,no_action_disarmed,,
intent_06901bf36d6727b45df048d6,56d3345a440d88f6850585da74a5d96e0fd444388aca4409bc619efd16559e4f,2025-06-06T00:00:00Z,2025-06-06T00:15:00Z,2025-06-06T00:16:00Z,frozen_holdout,long_signal,0,1225.27204548952,0,61.263602274476,no_action_disarmed,,
intent_a304fadbcc298104502c81b7,e2b629971d6192ed406932dfde19a1a15c7bedbf228f3f5d8daf101c66e4c785,2025-06-07T00:00:00Z,2025-06-07T00:15:00Z,2025-06-07T00:16:00Z,frozen_holdout,long_signal,0,1225.27204548952,0,61.263602274476,no_action_disarmed,,
intent_e6af47748ab402843f9a664f,5ff1f5d4a69c54a0464e0779fdcc08a89b3d32c99c2ffbff64ca8f581465a383,2025-06-08T00:00:00Z,2025-06-08T00:15:00Z,2025-06-08T00:16:00Z,frozen_holdout,long_signal,0,1225.27204548952,0,61.263602274476,no_action_disarmed,,
intent_955b5b0b61b6a3dcf4df06a0,26af18b2cbf2d1bdcffb9380e2e60ab5da22b4005e0bf78905e4dde3a64c5c86,2025-06-09T00:00:00Z,2025-06-09T00:15:00Z,2025-06-09T00:17:00Z,frozen_holdout,long_signal,0,1225.27204548952,0,61.263602274476,no_action_disarmed,,
intent_bda86ffe4b7ad03fa7d53039,85da92b271a13a241404054ea24ac78c02a28dd2672d894cfd6f343c2dd35db2,2025-06-10T00:00:00Z,2025-06-10T00:15:00Z,2025-06-10T00:18:00Z,frozen_holdout,long_signal,0,1225.27204548952,0,61.263602274476,no_action_disarmed,,
intent_f76af03b49f73b2bd1e93d13,5207a380aeb8d77875c2193016208fc11327002eafc9e0512faed3f5d8ab6209,2025-06-11T00:00:00Z,2025-06-11T00:15:00Z,2025-06-11T00:16:00Z,frozen_holdout,long_signal,0,1225.27204548952,0,61.263602274476,no_action_disarmed,,
intent_9c35ee3c269a3696553196cf,00f6dfa7c54f440703ce341b334d09ccf7ef64482c74eb2ec92616672a1d8e4b,2025-06-12T00:00:00Z,2025-06-12T00:15:00Z,2025-06-12T00:16:00Z,frozen_holdout,long_signal,0,1225.27204548952,0,61.263602274476,no_action_disarmed,,
intent_7cf64a2f474cd02ed8e38747,9ee12b5f687ee30787fd80086f82a25da160f024fa0f671aded5b2d74bf108e5,2025-06-13T00:00:00Z,2025-06-13T00:15:00Z,2025-06-13T00:16:00Z,frozen_holdout,long_signal,0,1225.27204548952,0,61.263602274476,no_action_disarmed,,
intent_cda5d6e50cba211fd707df04,7be3418bc8c454e212745aafe7d1ff8cc479ef890d6281a46cce8caaab67b67e,2025-06-14T00:00:00Z,2025-06-14T00:15:00Z,2025-06-14T00:16:00Z,frozen_holdout,long_signal,0,1225.27204548952,0,61.263602274476,no_action_disarmed,,
intent_3e591a5d559510735a5e39c9,9812cebe76c273022b7018575a8ef287d53cf54f1bd135469f618003cb418df0,2025-06-15T00:00:00Z,2025-06-15T00:15:00Z,2025-06-15T00:18:00Z,frozen_holdout,long_signal,0,1225.27204548952,0,61.263602274476,no_action_disarmed,,
intent_37106216a4357a6861035f8d,4649602d94d9fb9fbce7eacf89c9866101d51bd5d6c7157f6d089b73873a80fa,2025-06-16T00:00:00Z,2025-06-16T00:15:00Z,2025-06-16T00:16:00Z,frozen_holdout,long_signal,0,1225.27204548952,0,61.263602274476,no_action_disarmed,,
intent_5d23fb500ecabc88e878e989,90bcd26afade6ba471818251d88b7fb29795bbe6122f897d38f37e21c44c5c96,2025-06-17T00:00:00Z,2025-06-17T00:15:00Z,2025-06-17T00:16:00Z,frozen_holdout,long_signal,0,1225.27204548952,0,61.263602274476,no_action_disarmed,,
intent_b6865241f1aaff514ab65bb2,14cbbfbcf52f4555b086213e95793216f21b84ab4d54e723c5c9132c62be7f08,2025-06-18T00:00:00Z,2025-06-18T00:15:00Z,2025-06-18T00:18:00Z,frozen_holdout,long_signal,0,1225.27204548952,0,61.263602274476,no_action_disarmed,,
intent_16bcc496679d1b7922936e53,b43f9521871399c4c769acf2f54011ffe93a926f572fe3cafba3c43663f0331c,2025-06-19T00:00:00Z,2025-06-19T00:15:00Z,2025-06-19T00:18:00Z,frozen_holdout,long_signal,0,1225.27204548952,0,61.263602274476,no_action_disarmed,,
intent_ef3f66bf3c35575a2a919308,bb3e7812c6856b199d8d3506b7c0995466fdacb0073af94e2496763a965b99fa,2025-06-20T00:00:00Z,2025-06-20T00:15:00Z,2025-06-20T00:18:00Z,frozen_holdout,long_signal,0,1225.27204548952,0,61.263602274476,no_action_disarmed,,
intent_253ede1dbfe30d0633d55a7e,99a4b0f693e432ce1154860d85b65372780c1b02630c73030472d6837fdfbd9f,2025-06-21T00:00:00Z,2025-06-21T00:15:00Z,2025-06-21T00:16:00Z,frozen_holdout,long_signal,0,1225.27204548952,0,61.263602274476,no_action_disarmed,,
intent_7291044bb55b78db44649264,5b1a5953c3aeeab195668365cd3cb0ced1e5fe24e9b1da97a6837bf5bfa2ba44,2025-06-22T00:00:00Z,2025-06-22T00:15:00Z,2025-06-22T00:16:00Z,frozen_holdout,long_signal,0,1225.27204548952,0,61.263602274476,no_action_disarmed,,
intent_916b74a46bdc9e1254a395a7,932d842992202f751a96deee590592edf155b64b8e0a147731ab134f6f700ed0,2025-06-23T00:00:00Z,2025-06-23T00:15:00Z,2025-06-23T00:16:00Z,frozen_holdout,long_signal,0,1225.27204548952,0,61.263602274476,no_action_disarmed,,
intent_d1a8fbbbc23f1b9c958195dd,e64e7a6c2e513a32065069842cdcf1ba1a7af1a329581402a0fc4b0b91ea1ee6,2025-06-24T00:00:00Z,2025-06-24T00:15:00Z,2025-06-24T00:16:00Z,frozen_holdout,long_signal,0,1225.27204548952,0,61.263602274476,no_action_disarmed,,
intent_92df3ba4bba302c9c23ac767,2374e7192c5ea97610ad2aad2be2c7e1c59fa440ddcfa37e2f74a0dc91533889,2025-06-25T00:00:00Z,2025-06-25T00:15:00Z,2025-06-25T00:16:00Z,frozen_holdout,long_signal,0,1225.27204548952,0,61.263602274476,no_action_disarmed,,
intent_662fbaef24a14d928c129988,a7932055f0cd16e90421774c3e96af081494a503500561c23b6b28eafb393c66,2025-06-26T00:00:00Z,2025-06-26T00:15:00Z,2025-06-26T00:16:00Z,frozen_holdout,long_signal,0,1225.27204548952,0,61.263602274476,no_action_disarmed,,
intent_513535b7f5b250f4b20bc2fb,b56fd8945c1e5764c5a526eb7436a5631bc75d57e0380ee3f515af2a245daf92,2025-06-27T00:00:00Z,2025-06-27T00:15:00Z,2025-06-27T00:17:00Z,frozen_holdout,long_signal,0,1225.27204548952,0,61.263602274476,no_action_disarmed,,
intent_302fea6fea6f7a611703f4bc,37fbaa688501a3e5794033e8507c0b8523af44f58b978da767c255cd6910ca9e,2025-06-28T00:00:00Z,2025-06-28T00:15:00Z,2025-06-28T00:16:00Z,frozen_holdout,long_signal,0,1225.27204548952,0,61.263602274476,no_action_disarmed,,
intent_dedce25dcea29791a56ac33e,b8071353052fc662c6a0bc16c27f03f72f53fa289a3e1493d8ac826141e676b3,2025-06-29T00:00:00Z,2025-06-29T00:15:00Z,2025-06-29T00:16:00Z,frozen_holdout,long_signal,0,1225.27204548952,0,61.263602274476,no_action_disarmed,,
intent_61cece79241c581c73b62ed7,365accd38453a1b974693aad36183cc9073acd2b8a10964418917fd7987e51f5,2025-06-30T00:00:00Z,2025-06-30T00:15:00Z,2025-06-30T00:16:00Z,frozen_holdout,long_signal,0,1225.27204548952,0,61.263602274476,no_action_disarmed,,
intent_05793e1f61f84bb65ed48097,3011725ac8014471de6da6ddf145a7876d08e5808f7b2313b316722916a3e09e,2025-07-01T00:00:00Z,2025-07-01T00:15:00Z,2025-07-01T00:17:00Z,frozen_holdout,long_signal,0,1225.27204548952,0,61.263602274476,no_action_disarmed,,
intent_532431e4bb0b72725a9e26cb,b83e5112c4a6aca24507e7fac7a31a3f308b91694d9135389d355142898f5509,2025-07-02T00:00:00Z,2025-07-02T00:15:00Z,2025-07-02T00:16:00Z,frozen_holdout,long_signal,0,1225.27204548952,0,61.263602274476,no_action_disarmed,,
intent_ab9144bc7e16609204028b3e,18678d72b38b095383295ce0ddac0b791f66623ac85365c305bbe765280de364,2025-07-03T00:00:00Z,2025-07-03T00:15:00Z,2025-07-03T00:16:00Z,frozen_holdout,long_signal,0,1225.27204548952,0,61.263602274476,no_action_disarmed,,
intent_78e6e210eddc301cb1a0757d,f42762c85e63e861bfbbdfaeaf3428ec9dadebbd4328280762651017d244aa37,2025-07-04T00:00:00Z,2025-07-04T00:15:00Z,2025-07-04T00:16:00Z,frozen_holdout,long_signal,0,1225.27204548952,0,61.263602274476,no_action_disarmed,,
intent_26135b69c483fcc7fc0f0698,e16875778e87e3de3e5214426e11415e852bc070b442c7a09a7d082750aeb3ce,2025-07-05T00:00:00Z,2025-07-05T00:15:00Z,2025-07-05T00:18:00Z,frozen_holdout,long_signal,0,1225.27204548952,0,61.263602274476,no_action_disarmed,,
intent_7b93031c6bc3fb251b1b4e63,1c25133321d7eaa9e58678ff9ffe6379ae52fea819f1e5ec6d133e1079a65f2a,2025-07-06T00:00:00Z,2025-07-06T00:15:00Z,2025-07-06T00:16:00Z,frozen_holdout,long_signal,0,1225.27204548952,0,61.263602274476,no_action_disarmed,,
intent_1d59af8de87a3e5d465c4c2a,406d54a78ca678ae80a34ef0deffe1c583a92de16aa2eae16fcd749268dd34c4,2025-07-07T00:00:00Z,2025-07-07T00:15:00Z,2025-07-07T00:16:00Z,frozen_holdout,long_signal,0,1225.27204548952,0,61.263602274476,no_action_disarmed,,
intent_a696d40f59f179363c361737,88c988261efd58eef4ca23b7b4bbd2529fc025561bf8bcf5474ec07bdcdb3adf,2025-07-08T00:00:00Z,2025-07-08T00:15:00Z,2025-07-08T00:17:00Z,frozen_holdout,long_signal,0,1225.27204548952,0,61.263602274476,no_action_disarmed,,
intent_fe419728add139e919f11809,24d8e22c9f3b373d6d5f6a1ab20c8a17c27b09261d151b9addad4583257b6183,2025-07-09T00:00:00Z,2025-07-09T00:15:00Z,2025-07-09T00:18:00Z,frozen_holdout,long_signal,0,1225.27204548952,0,61.263602274476,no_action_disarmed,,
intent_f59f95e2057dd775219d1917,9b2d46a11afe9991856e7c7c024003a7a1ec7cc6ee9bea7a7d5bd679b79448ac,2025-07-10T00:00:00Z,2025-07-10T00:15:00Z,2025-07-10T00:18:00Z,frozen_holdout,long_signal,0,1225.27204548952,0,61.263602274476,no_action_disarmed,,
intent_726a68447a107f9754c551f5,3f06e85cf12a28d82b2dfdab1eb9a09b6da3ba7557977c4fbfd0c40603fda004,2025-07-11T00:00:00Z,2025-07-11T00:15:00Z,2025-07-11T00:16:00Z,frozen_holdout,long_signal,0,1225.27204548952,0,61.263602274476,no_action_disarmed,,
intent_f12b9562e34e23a10ae653fa,cd6ef5dcbaa966b26db36874dfbf137670d97117d3326edd70b3e1497925ebaf,2025-07-12T00:00:00Z,2025-07-12T00:15:00Z,2025-07-12T00:17:00Z,frozen_holdout,long_signal,0,1225.27204548952,0,61.263602274476,no_action_disarmed,,
intent_a7bd3a92b7896066639fdb7a,dd7ee47111ea137f7f9d523c4fe50463203b23d2df725533523cde6e5c4cd31e,2025-07-13T00:00:00Z,2025-07-13T00:15:00Z,2025-07-13T00:18:00Z,frozen_holdout,long_signal,0,1225.27204548952,0,61.263602274476,no_action_disarmed,,
intent_0cda9d555f331b02cb9a287e,aae125855f3bfa240634ac55e775963fc8a3a4e671541cf5d125f861efeabad8,2025-07-14T00:00:00Z,2025-07-14T00:15:00Z,2025-07-14T00:16:00Z,frozen_holdout,long_signal,0,1225.27204548952,0,61.263602274476,no_action_disarmed,,
intent_08b905df3530a189dfa3278c,da4436463339a44b607e5ea22fd7259a8d255f4effad13b5649e379055fdf57b,2025-07-15T00:00:00Z,2025-07-15T00:15:00Z,2025-07-15T00:16:00Z,frozen_holdout,long_signal,0,1225.27204548952,0,61.263602274476,no_action_disarmed,,
intent_3d4354ab6ec6c8b7cc15650b,20edd86152b3109a28f37c35394bf45ca50a7133d35765d92ca3a801f7e0b812,2025-07-16T00:00:00Z,2025-07-16T00:15:00Z,2025-07-16T00:17:00Z,frozen_holdout,long_signal,0,1225.27204548952,0,61.263602274476,no_action_disarmed,,
intent_c72c7fa6053448e408ba71c2,42c9a5e1f284268b12e19b2e6c5df982de3580ac00b1c56c5b7d219f007bbd8d,2025-07-17T00:00:00Z,2025-07-17T00:15:00Z,2025-07-17T00:16:00Z,frozen_holdout,long_signal,0,1225.27204548952,0,61.263602274476,no_action_disarmed,,
intent_e0ee19956d75c4adba7e755b,6f9f6ac1a0817d2bc9f88ef7361d087f615286c4fa1a9f3d08d76570f7e251fd,2025-07-18T00:00:00Z,2025-07-18T00:15:00Z,2025-07-18T00:16:00Z,frozen_holdout,long_signal,0,1225.27204548952,0,61.263602274476,no_action_disarmed,,
intent_615467cd1c72e65fcf4c9916,afb7791374d2aa9200e22803500006d9adaace8d3709a326cde5259bd0e7b8f8,2025-07-19T00:00:00Z,2025-07-19T00:15:00Z,2025-07-19T00:16:00Z,frozen_holdout,long_signal,0,1225.27204548952,0,61.263602274476,no_action_disarmed,,
intent_04bf17b9d2a33a191f669f53,d5da8a95d26be999fe4a836ae714e7fe9134b65f89a84a0051435d4f84b5cfde,2025-07-20T00:00:00Z,2025-07-20T00:15:00Z,2025-07-20T00:16:00Z,frozen_holdout,long_signal,0,1225.27204548952,0,61.263602274476,no_action_disarmed,,
intent_40acb65b6326a6c21d643b37,eb27e20b6401de14a9ece977973f15617014e4a383bfa7a649df2db9b0338071,2025-07-21T00:00:00Z,2025-07-21T00:15:00Z,2025-07-21T00:17:00Z,frozen_holdout,long_signal,0,1225.27204548952,0,61.263602274476,no_action_disarmed,,
intent_4e4ce68900cf1d61f33d43c7,d4f5e83d370bdaf2718f84cd427dd374e55c717a70ea094fb2c0e5905fbfb3f7,2025-07-22T00:00:00Z,2025-07-22T00:15:00Z,2025-07-22T00:18:00Z,frozen_holdout,long_signal,0,1225.27204548952,0,61.263602274476,no_action_disarmed,,
intent_379e99c19831f5c4800e3649,e5cdae7a6b351692235c5921affacebc3ce2c1aaa42410498147b54e35efed3e,2025-07-23T00:00:00Z,2025-07-23T00:15:00Z,2025-07-23T00:16:00Z,frozen_holdout,long_signal,0,1225.27204548952,0,61.263602274476,no_action_disarmed,,
intent_21c2a148772ea438e10135be,07645a9d6b1f0e0e2bd0544baeacb726d3841ed5aa2ce5f2b1e918109f27b141,2025-07-24T00:00:00Z,2025-07-24T00:15:00Z,2025-07-24T00:18:00Z,frozen_holdout,long_signal,0,1225.27204548952,0,61.263602274476,no_action_disarmed,,
intent_5d95d813edf700e71805a93c,fad087efabd12ae3be2a3def53e1e46d318d09ddd14b876854fd54c479f2b117,2025-07-25T00:00:00Z,2025-07-25T00:15:00Z,2025-07-25T00:17:00Z,frozen_holdout,long_signal,0,1225.27204548952,0,61.263602274476,no_action_disarmed,,
intent_25dc8f63c8224daa47625b90,80567a8583b18838939be74652c3ba3f30a79e8ec14c70f4eb905f96bba29219,2025-07-26T00:00:00Z,2025-07-26T00:15:00Z,2025-07-26T00:16:00Z,frozen_holdout,long_signal,0,1225.27204548952,0,61.263602274476,no_action_disarmed,,
intent_27ee12b4e4cd8174347e6447,1253ca4ebc771f07911d765e8f4dfd306edcf8e924692695274801f350f4e608,2025-07-27T00:00:00Z,2025-07-27T00:15:00Z,2025-07-27T00:18:00Z,frozen_holdout,long_signal,0,1225.27204548952,0,61.263602274476,no_action_disarmed,,
intent_6cc6b396b42194ed113e3a96,8ea2ab4d7bb883a18b096a4cbb84aa6c708308f1ff864b357c195d6cafe39e38,2025-07-28T00:00:00Z,2025-07-28T00:15:00Z,2025-07-28T00:16:00Z,frozen_holdout,long_signal,0,1225.27204548952,0,61.263602274476,no_action_disarmed,,
intent_a20679a5adc387b1d13e200f,2ccae67d2a8e071a665f02e22006297d526e3d86d8feb66896b2f3f874547aea,2025-07-29T00:00:00Z,2025-07-29T00:15:00Z,2025-07-29T00:16:00Z,frozen_holdout,long_signal,0,1225.27204548952,0,61.263602274476,no_action_disarmed,,
intent_ae1df68694501ceb9874b6f3,4213df932af99d9faa197900a8551db350559137d47d90053dd91284ddd295d9,2025-07-30T00:00:00Z,2025-07-30T00:15:00Z,2025-07-30T00:16:00Z,frozen_holdout,long_signal,0,1225.27204548952,0,61.263602274476,no_action_disarmed,,
intent_30cfbead7c4e4eeb9486c140,3aae7df6e5d20466349b34ea10c25fa67a6f08b6c314143085cee22fb0cc923f,2025-07-31T00:00:00Z,2025-07-31T00:15:00Z,2025-07-31T00:19:00Z,frozen_holdout,long_signal,0,1225.27204548952,0,61.263602274476,no_action_disarmed,,
intent_99674961ca2e7e4d1ce8137a,d4c24d2839ff26de041b5484810431c1d7bf4b7044fc759ccb405c49db1a8d32,2025-08-01T00:00:00Z,2025-08-01T00:15:00Z,2025-08-01T00:18:00Z,frozen_holdout,long_signal,0,1225.27204548952,0,61.263602274476,no_action_disarmed,,
intent_ea03c7b0879a6265f7f062f6,b47db615fb92d86985f9971349bd41db6457f764521aa3b35907b0af1c60bcd4,2025-08-02T00:00:00Z,2025-08-02T00:15:00Z,2025-08-02T00:16:00Z,frozen_holdout,long_signal,0,1225.27204548952,0,61.263602274476,no_action_disarmed,,
intent_194d594f0c64568ef6aaddb2,bf47aebee502caaf95db35a5f70d0884797bfea73e3bfd2383e135871c8a39d3,2025-08-03T00:00:00Z,2025-08-03T00:15:00Z,2025-08-03T00:16:00Z,frozen_holdout,long_signal,0,1225.27204548952,0,61.263602274476,no_action_disarmed,,
intent_280571b8ce59981cfbfc8eac,ef9e3e2d6bc768e535cc46f17060551793a58f75521ce96d412d01a98b29c641,2025-08-04T00:00:00Z,2025-08-04T00:15:00Z,2025-08-04T00:16:00Z,frozen_holdout,long_signal,0,1225.27204548952,0,61.263602274476,no_action_disarmed,,
intent_52d57b548bc3e4f05e7d87fc,0039e0c82c545dcdda860d569a6da269f7e21bbbc76a31ac94b6e86c76e0e52f,2025-08-05T00:00:00Z,2025-08-05T00:15:00Z,2025-08-05T00:16:00Z,frozen_holdout,long_signal,0,1225.27204548952,0,61.263602274476,no_action_disarmed,,
intent_4bbdda5b3261ae0234f0ae41,5eb246acab429c83d859fb26441c147f5f1f39c5d6cb8a90f35058dee6388ffe,2025-08-06T00:00:00Z,2025-08-06T00:15:00Z,2025-08-06T00:16:00Z,frozen_holdout,long_signal,0,1225.27204548952,0,61.263602274476,no_action_disarmed,,
intent_78cae528420f6a11ec8c0f61,0d7e8dfc80e47bb3afca503ad098b67fbf144ef186baac4d40329ee462f4362b,2025-08-07T00:00:00Z,2025-08-07T00:15:00Z,2025-08-07T00:17:00Z,frozen_holdout,long_signal,0,1225.27204548952,0,61.263602274476,no_action_disarmed,,
intent_2d9052878a8ac9348dc4ef6d,1cc13e7796728e1865ba4a4544d3be617fefc7dedd870839260fbb8cafbd25c3,2025-08-08T00:00:00Z,2025-08-08T00:15:00Z,2025-08-08T00:16:00Z,frozen_holdout,long_signal,0,1225.27204548952,0,61.263602274476,no_action_disarmed,,
intent_9f4ba2ba9240eb4de86b8e28,81ec8cded20369b8f02e6ad03cb2a1c8ffa17d03d150797eccb9030fdf0db7ec,2025-08-09T00:00:00Z,2025-08-09T00:15:00Z,2025-08-09T00:16:00Z,frozen_holdout,long_signal,0,1225.27204548952,0,61.263602274476,no_action_disarmed,,
intent_d975b47115037de4921b6987,f5c1a6579bd6384af014fc2912fa8158fbbd6ee8ac87bd3f618158e7f2e48294,2025-08-10T00:00:00Z,2025-08-10T00:15:00Z,2025-08-10T00:16:00Z,frozen_holdout,long_signal,0,1225.27204548952,0,61.263602274476,no_action_disarmed,,
intent_bb0f2cd52f42337b2ea72697,51021fa8b0eae4e4a5a38cbf84f35d6746dd9dd67bdf06984de1918bdd9cc623,2025-08-11T00:00:00Z,2025-08-11T00:15:00Z,2025-08-11T00:16:00Z,frozen_holdout,long_signal,0,1225.27204548952,0,61.263602274476,no_action_disarmed,,
intent_247ac836e5d0b5b7250fa79b,5deb14c946e78b79ae649e9aa49f4728c9bebc88a3ddea1663b54ad58598f774,2025-08-12T00:00:00Z,2025-08-12T00:15:00Z,2025-08-12T00:17:00Z,frozen_holdout,long_signal,0,1225.27204548952,0,61.263602274476,no_action_disarmed,,
intent_56e9c20c3b48ec933d685474,6983fb4e910b7cad69287211085df303608343f14474e465addfadf4a81e55a4,2025-08-13T00:00:00Z,2025-08-13T00:15:00Z,2025-08-13T00:16:00Z,frozen_holdout,long_signal,0,1225.27204548952,0,61.263602274476,no_action_disarmed,,
intent_d074f591c1b03a62d5883fd7,9a3f4387d5c5331eabdb5e0237de026c22ea793309a77a3b7e9e5d588d8e6e53,2025-08-14T00:00:00Z,2025-08-14T00:15:00Z,2025-08-14T00:16:00Z,frozen_holdout,long_signal,0,1225.27204548952,0,61.263602274476,no_action_disarmed,,
intent_f5296339108a50b0ed0eb3ad,cf8bf7589e34bfe4bb7b0d702d26ce8fff49450d773e5a19a63e69955b0f3c4e,2025-08-15T00:00:00Z,2025-08-15T00:15:00Z,2025-08-15T00:16:00Z,frozen_holdout,long_signal,0,1225.27204548952,0,61.263602274476,no_action_disarmed,,
intent_ca5cd9fee421b08318424297,5d4bb3d79c94b8c11a2c3e5ab0d5d7b5d356685261950495117b2def64ebbf70,2025-08-16T00:00:00Z,2025-08-16T00:15:00Z,2025-08-16T00:16:00Z,frozen_holdout,long_signal,0,1225.27204548952,0,61.263602274476,no_action_disarmed,,
intent_41c43d3be0cb20cd0838244a,b5d0eec7cea96838eb5600602f8dc40bfc122eeaa7bdde99ef4d040173b585a9,2025-08-17T00:00:00Z,2025-08-17T00:15:00Z,2025-08-17T00:16:00Z,frozen_holdout,long_signal,0,1225.27204548952,0,61.263602274476,no_action_disarmed,,
intent_a04938e510fe216f292b36e6,1348dc93e1684f0faeeec555e1646c1cb6e0fb3bd6dbc9e1cb591e925948644f,2025-08-18T00:00:00Z,2025-08-18T00:15:00Z,2025-08-18T00:16:00Z,frozen_holdout,long_signal,0,1225.27204548952,0,61.263602274476,no_action_disarmed,,
intent_21f0831940bc2781f94ae40c,150f52cf612b2c9d7631b406348376be6f119addfd27395423684cae7ea4406d,2025-08-19T00:00:00Z,2025-08-19T00:15:00Z,2025-08-19T00:16:00Z,frozen_holdout,long_signal,0,1225.27204548952,0,61.263602274476,no_action_disarmed,,
intent_1bc1e09299c55ebc21661e6d,2bc41cda7fbd659467504c5601df1684e476d45520060bea4a6d742adf15a20c,2025-08-20T00:00:00Z,2025-08-20T00:15:00Z,2025-08-20T00:17:00Z,frozen_holdout,long_signal,0,1225.27204548952,0,61.263602274476,no_action_disarmed,,
intent_01aadaf509d38ccc7a69d132,8928545f56ff3506133e84ebb2dbcc841bb4236db735d8f13a145f338480d5a3,2025-08-21T00:00:00Z,2025-08-21T00:15:00Z,2025-08-21T00:16:00Z,frozen_holdout,long_signal,0,1225.27204548952,0,61.263602274476,no_action_disarmed,,
intent_35d9917804db65bd6d6fbaa1,f3ccb395b4d4b61a258effafcc4d130e51d1c9ee3d187394c76a18b21e7c9021,2025-08-22T00:00:00Z,2025-08-22T00:15:00Z,2025-08-22T00:16:00Z,frozen_holdout,long_signal,0,1225.27204548952,0,61.263602274476,no_action_disarmed,,
intent_a799d6b4daca067e082faba0,4140471a49892a6a4989db5ee0cc7131d6a5584da79696fa351a89d42e087bd0,2025-08-23T00:00:00Z,2025-08-23T00:15:00Z,2025-08-23T00:16:00Z,frozen_holdout,long_signal,0,1225.27204548952,0,61.263602274476,no_action_disarmed,,
intent_7dcb70d298b0ca9084a9ade8,ede671867db623ba570291f3c560a4517118f679d7583c3799a69489ed1adb23,2025-08-24T00:00:00Z,2025-08-24T00:15:00Z,2025-08-24T00:18:00Z,frozen_holdout,long_signal,0,1225.27204548952,0,61.263602274476,no_action_disarmed,,
intent_cbb379a05d7fe1304adf73b5,e41099bcca8faa9ae7a51f537faebc07733b61af95a8b5a7eb00ad64c85c809e,2025-08-25T00:00:00Z,2025-08-25T00:15:00Z,2025-08-25T00:16:00Z,frozen_holdout,long_signal,0,1225.27204548952,0,61.263602274476,no_action_disarmed,,
intent_46768d35a49a4bdcc26cec1d,9c2a445bbc70196ad4ccbb541648a8e4f0c38e1c8d82924bc85e479ce7cb5222,2025-08-26T00:00:00Z,2025-08-26T00:15:00Z,2025-08-26T00:16:00Z,frozen_holdout,long_signal,0,1225.27204548952,0,61.263602274476,no_action_disarmed,,
intent_0fa30bb44f9d489e7ee70353,0832b7c4a7b0dbf395766cf4dbbbb997516c8f1b5623e19e1ecf02269b699c3c,2025-08-27T00:00:00Z,2025-08-27T00:15:00Z,2025-08-27T00:16:00Z,frozen_holdout,long_signal,0,1225.27204548952,0,61.263602274476,no_action_disarmed,,
intent_3624070178271c8b4f6de09a,1ca18ebb26e64823454e7a8359a3e8b935ac668afe2eb2b62213d97cd448b59b,2025-08-28T00:00:00Z,2025-08-28T00:15:00Z,2025-08-28T00:16:00Z,frozen_holdout,long_signal,0,1225.27204548952,0,61.263602274476,no_action_disarmed,,
intent_52ce8ad927962caa87f1361f,cc0aab5ea8446553f6223e1c8a879f29a8686eb39589fef83f70f4b32de2f73c,2025-08-29T00:00:00Z,2025-08-29T00:15:00Z,2025-08-29T00:17:00Z,frozen_holdout,long_signal,0,1225.27204548952,0,61.263602274476,no_action_disarmed,,
intent_a8a0e2bce47195aeb3da47ee,72df2093e3bfc474761103c401a796b9f94088cc48b54f8f991d117424f24282,2025-08-30T00:00:00Z,2025-08-30T00:15:00Z,2025-08-30T00:16:00Z,frozen_holdout,long_signal,0,1225.27204548952,0,61.263602274476,no_action_disarmed,,
intent_74970de3d341cb6991ad95d1,dff11061b7f379eb3439f0bdd867e708941c22e44b5d9f055c589686cf95e51f,2025-08-31T00:00:00Z,2025-08-31T00:15:00Z,2025-08-31T00:16:00Z,frozen_holdout,long_signal,0,1225.27204548952,0,61.263602274476,no_action_disarmed,,
intent_648b6f6073f46845ecfb86ab,df69fee18100cc513f083e592b8e84864b8037a396a0d9f0873204ab9a3947bb,2025-09-01T00:00:00Z,2025-09-01T00:15:00Z,2025-09-01T00:16:00Z,frozen_holdout,long_signal,0,1225.27204548952,0,61.263602274476,no_action_disarmed,,
intent_c93eee0160f2c73cbb4f51f7,a80dbc8b9dbbd9667d415730bb1a207be3b6b4bfc7384ff83632e8fc4ba37166,2025-09-02T00:00:00Z,2025-09-02T00:15:00Z,2025-09-02T00:17:00Z,frozen_holdout,long_signal,0,1225.27204548952,0,61.263602274476,no_action_disarmed,,
intent_998aa567c0a5ed96415f852f,11e2fd7d2ff70e6f1d85e6ff61baae0db5ece50c94a0719e862231463ea63051,2025-09-03T00:00:00Z,2025-09-03T00:15:00Z,2025-09-03T00:16:00Z,frozen_holdout,long_signal,0,1225.27204548952,0,61.263602274476,no_action_disarmed,,
intent_962506229d6a36be666d5759,7fd47efca9a2dd659a59ab6dd3b63c2e22e746afb674e2ad20befed7a43c4e8e,2025-09-04T00:00:00Z,2025-09-04T00:15:00Z,2025-09-04T00:17:00Z,frozen_holdout,long_signal,0,1225.27204548952,0,61.263602274476,no_action_disarmed,,
intent_4282cd6b448fa89a69c6be5a,6dfb45760749b875b8f683ef75d69e07918244f0643caa98f5bd58f5e882ebc7,2025-09-05T00:00:00Z,2025-09-05T00:15:00Z,2025-09-05T00:16:00Z,frozen_holdout,long_signal,0,1225.27204548952,0,61.263602274476,no_action_disarmed,,
intent_3a00db0dfbe2881c1dc8219b,d8e6f2a81b01cc328da95edb5e1b520416c03109c824c48aa2083aef601f0814,2025-09-06T00:00:00Z,2025-09-06T00:15:00Z,2025-09-06T00:16:00Z,frozen_holdout,long_signal,0,1225.27204548952,0,61.263602274476,no_action_disarmed,,
intent_d8e26e0dd9bf553bf2743667,d65aacefb27cff4c81c7c17a147dadfc7fd9e0a67a9f3b0aa6e6148a02389565,2025-09-07T00:00:00Z,2025-09-07T00:15:00Z,2025-09-07T00:17:00Z,frozen_holdout,long_signal,0,1225.27204548952,0,61.263602274476,no_action_disarmed,,
intent_f0fb823193c8f330183ff268,de338b0496bf884faf9931b1c7a13c2c506e934dd437f847df8f63a074ffec7d,2025-09-08T00:00:00Z,2025-09-08T00:15:00Z,2025-09-08T00:16:00Z,frozen_holdout,long_signal,0,1225.27204548952,0,61.263602274476,no_action_disarmed,,
intent_cd8d2ebd4de073a75ff47217,2a763bc1c84dabb83f2b8cd70c1afd4dd761d2fea4ffc74102304b82fc28ee1f,2025-09-09T00:00:00Z,2025-09-09T00:15:00Z,2025-09-09T00:16:00Z,frozen_holdout,long_signal,0,1225.27204548952,0,61.263602274476,no_action_disarmed,,
intent_69ef8e937ce050d4e6947314,55d4ace785eb16e5faa5993d6788f6d56a539d554db2b449849571dcd1a04b30,2025-09-10T00:00:00Z,2025-09-10T00:15:00Z,2025-09-10T00:16:00Z,frozen_holdout,long_signal,0,1225.27204548952,0,61.263602274476,no_action_disarmed,,
intent_09ca2494b9db2e0a8274378a,ba7b1599f6944a342ade189025bb6236bf217ac85f0d60f7e981446c6468f328,2025-09-11T00:00:00Z,2025-09-11T00:15:00Z,2025-09-11T00:16:00Z,frozen_holdout,long_signal,0,1225.27204548952,0,61.263602274476,no_action_disarmed,,
intent_f46bf83c410bc666097f23c5,8f545815152e36e2f90cf6ed37d1fbf55ae1ee44316b4edbcffaa5809eeef3d2,2025-09-12T00:00:00Z,2025-09-12T00:15:00Z,2025-09-12T00:18:00Z,frozen_holdout,long_signal,0,1225.27204548952,0,61.263602274476,no_action_disarmed,,
intent_e0cc007705f7bf19e385b0e9,fa9a2aca6b8f30588d712e1fda3f983d0264e1e81d149574984e4f984386aac7,2025-09-13T00:00:00Z,2025-09-13T00:15:00Z,2025-09-13T00:16:00Z,frozen_holdout,long_signal,0,1225.27204548952,0,61.263602274476,no_action_disarmed,,
intent_76f27b336d00580ce4f6e73f,cbd8741bf1c54a04387299335153252d93bd051fc68b89566c70c69c9e601dff,2025-09-14T00:00:00Z,2025-09-14T00:15:00Z,2025-09-14T00:18:00Z,frozen_holdout,long_signal,0,1225.27204548952,0,61.263602274476,no_action_disarmed,,
intent_301ccc363eeaacfe7ae666ff,bde544c8104beff1ffb0b5554654b964089edf8a51ab2150949e26ede390c0d5,2025-09-15T00:00:00Z,2025-09-15T00:15:00Z,2025-09-15T00:16:00Z,frozen_holdout,long_signal,0,1225.27204548952,0,61.263602274476,no_action_disarmed,,
intent_42b06b29a1746903899a0405,a5d83bed822bef966c5aa5675c934018f719166d1ff156deacde77563b480acc,2025-09-16T00:00:00Z,2025-09-16T00:15:00Z,2025-09-16T00:16:00Z,frozen_holdout,long_signal,0,1225.27204548952,0,61.263602274476,no_action_disarmed,,
intent_f179b0b75648a8d127f70b61,31aa62ed6e8fac2e01fc5dfd8ea99d6012a3845a0966043a2f962530c6177442,2025-09-17T00:00:00Z,2025-09-17T00:15:00Z,2025-09-17T00:16:00Z,frozen_holdout,long_signal,0,1225.27204548952,0,61.263602274476,no_action_disarmed,,
intent_96fed0df4788bf9a36fb2056,81fa1c8424b53bb445fd8e38cef7207ccdb0d1e57c71f7503a2e590af967659a,2025-09-18T00:00:00Z,2025-09-18T00:15:00Z,2025-09-18T00:16:00Z,frozen_holdout,long_signal,0,1225.27204548952,0,61.263602274476,no_action_disarmed,,
intent_75f18f32c94a9d86b60c7b18,23f891d5a018cc4dd04bb700d2f4316aa2db4e7d1133c4ffb9ec259ae9ba478a,2025-09-19T00:00:00Z,2025-09-19T00:15:00Z,2025-09-19T00:18:00Z,frozen_holdout,long_signal,0,1225.27204548952,0,61.263602274476,no_action_disarmed,,
intent_62fa21c857b0ce5fa4748cf7,7f56ea18bae2923af81acf47765d024b65954548ba2b54af8f21f0149b79c9c5,2025-09-20T00:00:00Z,2025-09-20T00:15:00Z,2025-09-20T00:16:00Z,frozen_holdout,long_signal,0,1225.27204548952,0,61.263602274476,no_action_disarmed,,
intent_4e24981fa372d4629620d974,5f07e21f6b6b5c093e3cd30ab062a39d2d0032e305038884b9e46399ae510f72,2025-09-21T00:00:00Z,2025-09-21T00:15:00Z,2025-09-21T00:16:00Z,frozen_holdout,long_signal,0,1225.27204548952,0,61.263602274476,no_action_disarmed,,
intent_a41a82352c8549996336b33e,852b8cfb9d030211dc829849bbe41c14e92b505f45aab24b753222101a1d457c,2025-09-22T00:00:00Z,2025-09-22T00:15:00Z,2025-09-22T00:16:00Z,frozen_holdout,long_signal,0,1225.27204548952,0,61.263602274476,no_action_disarmed,,
intent_4e34c7382786daca418a6801,342b6ec11555ddef3f1286479c0a346b84e9b1db85876cf3aff273136304386e,2025-09-23T00:00:00Z,2025-09-23T00:15:00Z,2025-09-23T00:16:00Z,frozen_holdout,long_signal,0,1225.27204548952,0,61.263602274476,no_action_disarmed,,
intent_24dc8eb070f849de8828158b,40fee8ab1a76e8f43bd4b08d88bc074d8983267c2a446e6ea8ce439f73e72f7f,2025-09-24T00:00:00Z,2025-09-24T00:15:00Z,2025-09-24T00:18:00Z,frozen_holdout,long_signal,0,1225.27204548952,0,61.263602274476,no_action_disarmed,,
intent_6b22885ae0c4c44cc87689a0,677304f892748e98668472903ae2709e7fe19abfd17a81506f3fa2a483845edd,2025-09-25T00:00:00Z,2025-09-25T00:15:00Z,2025-09-25T00:18:00Z,frozen_holdout,long_signal,0,1225.27204548952,0,61.263602274476,no_action_disarmed,,
intent_1298b6f7cc8b8cc7dda1b7ca,ccbdf936bc6a23ff7bc80634eb2bc709b57c976a15b3692232f56cfad371586e,2025-09-26T00:00:00Z,2025-09-26T00:15:00Z,2025-09-26T00:16:00Z,frozen_holdout,long_signal,0,1225.27204548952,0,61.263602274476,no_action_disarmed,,
intent_219ae38c70a4a10210fbca65,631a5881b0564032f97ce63155a36628a72e2022e969c0af8356250a1a968fda,2025-09-27T00:00:00Z,2025-09-27T00:15:00Z,2025-09-27T00:16:00Z,frozen_holdout,long_signal,0,1225.27204548952,0,61.263602274476,no_action_disarmed,,
intent_2d609d9cdf7d13b06df5d375,7f50c9c25db2967f71284226f05389c9286c770fe43edd2207ed45f5fd99aec8,2025-09-28T00:00:00Z,2025-09-28T00:15:00Z,2025-09-28T00:18:00Z,frozen_holdout,long_signal,0,1225.27204548952,0,61.263602274476,no_action_disarmed,,
intent_93bf9f56c42e32d3a53f021c,8e5ea49df333884eae5b3bb83398eb13d80a06d18f7bb6958cbff2fdc12f59d4,2025-09-29T00:00:00Z,2025-09-29T00:15:00Z,2025-09-29T00:16:00Z,frozen_holdout,long_signal,0,1225.27204548952,0,61.263602274476,no_action_disarmed,,
intent_cabe910cab747b540354fe2c,64ec3a63eb2b18dfc9a0a0fed5d1ab9f5767f93dc6a25c2040e03a56c7f4e304,2025-09-30T00:00:00Z,2025-09-30T00:15:00Z,2025-09-30T00:16:00Z,frozen_holdout,long_signal,0,1225.27204548952,0,61.263602274476,no_action_disarmed,,
intent_a38e025a28a4bb0ed0d92326,82cb69b62d7c38b3f9894dceff078350e5decc25232c18ea3f3bbfcb3d9aba28,2025-10-01T00:00:00Z,2025-10-01T00:15:00Z,2025-10-01T00:17:00Z,frozen_holdout,long_signal,0,1225.27204548952,0,61.263602274476,no_action_disarmed,,
intent_d2b612814f6a7763f82d2ca3,2348ddc37d9c6bf74e94316c5dfd268cffab54333d8260c3b4abadf71945d0d4,2025-10-02T00:00:00Z,2025-10-02T00:15:00Z,2025-10-02T00:16:00Z,frozen_holdout,long_signal,0,1225.27204548952,0,61.263602274476,no_action_disarmed,,
intent_04d5df373c5b27504d6b098c,f6ebaf0b542568bb4b9f7eb8637b6be9811a331532d072d3e6661bb9cd5a9f40,2025-10-03T00:00:00Z,2025-10-03T00:15:00Z,2025-10-03T00:16:00Z,frozen_holdout,long_signal,0,1225.27204548952,0,61.263602274476,no_action_disarmed,,
intent_a60b2ce41a50a2988308a9e8,a4e3c557aade584e300fbd2ef82de3f9290483484530f786babe37ba4aeec8fa,2025-10-04T00:00:00Z,2025-10-04T00:15:00Z,2025-10-04T00:16:00Z,frozen_holdout,long_signal,0,1225.27204548952,0,61.263602274476,no_action_disarmed,,
intent_decab0bcec2513cb8d6afc7f,57a2f6a86c5ecd73ea5d292c1703149446ff1216b4f08430e158fc6ff60a98d9,2025-10-05T00:00:00Z,2025-10-05T00:15:00Z,2025-10-05T00:16:00Z,frozen_holdout,long_signal,0,1225.27204548952,0,61.263602274476,no_action_disarmed,,
intent_68dd72d92ac1a082a167c419,2d2cb755d7c8c100091f7b53f912f1b6327fa1665911ce7b15c7c2ffe602e15c,2025-10-06T00:00:00Z,2025-10-06T00:15:00Z,2025-10-06T00:16:00Z,frozen_holdout,long_signal,0,1225.27204548952,0,61.263602274476,no_action_disarmed,,
intent_cb33f3c1d2dd5e4ecb893af4,89d051e181be2d94f3b9399b8ab0e01ffb3fada09ca495bc981ae0a54f90d4a5,2025-10-07T00:00:00Z,2025-10-07T00:15:00Z,2025-10-07T00:17:00Z,frozen_holdout,long_signal,0,1225.27204548952,0,61.263602274476,no_action_disarmed,,
intent_2dd011d206da530ca241c27a,7990ea01e527fe6a1841532029dd19e77d8455eff1d9549388ca8205689df6e1,2025-10-08T00:00:00Z,2025-10-08T00:15:00Z,2025-10-08T00:16:00Z,frozen_holdout,long_signal,0,1225.27204548952,0,61.263602274476,no_action_disarmed,,
intent_576024d1ec9fe2b84c55b194,7edadab413af7b1fc7dbcdb03d005b871fdcae7e422fcf62ad25754d47fcc269,2025-10-09T00:00:00Z,2025-10-09T00:15:00Z,2025-10-09T00:16:00Z,frozen_holdout,long_signal,0,1225.27204548952,0,61.263602274476,no_action_disarmed,,
intent_f89ad2c36d7feb4384c88d44,a9986001fbdb25d9a9bbd31fcc2b23a2e86edc13f2540363f2af8776ac25aea5,2025-10-10T00:00:00Z,2025-10-10T00:15:00Z,2025-10-10T00:17:00Z,frozen_holdout,long_signal,0,1225.27204548952,0,61.263602274476,no_action_disarmed,,
intent_7cc6df00a86b15d6c7d3b5b6,3275cbe9b2ff7c8b876fb233e499cccda1b79ea283879c144347863359c03428,2025-10-11T00:00:00Z,2025-10-11T00:15:00Z,2025-10-11T00:16:00Z,frozen_holdout,long_signal,0,1225.27204548952,0,61.263602274476,no_action_disarmed,,
intent_912add3d6387fbeb509b4797,09f103fdad95daba3ed0cc166aa7013ee0cb62956a339342ff0ce3e7fc89cb8a,2025-10-12T00:00:00Z,2025-10-12T00:15:00Z,2025-10-12T00:16:00Z,frozen_holdout,non_positive_momentum,0,1225.27204548952,0,61.263602274476,no_action_disarmed,,
intent_d4fe899332db5cd223ddcdad,c7ed03c021db873c1c41af3ee00b6187dfe0a664e0c674c36a533d240bbd4d17,2025-10-13T00:00:00Z,2025-10-13T00:15:00Z,2025-10-13T00:16:00Z,frozen_holdout,non_positive_momentum,0,1225.27204548952,0,61.263602274476,no_action_disarmed,,
intent_b36f714d928ccc8fee63e024,ba7bf20fd10ab2840692daa0649b411d189f44badc1e5756563e59e7a2bf0a4a,2025-10-14T00:00:00Z,2025-10-14T00:15:00Z,2025-10-14T00:17:00Z,frozen_holdout,long_signal,0,1225.27204548952,0,61.263602274476,no_action_disarmed,,
intent_af01e1b4fd7cd65683b8157a,70d307041a48b2b7ac7bc7d95c219a5e4dbabc07690809ec47b216b681eeb81a,2025-10-15T00:00:00Z,2025-10-15T00:15:00Z,2025-10-15T00:16:00Z,frozen_holdout,non_positive_momentum,0,1225.27204548952,0,61.263602274476,no_action_disarmed,,
intent_ffb015a189c600930a9cf739,5647358ae7a10bac2e1a57a549d6c1fad7da38b77faeba34cc6a2b15f2041a43,2025-10-16T00:00:00Z,2025-10-16T00:15:00Z,2025-10-16T00:16:00Z,frozen_holdout,non_positive_momentum,0,1225.27204548952,0,61.263602274476,no_action_disarmed,,
intent_0b10a6717c0264102e456e0d,fcc34765fad794bdfe2c6be3d5db6e5c9046c928a7d54397d5fc706241b8eed4,2025-10-17T00:00:00Z,2025-10-17T00:15:00Z,2025-10-17T00:17:00Z,frozen_holdout,non_positive_momentum,0,1225.27204548952,0,61.263602274476,no_action_disarmed,,
intent_bea91b76b162d7a6bad166fb,89a0037f8cc5bdda3e2a57a809f420f0cfa637fccbfdcd078604dba1758c1bd6,2025-10-18T00:00:00Z,2025-10-18T00:15:00Z,2025-10-18T00:16:00Z,frozen_holdout,non_positive_momentum,0,1225.27204548952,0,61.263602274476,no_action_disarmed,,
intent_151b8530e00c5c451c6c78f1,b53358bdcfad34e239e71ca767bb4c138449a26b61b9089327bbc75e9e0d743e,2025-10-19T00:00:00Z,2025-10-19T00:15:00Z,2025-10-19T00:16:00Z,frozen_holdout,non_positive_momentum,0,1225.27204548952,0,61.263602274476,no_action_disarmed,,
intent_06534cf4f6bd47c4a5d62e37,cd328d9fd350ad7775b07994409be66600ce750715eae7d6ff37ea04675e3cdc,2025-10-20T00:00:00Z,2025-10-20T00:15:00Z,2025-10-20T00:16:00Z,frozen_holdout,non_positive_momentum,0,1225.27204548952,0,61.263602274476,no_action_disarmed,,
intent_e2302a7d1c88a61b4c0747b2,eb4b3fe1c14fa86f155ecaf1d49ef80d7c087eed59d6156de9e1eb1dd0d4f516,2025-10-21T00:00:00Z,2025-10-21T00:15:00Z,2025-10-21T00:16:00Z,frozen_holdout,non_positive_momentum,0,1225.27204548952,0,61.263602274476,no_action_disarmed,,
intent_d54206aa1c9b7652f641204b,5c407263195a9e15886be27ff1ef52f95ed7965f5138b76f2396f22fa8995dc4,2025-10-22T00:00:00Z,2025-10-22T00:15:00Z,2025-10-22T00:16:00Z,frozen_holdout,non_positive_momentum,0,1225.27204548952,0,61.263602274476,no_action_disarmed,,
intent_02ab958f114fcf7ca2fd661e,25120051397158785b5a44486c8527442f31109edafc7b0c9f38a8ba7fcb6e63,2025-10-23T00:00:00Z,2025-10-23T00:15:00Z,2025-10-23T00:18:00Z,frozen_holdout,non_positive_momentum,0,1225.27204548952,0,61.263602274476,no_action_disarmed,,
intent_c0618bab0750b4d12729460b,f2600033c2d8d31e012c65183c49d220222afb10055910090056a4cd5d2f1d93,2025-10-24T00:00:00Z,2025-10-24T00:15:00Z,2025-10-24T00:17:00Z,frozen_holdout,non_positive_momentum,0,1225.27204548952,0,61.263602274476,no_action_disarmed,,
intent_6a80072a2d52139328a14f05,fe0f8c342aaa36e643cf0af4f6157140e480958bded0e80d735f71dc56d16f2b,2025-10-25T00:00:00Z,2025-10-25T00:15:00Z,2025-10-25T00:18:00Z,frozen_holdout,non_positive_momentum,0,1225.27204548952,0,61.263602274476,no_action_disarmed,,
intent_51b3de50d241e205f6520b88,f0439f0d409cc5405cf3f08539f4e10f0a7b890442ca78387849548b9f257883,2025-10-26T00:00:00Z,2025-10-26T00:15:00Z,2025-10-26T00:18:00Z,frozen_holdout,non_positive_momentum,0,1225.27204548952,0,61.263602274476,no_action_disarmed,,
intent_da7eed99abd151b578a18478,ec2890ade5e2d1cc1ec6682da75433b40f2bfa5b1f385ae510c11c4ac3b7113d,2025-10-27T00:00:00Z,2025-10-27T00:15:00Z,2025-10-27T00:16:00Z,frozen_holdout,non_positive_momentum,0,1225.27204548952,0,61.263602274476,no_action_disarmed,,
intent_49c2b75fa0583aba019b4065,10fe05fe715b50dc118529babaeb7339fcfa9583b59405765327a0e4597b59bd,2025-10-28T00:00:00Z,2025-10-28T00:15:00Z,2025-10-28T00:16:00Z,frozen_holdout,non_positive_momentum,0,1225.27204548952,0,61.263602274476,no_action_disarmed,,
intent_72b199edfc667b1ddf9e04b6,cceb60d41fae08dba5dc0fcd62331dd30ca6abbdc94fb0a41f88255afb835bf0,2025-10-29T00:00:00Z,2025-10-29T00:15:00Z,2025-10-29T00:17:00Z,frozen_holdout,non_positive_momentum,0,1225.27204548952,0,61.263602274476,no_action_disarmed,,
intent_17782e0e2c0e49a1102f7d20,aea2f2f03dfa6e1c05c3def15078b17f1a0b9a707bf426c2c7a96c6cb09f004c,2025-10-30T00:00:00Z,2025-10-30T00:15:00Z,2025-10-30T00:16:00Z,frozen_holdout,non_positive_momentum,0,1225.27204548952,0,61.263602274476,no_action_disarmed,,
intent_79dfc34a0b27443c49ee3a5b,5b006bc09e5b4d51411ddbb09b0be2a002f1e92e82e668e5e84b01bd290a25a3,2025-10-31T00:00:00Z,2025-10-31T00:15:00Z,2025-10-31T00:16:00Z,frozen_holdout,non_positive_momentum,0,1225.27204548952,0,61.263602274476,no_action_disarmed,,
intent_3c1946538f8a12af411d04c8,f2ad581dba4da310ecc6250ae50a5dcd5ce4bf27ccf9909504cbb3873cc31202,2025-11-01T00:00:00Z,2025-11-01T00:15:00Z,2025-11-01T00:16:00Z,frozen_holdout,non_positive_momentum,0,1225.27204548952,0,61.263602274476,no_action_disarmed,,
intent_1d59e523ded04934d658c044,f542cb1f296f524b9007a876ae187ef44677d43653ac31d6fbb0675f81554e9d,2025-11-02T00:00:00Z,2025-11-02T00:15:00Z,2025-11-02T00:16:00Z,frozen_holdout,non_positive_momentum,0,1225.27204548952,0,61.263602274476,no_action_disarmed,,
intent_1ed8d8f39fce4bc95831bec7,e1fd3b0f8962cb14a32d0b3fff1acd428f7cac7cd005950327a520eac939b16a,2025-11-03T00:00:00Z,2025-11-03T00:15:00Z,2025-11-03T00:17:00Z,frozen_holdout,non_positive_momentum,0,1225.27204548952,0,61.263602274476,no_action_disarmed,,
intent_5013c407f12e6af3c392047a,41e34c4f8c7a41e007897d78693eac5a59a6031467f30bc082561f93039e1dea,2025-11-04T00:00:00Z,2025-11-04T00:15:00Z,2025-11-04T00:18:00Z,frozen_holdout,non_positive_momentum,0,1225.27204548952,0,61.263602274476,no_action_disarmed,,
intent_3d38ac194d0cb914e3cc5c0d,d447530255472ed64324bbf4b2765bc336b7de11bc4bfdb5eeee193d40b46737,2025-11-05T00:00:00Z,2025-11-05T00:15:00Z,2025-11-05T00:16:00Z,frozen_holdout,non_positive_momentum,0,1225.27204548952,0,61.263602274476,no_action_disarmed,,
intent_93b1ca23733eab44d38e9f5d,14e1876ddb949ba709276da256094f0147f83ac78cfe91bf32c498176b7cc1eb,2025-11-06T00:00:00Z,2025-11-06T00:15:00Z,2025-11-06T00:16:00Z,frozen_holdout,non_positive_momentum,0,1225.27204548952,0,61.263602274476,no_action_disarmed,,
intent_eeb3e9d6c0bc37689b994e3a,e17c337ebea820ffcaadbd9663e3f4e50029ba1fd5ce93f03eef9bef42eb46ce,2025-11-07T00:00:00Z,2025-11-07T00:15:00Z,2025-11-07T00:16:00Z,frozen_holdout,non_positive_momentum,0,1225.27204548952,0,61.263602274476,no_action_disarmed,,
intent_bae1ffd788a5cf5afbd71043,96df03571653c727b53ffa810e4c9783e352f2db6ea8f5fdfdb6e0d11fcb394d,2025-11-08T00:00:00Z,2025-11-08T00:15:00Z,2025-11-08T00:17:00Z,frozen_holdout,non_positive_momentum,0,1225.27204548952,0,61.263602274476,no_action_disarmed,,
intent_0767d43d994b85517cfa1666,43fbb6605fef4bfbca14bdc993d12389eb0557a9120643f83fd5d13176c9fa45,2025-11-09T00:00:00Z,2025-11-09T00:15:00Z,2025-11-09T00:16:00Z,frozen_holdout,non_positive_momentum,0,1225.27204548952,0,61.263602274476,no_action_disarmed,,
intent_4dc64e2b0a09095624132a3c,808be9c9805ce7698b53d1f24105d9247257b8178ae1e0436ec4d5f3b21b2399,2025-11-10T00:00:00Z,2025-11-10T00:15:00Z,2025-11-10T00:16:00Z,frozen_holdout,non_positive_momentum,0,1225.27204548952,0,61.263602274476,no_action_disarmed,,
intent_2788462b708798c8aeda6e8e,cb15adf8514f66c1b824c7b18096013bea21ebd7112674e845420f94a27d3236,2025-11-11T00:00:00Z,2025-11-11T00:15:00Z,2025-11-11T00:16:00Z,frozen_holdout,non_positive_momentum,0,1225.27204548952,0,61.263602274476,no_action_disarmed,,
intent_26f516766ee87d1c1da9d3aa,d4a2abf6dd30e519950cfb81fa417c60df43f641ee75500946d299df1b4642b8,2025-11-12T00:00:00Z,2025-11-12T00:15:00Z,2025-11-12T00:18:00Z,frozen_holdout,non_positive_momentum,0,1225.27204548952,0,61.263602274476,no_action_disarmed,,
intent_8e75b006efccecbfbf9082e5,80c3b725f1eba42df1470eef15d8e33c1c27f86d9e236f29423cce6aac64b5ff,2025-11-13T00:00:00Z,2025-11-13T00:15:00Z,2025-11-13T00:17:00Z,frozen_holdout,non_positive_momentum,0,1225.27204548952,0,61.263602274476,no_action_disarmed,,
intent_a23bae77143baf4c4f77400c,9833199e34ff24317832480e35721902f21ff2383b76d458647ea6f45d2b201b,2025-11-14T00:00:00Z,2025-11-14T00:15:00Z,2025-11-14T00:16:00Z,frozen_holdout,non_positive_momentum,0,1225.27204548952,0,61.263602274476,no_action_disarmed,,
intent_18ab3c9e4b1883d9c9594b63,860b9b88bedf3c4557636eaf17fb0b46b6ea276609c9122f6ea48cae8a4c9f2b,2025-11-15T00:00:00Z,2025-11-15T00:15:00Z,2025-11-15T00:18:00Z,frozen_holdout,non_positive_momentum,0,1225.27204548952,0,61.263602274476,no_action_disarmed,,
intent_7e2ccfc3acfcb7a3efd78415,71f0ee2d5efb0a0fbb3e2b49c9e5950779721101e4b88f72a9813ffa76278289,2025-11-16T00:00:00Z,2025-11-16T00:15:00Z,2025-11-16T00:16:00Z,frozen_holdout,non_positive_momentum,0,1225.27204548952,0,61.263602274476,no_action_disarmed,,
intent_9b2bb88bc158b0a84e580f73,eedcff5cbc43251061d2dc0ebaa61cbb1e812e2f1a45b00fc18a755df12f1e8f,2025-11-17T00:00:00Z,2025-11-17T00:15:00Z,2025-11-17T00:16:00Z,frozen_holdout,non_positive_momentum,0,1225.27204548952,0,61.263602274476,no_action_disarmed,,
intent_9a4da0fc155a945907c2df30,dd89b2ca8038d7a1e4e17c6c34bbb01095fb3391cede8a9db3e41520ee8f250c,2025-11-18T00:00:00Z,2025-11-18T00:15:00Z,2025-11-18T00:16:00Z,frozen_holdout,non_positive_momentum,0,1225.27204548952,0,61.263602274476,no_action_disarmed,,
intent_57448b7330c92ef3d5dad77d,f0a5b0303ff456b3c43f90e9b8128b55f99f0b0d548ab018994fc64ba416e6b2,2025-11-19T00:00:00Z,2025-11-19T00:15:00Z,2025-11-19T00:16:00Z,frozen_holdout,non_positive_momentum,0,1225.27204548952,0,61.263602274476,no_action_disarmed,,
intent_4d73aaa76dc01f33a19c31d5,509de7598e818747d627ea29d30ad2088a9046301304d35ef73f9867557a51b1,2025-11-20T00:00:00Z,2025-11-20T00:15:00Z,2025-11-20T00:17:00Z,frozen_holdout,non_positive_momentum,0,1225.27204548952,0,61.263602274476,no_action_disarmed,,
intent_0d9bb57341b378ac4d3981f6,a8c32c0bca4360f8eb7a237bea2f0bf9b7607b3222a4826961b5c5f6e7485947,2025-11-21T00:00:00Z,2025-11-21T00:15:00Z,2025-11-21T00:16:00Z,frozen_holdout,non_positive_momentum,0,1225.27204548952,0,61.263602274476,no_action_disarmed,,
intent_264bb4df81a4e70ae73ccdcb,72500ac247288354b88e1da9c2eae62643d1195611babbd831f4c626dfc25cd4,2025-11-22T00:00:00Z,2025-11-22T00:15:00Z,2025-11-22T00:16:00Z,frozen_holdout,non_positive_momentum,0,1225.27204548952,0,61.263602274476,no_action_disarmed,,
intent_e46cf32d48aa5a3af7262afb,7d56061f2c02ea729a878dc1f0ed5566bc43941e5c1a0cf5acf044d98f26d142,2025-11-23T00:00:00Z,2025-11-23T00:15:00Z,2025-11-23T00:17:00Z,frozen_holdout,non_positive_momentum,0,1225.27204548952,0,61.263602274476,no_action_disarmed,,
intent_9dfdea8c48878b541731f275,48612325e74940d6673e0a882e9c4e055d3cd492b18ddf5e0984efa9d7e0ce77,2025-11-24T00:00:00Z,2025-11-24T00:15:00Z,2025-11-24T00:16:00Z,frozen_holdout,non_positive_momentum,0,1225.27204548952,0,61.263602274476,no_action_disarmed,,
intent_905109b2af56a5b87722b511,d23affcaeda467473254daaee39e82169f2ab106a091911e235746991a4e9b4f,2025-11-25T00:00:00Z,2025-11-25T00:15:00Z,2025-11-25T00:16:00Z,frozen_holdout,non_positive_momentum,0,1225.27204548952,0,61.263602274476,no_action_disarmed,,
intent_f2a2efb9b7a0c4f568ca179b,edaf8a0d66004288e4264ea3fb8160877a1ab55aa177a08969bcbfa70157bc6c,2025-11-26T00:00:00Z,2025-11-26T00:15:00Z,2025-11-26T00:18:00Z,frozen_holdout,non_positive_momentum,0,1225.27204548952,0,61.263602274476,no_action_disarmed,,
intent_2f14846b85f7f01b817fa313,f58cd3771c05032521b573b586f19359804357194c0d392b35f820541e9309fd,2025-11-27T00:00:00Z,2025-11-27T00:15:00Z,2025-11-27T00:16:00Z,frozen_holdout,non_positive_momentum,0,1225.27204548952,0,61.263602274476,no_action_disarmed,,
intent_0b5bb5563d4d9accaa7ff482,3a25afabd99493ac69317e6da72e6082a2da6d1571543a2ffdfff547406e61d1,2025-11-28T00:00:00Z,2025-11-28T00:15:00Z,2025-11-28T00:17:00Z,frozen_holdout,non_positive_momentum,0,1225.27204548952,0,61.263602274476,no_action_disarmed,,
intent_82d0dfa019b31fd8ec6e9ef3,2ca83c6b9713d89b20dd0bbc25c43609d1a156d2fc8ea81a52c4c568d103bb61,2025-11-29T00:00:00Z,2025-11-29T00:15:00Z,2025-11-29T00:16:00Z,frozen_holdout,non_positive_momentum,0,1225.27204548952,0,61.263602274476,no_action_disarmed,,
intent_e037f57f28f3f37219bbadaa,3d4d4c7d6b0e192e22bc369c288bd8e7df05f1b80f0b17172161db73c5583509,2025-11-30T00:00:00Z,2025-11-30T00:15:00Z,2025-11-30T00:17:00Z,frozen_holdout,non_positive_momentum,0,1225.27204548952,0,61.263602274476,no_action_disarmed,,
intent_9b7c0d6de192edbffe0a8add,42599df01a8c8528f0b12f363fd21f8bb7565dafb9291c830dca084186d40928,2025-12-01T00:00:00Z,2025-12-01T00:15:00Z,2025-12-01T00:16:00Z,frozen_holdout,non_positive_momentum,0,1225.27204548952,0,61.263602274476,no_action_disarmed,,
intent_9e3e668ddbfb87a63dc7163c,714456310e85bc37e188c20f397b184f02c9adf90b049aad97aae9adbbf6e3a8,2025-12-02T00:00:00Z,2025-12-02T00:15:00Z,2025-12-02T00:16:00Z,frozen_holdout,non_positive_momentum,0,1225.27204548952,0,61.263602274476,no_action_disarmed,,
intent_cc8e435fa38a599eb4521371,260068fa8763915a3b04f328b071a2810bb5654b5155e581f0bb3566aa08eb38,2025-12-03T00:00:00Z,2025-12-03T00:15:00Z,2025-12-03T00:16:00Z,frozen_holdout,non_positive_momentum,0,1225.27204548952,0,61.263602274476,no_action_disarmed,,
intent_85317758db2cb95f63c5ae3f,eed08173a37b1dca50b05bc77f5c0a6410b542818909f8003058007d04aa7f89,2025-12-04T00:00:00Z,2025-12-04T00:15:00Z,2025-12-04T00:16:00Z,frozen_holdout,non_positive_momentum,0,1225.27204548952,0,61.263602274476,no_action_disarmed,,
intent_b064bcdb1629a6e0ecf03f7c,3e53477c40938e4d671a17c793eae19b45a9feabf7b3ad4ce34719de7619e6b7,2025-12-05T00:00:00Z,2025-12-05T00:15:00Z,2025-12-05T00:18:00Z,frozen_holdout,non_positive_momentum,0,1225.27204548952,0,61.263602274476,no_action_disarmed,,
intent_d017124e27e1f21a42b3e5e6,aeffa8a06288544d12484fb81de1451ffd2ed29058920287f506f075871821e0,2025-12-06T00:00:00Z,2025-12-06T00:15:00Z,2025-12-06T00:16:00Z,frozen_holdout,non_positive_momentum,0,1225.27204548952,0,61.263602274476,no_action_disarmed,,
intent_19398c8e11de8fc626213892,7d93245bbd2920eb5d0fdf6ced52781e89f3a24da38dee044af8ecf78fa5ec32,2025-12-07T00:00:00Z,2025-12-07T00:15:00Z,2025-12-07T00:18:00Z,frozen_holdout,non_positive_momentum,0,1225.27204548952,0,61.263602274476,no_action_disarmed,,
intent_7577bfbe01d545ff0f2337ee,557b85dd7a7c573a83cdc6a1cb88006376351e498dbe5c842c74bbeb4197b601,2025-12-08T00:00:00Z,2025-12-08T00:15:00Z,2025-12-08T00:16:00Z,frozen_holdout,non_positive_momentum,0,1225.27204548952,0,61.263602274476,no_action_disarmed,,
intent_4900be483df48b8de7128ae3,58248f3e52d874f4b8659404f627c8cf72687fcdffeade8256e6ae96f7f34208,2025-12-09T00:00:00Z,2025-12-09T00:15:00Z,2025-12-09T00:18:00Z,frozen_holdout,non_positive_momentum,0,1225.27204548952,0,61.263602274476,no_action_disarmed,,
intent_9e77e1d8f7bb173c7b7d7b76,73cb0d1514e18381fa07880dcea85b3810427524060df725c48caabaf40e2b31,2025-12-10T00:00:00Z,2025-12-10T00:15:00Z,2025-12-10T00:17:00Z,frozen_holdout,non_positive_momentum,0,1225.27204548952,0,61.263602274476,no_action_disarmed,,
intent_52318b2ba5dd8bc40f6937f8,09903a7a45bc12e14e61deae20b126e71e55c86fcad544660f8140a4037d4ba9,2025-12-11T00:00:00Z,2025-12-11T00:15:00Z,2025-12-11T00:16:00Z,frozen_holdout,non_positive_momentum,0,1225.27204548952,0,61.263602274476,no_action_disarmed,,
intent_4bb3dbd2db195ea6e9ab48c9,b615f27f3a1a4ea80d721cf0d16ba54c65c329e05bb1d4c9c482b9deb5ddb03a,2025-12-12T00:00:00Z,2025-12-12T00:15:00Z,2025-12-12T00:16:00Z,frozen_holdout,non_positive_momentum,0,1225.27204548952,0,61.263602274476,no_action_disarmed,,
intent_d19de714c2f7af76682c3af3,8667c1f8295d20d40996852dc84b1ab797b3712bb0b449debbd8346f0bb23c33,2025-12-13T00:00:00Z,2025-12-13T00:15:00Z,2025-12-13T00:17:00Z,frozen_holdout,non_positive_momentum,0,1225.27204548952,0,61.263602274476,no_action_disarmed,,
intent_94ebfc2b6e827ae34312e8a9,2c45f5c41b42d5a1969139958f96f023a3c13499d9888bd9fa9eeecfed80e012,2025-12-14T00:00:00Z,2025-12-14T00:15:00Z,2025-12-14T00:16:00Z,frozen_holdout,non_positive_momentum,0,1225.27204548952,0,61.263602274476,no_action_disarmed,,
intent_b8a38d879a0b88e873f22f25,c235e4d99cc750cc6e42b01d780f34191c5042932de901e97662817b2990fb3a,2025-12-15T00:00:00Z,2025-12-15T00:15:00Z,2025-12-15T00:17:00Z,frozen_holdout,non_positive_momentum,0,1225.27204548952,0,61.263602274476,no_action_disarmed,,
intent_ac574c7779a3f20597a09e78,bbd6aa53b4b71773521747e0303a457e3259ca3138dcec493685bbbab678d2b6,2025-12-16T00:00:00Z,2025-12-16T00:15:00Z,2025-12-16T00:16:00Z,frozen_holdout,non_positive_momentum,0,1225.27204548952,0,61.263602274476,no_action_disarmed,,
intent_0705b24374b7d637e1765ad2,052dd89fbb2e3c602ebac6e0485a3afabde7c7d97c2b300fc713793b4ca97699,2025-12-17T00:00:00Z,2025-12-17T00:15:00Z,2025-12-17T00:16:00Z,frozen_holdout,non_positive_momentum,0,1225.27204548952,0,61.263602274476,no_action_disarmed,,
intent_f1ed6746b18466ba582527e0,a07e76fb2a630cd2cdcab5999a1b61eb7c79cf3d3d95963c86dc3815778b2764,2025-12-18T00:00:00Z,2025-12-18T00:15:00Z,2025-12-18T00:16:00Z,frozen_holdout,non_positive_momentum,0,1225.27204548952,0,61.263602274476,no_action_disarmed,,
intent_7f4f4d23019663e649ccd6fb,e837c4410dd3ecfc03ccd91d59324846af47eab70478cabe6084fb8c88877df1,2025-12-19T00:00:00Z,2025-12-19T00:15:00Z,2025-12-19T00:16:00Z,frozen_holdout,non_positive_momentum,0,1225.27204548952,0,61.263602274476,no_action_disarmed,,
intent_f9c168aad46bbb1c457fbc03,a16bce177d01405b164bff5c98226b23ff73358105cd4d9a1b39352821f017e6,2025-12-20T00:00:00Z,2025-12-20T00:15:00Z,2025-12-20T00:16:00Z,frozen_holdout,non_positive_momentum,0,1225.27204548952,0,61.263602274476,no_action_disarmed,,
intent_95bab6899ed52c7b09bd2244,94a0440b3685f14e55796531a412b9032cbe3fb90cde649c51ffda8ba887e977,2025-12-21T00:00:00Z,2025-12-21T00:15:00Z,2025-12-21T00:17:00Z,frozen_holdout,non_positive_momentum,0,1225.27204548952,0,61.263602274476,no_action_disarmed,,
intent_31ca3c9cf77fc4e3b2cff837,8f473f31139d7919693fb2659401194662df00ae96f5c85bd934964ed2621b77,2025-12-22T00:00:00Z,2025-12-22T00:15:00Z,2025-12-22T00:16:00Z,frozen_holdout,non_positive_momentum,0,1225.27204548952,0,61.263602274476,no_action_disarmed,,
intent_58fd515ee2c9c0c45bcee3ed,4297fe8b1822762ef6b712d1fc7194407b62ae6f32a92e232ec810b72dc54cf8,2025-12-23T00:00:00Z,2025-12-23T00:15:00Z,2025-12-23T00:16:00Z,frozen_holdout,non_positive_momentum,0,1225.27204548952,0,61.263602274476,no_action_disarmed,,
intent_3b1c23223d34d36118601c44,7ecad33d23d55cefec3d79d48551b830bfaf5264e3b90cd3b00cb472b8b62fdf,2025-12-24T00:00:00Z,2025-12-24T00:15:00Z,2025-12-24T00:17:00Z,frozen_holdout,non_positive_momentum,0,1225.27204548952,0,61.263602274476,no_action_disarmed,,
intent_ee7c358f295b6a9ff30ca8e5,c5b9ddd1f532c70e994f2176f30ca3a31e9e9ec0c2c972a656722264700c707d,2025-12-25T00:00:00Z,2025-12-25T00:15:00Z,2025-12-25T00:16:00Z,frozen_holdout,non_positive_momentum,0,1225.27204548952,0,61.263602274476,no_action_disarmed,,
intent_fd94b78850ce1ec5e9767ce3,0ef50165fc4ba32e74971118b49b92aa4a5d8d15e12506aa69663aa70c9d570e,2025-12-26T00:00:00Z,2025-12-26T00:15:00Z,2025-12-26T00:16:00Z,frozen_holdout,non_positive_momentum,0,1225.27204548952,0,61.263602274476,no_action_disarmed,,
intent_6e7b33aa13c0cc0a8d519d68,34bbf9bf2cd39366492c85999f0eab5619e271d21ebe071b7d58d0892125c02b,2025-12-27T00:00:00Z,2025-12-27T00:15:00Z,2025-12-27T00:17:00Z,frozen_holdout,non_positive_momentum,0,1225.27204548952,0,61.263602274476,no_action_disarmed,,
intent_f4836eef4ab9e78b1aecb46d,cbc80f2bd1c19fabeb59ad7e437c8a57eec52ddebb52a8b4db29ca245374e06d,2025-12-28T00:00:00Z,2025-12-28T00:15:00Z,2025-12-28T00:16:00Z,frozen_holdout,non_positive_momentum,0,1225.27204548952,0,61.263602274476,no_action_disarmed,,
intent_0015b1980f3d085d7a0c3912,bbe82c3ea661b16b64f42052295f0fd14947be26c795c0eb0e7947849ed5919d,2025-12-29T00:00:00Z,2025-12-29T00:15:00Z,2025-12-29T00:16:00Z,frozen_holdout,non_positive_momentum,0,1225.27204548952,0,61.263602274476,no_action_disarmed,,
intent_159e740f01fc5ff960db4ed5,5ac0a5abd0b2b6c1bf469cac81158f60a3b829532a12f1cb1f65f45f69aeaa34,2025-12-30T00:00:00Z,2025-12-30T00:15:00Z,2025-12-30T00:16:00Z,frozen_holdout,non_positive_momentum,0,1225.27204548952,0,61.263602274476,no_action_disarmed,,
intent_7ab107ea83fd44d72344bc44,2f1569188698477bc737dff78d8e8c541df35dcffd0594d7b2ef454bf1325d4f,2025-12-31T00:00:00Z,2025-12-31T00:15:00Z,2025-12-31T00:18:00Z,frozen_holdout,non_positive_momentum,0,1225.27204548952,0,61.263602274476,no_action_disarmed,,
