variant,risk_epoch,audit_record_id,trade_id,intent_id,strategy_decision_id,decision_time_utc,execution_time_utc,split,side,liquidity,quantity_btc,execution_volume_btc,volume_participation_fraction,volume_cap_applied,reference_price_cad,execution_price_cad,gross_notional_cad,fee_cad,slippage_cad,cash_after_cad,btc_after
sealed_frozen_v1_persistent_disarm,1,audit_8d6f8d037910359b539cfed4,trade_21a0eb64d62d77b8cd56ec1c,intent_748cf4c1d8e7f71672a72007,8e8500f943a2d58214b6a51b91dae74463f589b938b426aab08b8300e4f6cb41,2019-04-03T00:15:00Z,2019-04-03T00:17:00Z,development,buy,taker,0.06650408,1.89088813,0.0351708167949629045479279623,False,6397.359772151089657535689327110007295884,6403.8,425.878827504,3.407030620032,0.4283014280821613280739141347,570.714141875968,0.06650408
sealed_frozen_v1_persistent_disarm,1,audit_f2929677430dc2bf78062d38,trade_49c48975f8b713aab199840f,intent_6fd3bf716de84dd5bed880af,7134814980e987777d7bb26171b9056ae5588e94a4d2a94f0eacf1190f48abc0,2019-04-17T00:15:00Z,2019-04-17T00:17:00Z,development,sell,taker,0.0014088,0.014088,0.1,True,7079,7071.9,9.96289272,0.07970314176,0.01000248,580.597331454208,0.06509528
sealed_frozen_v1_persistent_disarm,1,audit_d1c1c28d06714ec6bf13652a,trade_a83a096c59ee482a0fcfe61b,intent_cdd85c13e39fb728d958bbc5,592cde31cb144b399e8e48645943aae12fc8763ddea899e6614a6d66a3373f4e,2019-04-24T00:15:00Z,2019-04-24T00:17:00Z,development,sell,taker,0.0002314,0.002314,0.1,True,7506.8,7499.2,1.73531488,0.01388251904,0.00175864,582.318763815168,0.06486388
sealed_frozen_v1_persistent_disarm,1,audit_c025ca4b8b1568da95481e47,trade_e2c97d46bdcd6f8681763808,intent_8f015f6a426dd9c8906284c3,02230f81cecadcc4b9c529391a9f745a7c737da0329f19f36c7dec0438e76cb7,2019-04-25T00:15:00Z,2019-04-25T00:20:00Z,development,sell,taker,0.0078295,0.11702439,0.06690485632952241836082204744,False,7392.2,7384.8,57.8192916,0.4625543328,0.0579383,639.675501082368,0.05703438
sealed_frozen_v1_persistent_disarm,1,audit_f912c43bbcf3e107eb3febaf,trade_59607d9be25c82eeeb80aeed,intent_08ae9a09f2c73c10f651e22c,dac6d718f402fe2d7a57ce5483986a252fa605356396de2cdfd6826a67df9d1c,2019-05-03T00:15:00Z,2019-05-03T00:19:00Z,development,buy,taker,0.01555359,0.1555359,0.1,True,7279.954142998497452999596877634038186682,7287.3,113.343676407,0.906749411256,0.114254448,525.425075264112,0.07258797
sealed_frozen_v1_persistent_disarm,1,audit_83b1f7c7db68f264befae6a7,trade_a30dcde365e2695942c05d31,intent_aa3157461ee83c91a2c64490,232cce16c01aee82356f8e068619b15bc2780a3d34ee328d7def5c9b2623fe17,2019-05-04T00:15:00Z,2019-05-04T00:16:00Z,development,buy,taker,0.0002301,0.002301,0.1,True,7624,7631.7,1.75605417,0.01404843336,0.00177177,523.654972660752,0.07281807
sealed_frozen_v1_persistent_disarm,1,audit_4102a80cdde0bb3d1cd997ea,trade_cf256e217c5982b5a174a1ab,intent_9f04d1ae3a8df9e272c6ce6b,bfed0aef7a97bf8e792a901aa7893b68a6935a2e76bc55b47bf0de33fa594549,2019-05-05T00:15:00Z,2019-05-05T00:16:00Z,development,buy,taker,0.0025,0.025,0.1,True,7672.3,7680,19.2,0.1536,0.01925,504.301372660752,0.07531807
sealed_frozen_v1_persistent_disarm,1,audit_a81447dbd2d3007801802284,trade_686f1c883f677371e878f2e6,intent_de2944144acafc3c869cf070,b52a73c31416f23f5d1cbd3c19127515de3dae2b70c6bf5913fe1b432c739c5f,2019-05-06T00:15:00Z,2019-05-06T00:18:00Z,development,buy,taker,0.00212633,0.02126331,0.09999995297063345264683626397,True,7691.7,7699.4,16.371465202,0.130971721616,0.016372741,487.798935737136,0.0774444
sealed_frozen_v1_persistent_disarm,1,audit_f2a1b6f0baaf4a19ea584e29,trade_8cd4a4668fe02065a0bfb292,intent_d8abf1de4bdd9a4c167a2a3c,46127167b0c08ce44b4bfbc6b1336ae1ad25253874631f9180b96c22a6a5b9e6,2019-05-07T00:15:00Z,2019-05-07T00:17:00Z,development,buy,taker,0.002402,0.02402,0.1,True,7678.4,7686.1,18.4620122,0.1476960976,0.0184954,469.189227439536,0.0798464
sealed_frozen_v1_persistent_disarm,1,audit_e0b49ab21a4b5a4d695878d1,trade_c2d7a61e0c434982fcb73f0a,intent_81d2de82bb790fbd5bfeb21c,1394e9366ecbe52a5e4fbad7f6ddfcff65d9b823627f38a689c2a0a1a995c36d,2019-05-08T00:15:00Z,2019-05-08T00:19:00Z,development,buy,taker,0.003143,0.03143,0.1,True,7765,7772.8,24.4299104,0.1954392832,0.0245154,444.563877756336,0.0829894
sealed_frozen_v1_persistent_disarm,1,audit_21703881cc8aed535c85bbd1,trade_ae8d143bc3b3b863061c65af,intent_f46ddcc93f8c45d38697baef,bf4c7c302a52dd04126bf3500f7f26529f43cb664056c66c9c791523a1d03cd4,2019-05-09T00:15:00Z,2019-05-09T00:16:00Z,development,buy,taker,0.0004423,0.004423,0.1,True,8038.2,8046.3,3.55887849,0.02847102792,0.00358263,440.976528238416,0.0834317
sealed_frozen_v1_persistent_disarm,1,audit_9f25e623cda81676b48d2a55,trade_ae5a187f095785d6a45f4cfe,intent_86d7a3823fdab045bc0ba311,f8f47c6a774b01f431dae3cc33aa29cda8d0c5256f3bdbc3f50eb0375d35d474,2019-05-12T00:15:00Z,2019-05-12T00:19:00Z,development,sell,taker,0.02281207,0.42644398,0.0534937085991927943267014814,False,9787.350450260782201685670413262722104789,9777.5,223.045014425,1.7843601154,0.2247091608804818396076314643,662.237182548016,0.06061963
sealed_frozen_v1_persistent_disarm,1,audit_04019b6ca5f3c54ae0fcd653,trade_c33cf081f52ad729fafe093e,intent_e4843a022532081aa80b46bd,c8945f3eb7b5aba5614c6eb68b70a3d2c8ad83874697269221f9d5237e8a6732,2019-05-14T00:15:00Z,2019-05-14T00:16:00Z,development,sell,taker,0.01016381,0.23649523,0.04297680760833950012437882997,False,10343,10332.6,105.018583206,0.840148665648,0.105703624,766.415617088368,0.05045582
sealed_frozen_v1_persistent_disarm,1,audit_338bce5056003838dd680cef,trade_5958a2426d3c82456cc70491,intent_b2f960b6d30c7f1333aed11d,2fb246ac2f694c63b05358b995327a885f31bee7ee186666c354797e7ae74c4c,2019-05-20T00:15:00Z,2019-05-20T00:16:00Z,development,sell,taker,0.01302673,0.33729915,0.03862070212747349052021032368,False,10992.46588793063961175117103022643253029,10981.4,143.051732822,1.144413862576,0.1441523342827009495873321946,908.322936047792,0.03742909
sealed_frozen_v1_persistent_disarm,1,audit_988efc1cae210422dcdbcfc0,trade_8fc15d364adf694c9b96b625,intent_f1d6f1b3c452ce5e971dfee1,8c01bd35589d81b705a8b954d522aaef4db7c91a24d1562d78790b1f1cc7c72b,2019-06-20T00:15:00Z,2019-06-20T00:17:00Z,development,buy,taker,0.0033835,0.033835,0.1,True,12400,12412.4,41.9973554,0.3359788432,0.0419554,865.989601804592,0.04081259
sealed_frozen_v1_persistent_disarm,1,audit_05dc203e8cdcbbc18a4ebaa0,trade_cbb040c30617448afa5737c0,intent_b8613ff811bccc6183422cfc,70f7482d8cfbfcfa9048f8ae8764c73d2063c4dc6c9874c725bcb0e5ee333374,2019-06-27T00:15:00Z,2019-06-27T00:16:00Z,development,sell,taker,0.00163199,0.01631994,0.09999975490105968526845074185,True,16959.75226636862635524395310276876017927,16942.7,27.650316973,0.221202535784,0.02782912819093452549457902419,893.418716241808,0.0391806
sealed_frozen_v1_persistent_disarm,1,audit_fea373c6d0e51924d8135b1c,trade_3b1d890f4e95aeb299c3bf7c,intent_2af2e1786c10d8800c86c101,155cccc1ec9fd6c3f94ee708850c27987898747e0fcc0e6ad1c7e713973afaf1,2019-06-30T00:15:00Z,2019-06-30T00:19:00Z,development,sell,taker,0.00358049,0.03580491,0.099999972070869609782568927,True,15219.4,15204.1,54.438128009,0.435505024072,0.054781497,947.421339226736,0.03560011
sealed_frozen_v1_persistent_disarm,1,audit_e31cb4e642484a521d67b84c,trade_90a9802a879376b1c3baf562,intent_402f441dde989efdca72419c,c2e95d9e19e29c64cd4e43e1b465985543563090c272a83fbfa36d25b8b6c4fc,2019-07-02T00:15:00Z,2019-07-02T00:20:00Z,development,sell,taker,0.00229797,0.02297971,0.09999995648334987691315512685,True,13056.55884434572934123189544167441625678,13043.5,29.973571695,0.23978857356,0.03000883254115565427065876809,977.155122348176,0.03330214
sealed_frozen_v1_persistent_disarm,1,audit_70aed9106325d7bab959640f,trade_2ab6c7467332b8d6b928482c,intent_fd609f6b50865e828fa65081,914ec205afdddab31baeeb7627c2a80235b4436148bfc894ed75628180175da4,2019-07-03T00:15:00Z,2019-07-03T00:16:00Z,development,sell,taker,0.00884472,0.18372385,0.04814138175310391111442526379,False,14142.64531632120707246228510887399757843,14128.5,124.96262652,0.99970101216,0.1251113621725066179486223481,1101.118047856016,0.02445742
sealed_frozen_v1_persistent_disarm,1,audit_2b74e9330554f2c41be8606b,trade_b884cea4380c3c504175894a,intent_1aa98b855a5b661f7ae35925,33d227e57305e36140e2b6f5abcddc5041837ec18e07c39cd79d62644032c7e3,2019-07-31T00:15:00Z,2019-07-31T00:19:00Z,development,buy,taker,0.00598375,0.07,0.08548214285714285714285714286,False,12747.6,12760.4,76.3550435,0.610840348,0.076592,1024.152164008016,0.03044117
sealed_frozen_v1_persistent_disarm,1,audit_b9ea4867c2cf96250c60f9bd,trade_d1c1c145de47bb9a9066f27e,intent_f28cbc2490d7eb0267b5946e,83655c1d2cb63f2de4ec25988880dd24c8802c00c0df08d5779793858f82525c,2019-08-16T00:15:00Z,2019-08-16T00:16:00Z,development,buy,taker,0.00109,0.0109,0.1,True,13793,13806.8,15.049412,0.120395296,0.015042,1008.982356712016,0.03153117
sealed_frozen_v1_persistent_disarm,1,audit_b6d91f8ace18509d65775a3a,trade_08206aec2c9242c7c1275ba1,intent_881d19725abddfc4654614b5,1d1a2d3ead85a2dc712c7c95cece6d977cfbf6c112f63982cd2d675f2b3d188b,2019-08-17T00:15:00Z,2019-08-17T00:17:00Z,development,buy,taker,0.0023111,0.02311108,0.09999965384568786919520853201,True,13699.6,13713.3,31.69280763,0.25354246104,0.03166207,977.036006620976,0.03384227
sealed_frozen_v1_persistent_disarm,1,audit_cb3544d97eb6ae3e2776edaa,trade_341758bdcd2d1bb23f9205e8,intent_e74b1e023623df245eecd72e,b5f737cdafe1be9ede337b5f1e0a54994c527f88ecbbe15b869fce39b20e7769,2019-08-18T00:15:00Z,2019-08-18T00:16:00Z,development,buy,taker,0.0029,0.029,0.1,True,13600,13613.6,39.47944,0.31583552,0.03944,937.240731100976,0.03674227
sealed_frozen_v1_persistent_disarm,1,audit_ec645e00a86f3c9e24cee6ca,trade_9edbfc36cc34c57c4982873d,intent_8c1afc836be2867a66b7ed9b,553a5a89f069f63ee4ddad37503fe32d4769886238f1bf0d5ebd86cc9d820f62,2019-08-19T00:15:00Z,2019-08-19T00:20:00Z,development,buy,taker,0.00092357,0.00923578,0.09999913380353364848448100756,True,13608.6,13622.3,12.581147611,0.100649180888,0.012652909,924.558934309088,0.03766584
sealed_frozen_v1_persistent_disarm,1,audit_a4ab8e7d3838a578117fff39,trade_5c09dae9e2164f93af4119d8,intent_5d1a53639871ab3b806dc323,44bceccddd92a7093afd77e1b8936c9c5223e3e01d4cebd5e49a6b791d90cd44,2019-09-11T00:15:00Z,2019-09-11T00:16:00Z,development,buy,taker,0.00666555,0.06665551,0.09999998499748932983934861499,True,13305.20823690344579165323316857076031674,13318.6,88.77579423,0.71020635384,0.08926346650823690344579165324,835.072933725248,0.04433139
sealed_frozen_v1_persistent_disarm,1,audit_0736dc927a1faa9754c59ddc,trade_3faa70a8bda74755d71581df,intent_a64da4acd000679502119dd2,f3183a5176473f1155683b667911cd884cd83e6491da6146ec533013be06e577,2019-09-14T00:15:00Z,2019-09-14T00:18:00Z,development,buy,taker,0.00250694,0.02506949,0.09999964099788228639673164472,True,13717.47772116624630177957349750633140124,13731.2,34.423294528,0.275386356224,0.03440092969949049621671601615,800.374252841024,0.04683833
sealed_frozen_v1_persistent_disarm,1,audit_f65c2e756716ebf306fb1371,trade_aa698793a9e94290cef4fc08,intent_ad338325e85f466edbb69343,0840f8b7c5a8cf159ca4dfa18cc49e713e3a430870a890197da43914597bc50a,2019-09-15T00:15:00Z,2019-09-15T00:18:00Z,development,buy,taker,0.0057608,0.141693,0.04065691318554903911978714545,False,13762.25376661514683153013910355486862442,13776.1,79.36135688,0.63489085504,0.07976538128346213292117465227,720.378005105984,0.05259913
sealed_frozen_v1_persistent_disarm,1,audit_1d44c71340cb60107e0ad0b7,trade_0e6d2cd3adca11bb1fb89249,intent_9535b493743cc1d859bf1917,3e8be9cef0fd8e9a7936923c06c26ce72605cf6ff946487123b39a40fb225dd6,2019-09-23T00:15:00Z,2019-09-23T00:18:00Z,development,sell,taker,0.03064702,0.30647025,0.09999998368520272359225732351,True,13300.38082087902496245557276766668216572,13287,407.20695474,3.25765563792,0.4100822850958956048751877222,1124.327304208064,0.02195211
sealed_frozen_v1_persistent_disarm,1,audit_0339e2d0dedb75912bde0620,trade_8a6a9e2a77a0b02e467022cb,intent_136c631f06cec69ebc284ac8,6917ce6ec0d95b60d2716e98f012f4db3e5f4ae517a3f8f2d61988ee8b27cdac,2019-09-24T00:15:00Z,2019-09-24T00:16:00Z,development,sell,taker,0.02195211,0.6519291,0.03367254199881551536815889949,False,12854.02885312835398818675220971114803742,12841.1,281.889239721,2.255113917768,0.2838156060474708676142850503,1403.961430011296,0
sealed_frozen_v1_persistent_disarm,1,audit_69c4999b3f7d3827c7cd9c9f,trade_3946769b0b3c3fef0bf9b65e,intent_121c73a48844ea39787c13d5,154ae4873fa7468c7277dce759e6bc5e9c07be78fbf9bbfda86749e50f541940,2019-10-28T00:15:00Z,2019-10-28T00:20:00Z,development,buy,taker,0.0006054,0.00605401,0.09999983482022659361315888147,True,12506.2,12518.8,7.57888152,0.06063105216,0.00762804,1396.321917439136,0.0006054
sealed_frozen_v1_persistent_disarm,1,audit_43cc43e322f348d21d51eb25,trade_dd67ff64cef1fd14b766304f,intent_7a9bfc30ed76e2a049bd9669,07d1f26c14ef497f712239b43c258d053738180e296531359ef92d27b2e26c94,2019-10-30T00:15:00Z,2019-10-30T00:16:00Z,development,sell,taker,0.0006054,0.03988011,0.01518049975288433256578279247,False,12344,12331.6,7.46555064,0.05972440512,0.00750696,1403.727743674016,0
sealed_frozen_v1_persistent_disarm,1,audit_12bef67357d8a6bdb0b33513,trade_fd941df8cf4143819e3f0218,intent_2a12c9f1993fede7b960bae1,20d1f6cb69f53a12596d2fb62a0c29d72c09f117155ad0e8ef3cd79c6af4ae82,2020-01-30T00:15:00Z,2020-01-30T00:20:00Z,development,buy,taker,0.000657,0.00657007,0.09999893456234104050641773984,True,12107,12119.2,7.9623144,0.0636985152,0.0080154,1395.701730758816,0.000657
sealed_frozen_v1_persistent_disarm,1,audit_3fe77bd2d395f161118d9bd5,trade_45b4dbf37e145dc36dac12bf,intent_ae7c91cd8a218ab69204d44e,bd28825ffb958d83d9d7fd658bf6e72b3f059d1866caffad64c23f35d15e9228,2020-01-31T00:15:00Z,2020-01-31T00:16:00Z,development,buy,taker,0.00268509,0.02685097,0.09999973930178313856072983583,True,12402.1,12414.6,33.334318314,0.266674546512,0.033563625,1362.100737898304,0.00334209
sealed_frozen_v1_persistent_disarm,1,audit_295f060ed5d2bde1f1ab23d3,trade_05a27febe12eac8a731df068,intent_6176003128a4aaacb2648739,63941ff5620bb462676c56f38aa51385e404640dec469143c78cdcaef59b56e4,2020-02-01T00:15:00Z,2020-02-01T00:17:00Z,development,buy,taker,0.00218104,0.02181047,0.09999967905322535461179882873,True,12325.1,12337.5,26.908581,0.215268648,0.027044896,1334.976888250304,0.00552313
sealed_frozen_v1_persistent_disarm,1,audit_786a19aca03151d098a777e3,trade_5282c7ca5f001edbd5b0d90c,intent_9b77eec7ee430ecf571f2f6e,bd7fce934d3d0e983fb7079fae01baa01e827c5e6cd77f66019866a801c0ac0b,2020-02-02T00:15:00Z,2020-02-02T00:19:00Z,development,buy,taker,0.00158567,0.01585675,0.09999968467687262522269695871,True,12309.3,12321.7,19.538150039,0.156305200312,0.019662308,1315.282433010992,0.0071088
sealed_frozen_v1_persistent_disarm,1,audit_e3624a82131447e5e71dc635,trade_4abb3f57b787c0089d1dbcfa,intent_9bae138cb261ae6d7cdf471e,6b3b3161473568ccc2704102f80118cac5609ecc58504490b38e203a24c8289a,2020-02-03T00:15:00Z,2020-02-03T00:20:00Z,development,sell,taker,0.00118,0.0118,0.1,True,12243.8,12231.5,14.43317,0.11546536,0.014514,1329.600137650992,0.0059288
sealed_frozen_v1_persistent_disarm,1,audit_aa1e6745b0e5e4d38cff0889,trade_5229e7df2ac08461eda7c778,intent_2e233d523f98e92d680aac9f,072d6109b37562911b6fbe7f0081108e690dfaf8c79e26670071270dc10d08da,2020-02-05T00:15:00Z,2020-02-05T00:18:00Z,development,sell,taker,0.005415,0.05415,0.1,True,12121,12108.8,65.569152,0.524553216,0.066063,1394.644736434992,0.0005138
sealed_frozen_v1_persistent_disarm,1,audit_a3e078cf10129057356cd75c,trade_85de3ec28f72c2cac8cec2be,intent_29d2b7b58f1f634fa1b4ec0f,9985646900bedadd23b59e463da9fcdeccbef176c97370002ae64f03ff366267,2020-02-07T00:15:00Z,2020-02-07T00:17:00Z,development,buy,taker,0.005,0.05,0.1,True,12901.8,12914.8,64.574,0.516592,0.065,1329.554144434992,0.0055138
sealed_frozen_v1_persistent_disarm,1,audit_c7632771bbe8103f1f5a9ddf,trade_184f3366f53e6f2f39992d7d,intent_54e74503e343d7d7007b0da3,479f31bcc5e98d83f3574e2eabfa7faa283fb3fcd6398fc1f393dc0541f90e4d,2020-02-08T00:15:00Z,2020-02-08T00:18:00Z,development,buy,taker,0.00909688,0.09096881,0.09999998900722126627796933916,True,12992.31156916310106727789447833823483016,13005.4,118.308563152,0.946468505216,0.1190638847115691631010672779,1210.299112777776,0.01461068
sealed_frozen_v1_persistent_disarm,1,audit_ddbbcb31df28df0a499e1ecb,trade_1812507f1470ae7930399a95,intent_347e78cc3654ab44fbac919a,acef58b864676752891f053b169420647da042324f61a2c3c55e39ce4650709e,2020-02-09T00:15:00Z,2020-02-09T00:17:00Z,development,buy,taker,0.00498902,0.04989021,0.09999997995598735703858532566,True,13085.95511610394103372184643039185443397,13099.1,65.351671882,0.522813375056,0.06558008865511610394103372186,1144.42462752072,0.0195997
sealed_frozen_v1_persistent_disarm,1,audit_c0d0585b2e6ff8bf2e8b6ef8,trade_c2f8f133d18b54885d061a07,intent_1e9dbdae956e62b2a63a4574,cc9e4e32584168237065995d9b361a717f258e4e7a583ccf3bbfdcdf671e8648,2020-02-12T00:15:00Z,2020-02-12T00:18:00Z,development,buy,taker,0.03774331,0.61018069,0.06185595614308935276204823853,False,13599.39009966211811783162131859662750062,13613,513.79967903,4.11039743224,0.5136826875217806220645887695,626.51455105848,0.05734301
sealed_frozen_v1_persistent_disarm,1,audit_bc6a8a40ec779d84f3208296,trade_ef863f1319b88e7a94bcd921,intent_da7f4b5d565bec46edb5b064,e0ba4037d1755c7523619052b9ad217fe99aa079831991e506b852e5f7c21dc9,2020-03-02T00:15:00Z,2020-03-02T00:18:00Z,development,sell,taker,0.00086457,0.00864579,0.09999895903092719115315083989,True,11437.9,11426.4,9.878922648,0.079031381184,0.009942555,636.314442325296,0.05647844
sealed_frozen_v1_persistent_disarm,1,audit_a1b12c82be1184e65c99a776,trade_1fa3a7a21d59cc53c615d79d,intent_a4f4392b7a4bc5aa12470359,3528d28e8be5f95d1b0939d98498467aa8608f27baf3c05d1fe0caa0cf4333af,2020-03-09T00:15:00Z,2020-03-09T00:18:00Z,development,sell,taker,0.05647844,0.71982489,0.07846136023443146012914335318,False,10998.95067787389235734818783496080553702,10987.9,620.579450876,4.964635607008,0.6241250472599570709481857455,1251.929257594288,0
sealed_frozen_v1_persistent_disarm,1,audit_65fa27945be078a5fea064e2,trade_a8fe1a109b11166667060d73,intent_129810106e1e5118229a8122,384b14c3ff73800742a3a946fb1b216f5375b602ef508ff76c5e211cd41196df,2020-05-02T00:15:00Z,2020-05-02T00:17:00Z,development,buy,taker,0.00788314,0.07883144,0.09999994925882363686366759252,True,12580.6,12593.2,99.273958648,0.794191669184,0.099327564,1151.861107277104,0.00788314
sealed_frozen_v1_persistent_disarm,1,audit_b91ef184801c9a1485bde104,trade_647cc0ffd56b43ddeb83c286,intent_f209a32de4d404ef66e6c9b3,63414db763622d4b650081b726cd0d7fef92de53f0530808c4db6476059c27bf,2020-05-03T00:15:00Z,2020-05-03T00:17:00Z,development,buy,taker,0.00454274,0.04542749,0.09999980188207624942518285734,True,12849.6,12862.5,58.43099325,0.467447946,0.058601346,1092.962666081104,0.01242588
sealed_frozen_v1_persistent_disarm,1,audit_f8a857799f19cdab12dab78e,trade_74c6f1b0f09b1adead2ffcec,intent_fa8b497f3f4bbd1f71ef4545,d588e42fb800b26c240372e8d47b57a840b915c517430bdd4eb62051638d74e6,2020-05-04T00:15:00Z,2020-05-04T00:18:00Z,development,buy,taker,0.00077724,0.00777244,0.09999948536109638672025773116,True,12770,12782.8,9.935303472,0.079482427776,0.009948672,1082.947880181328,0.01320312
sealed_frozen_v1_persistent_disarm,1,audit_566f2762d43af6ac643a1964,trade_b0709b942b275579ee0e95b9,intent_18698e6a7f05366139dcdef2,2b6f409776e8999320ed5c765ee4fd41fc19b349f11b3cab245f7f905252b714,2020-05-05T00:15:00Z,2020-05-05T00:18:00Z,development,buy,taker,0.00169552,0.01695527,0.09999958714901030770963836023,True,12680.1,12692.8,21.520896256,0.172167170048,0.021533104,1061.25481675528,0.01489864
sealed_frozen_v1_persistent_disarm,1,audit_8ab2e11a4c45ea465f183843,trade_55e0fb6de2b387aeadc19b1e,intent_bd213f8293776a4b8d87f83e,d751eedc3feed8e0bb69a70eedbbf4519b6201c1d829bb319e14c2e46c4a6092,2020-05-07T00:15:00Z,2020-05-07T00:16:00Z,development,buy,taker,0.02549898,0.5,0.05099796,False,13088.87,13102,334.08763596,2.67270108768,0.3348016074,724.4944797076,0.04039762
sealed_frozen_v1_persistent_disarm,1,audit_1e26740315391a793a6a1cd0,trade_ff865da582b762f586bf305a,intent_1d5dcb98d86d8644f5922f55,b7a54133c10accd3907af4b97be160c47938ea4b4b7b930279ed26da72085325,2020-05-10T00:15:00Z,2020-05-10T00:16:00Z,development,sell,taker,0.04039762,9.41122386,0.004292493792619231140040058509,False,12967.29380484930893993206957888684203502,12954.3,523.322888766,4.186583110128,0.5249187906565398179785726616,1243.630785363472,0
sealed_frozen_v1_persistent_disarm,1,audit_e06895feafe80acfb724d9e9,trade_41318308c716df48ac966563,intent_e71c9c59165563421872ea6c,5fe9a4ef3830a6f4860cf0fcd72295e5bc0cfd0046422a4b8ea687be543dc32f,2020-05-15T00:15:00Z,2020-05-15T00:16:00Z,development,buy,taker,0.00029939,0.00299391,0.09999966598862357251887999305,True,13725.5,13739.3,4.113409027,0.032907272216,0.004131582,1239.484469064256,0.00029939
sealed_frozen_v1_persistent_disarm,1,audit_27433af46c6015f70e2a22e3,trade_57edbf167108cc93e919c831,intent_d5722b8453d4f67f42099298,0ee2b0e571649565a7a8f383d7625e043515f15d93b8b685da94035796fd2776,2020-05-16T00:15:00Z,2020-05-16T00:16:00Z,development,buy,taker,0.01854199,0.18541993,0.09999998382050947813430843168,True,13124.24870054691531811062597208401491684,13137.4,243.593539426,1.948748315408,0.243851262946101640745954332,993.942181322848,0.01884138
sealed_frozen_v1_persistent_disarm,1,audit_d7af182f52138098987f863b,trade_4965d77b9d012c4fd174ac81,intent_7967f961bb8832ad590c9feb,6ef9ae72d7fef32964ea7013d8b77fe4d826574756c83f68a6cea7988934355a,2020-05-17T00:15:00Z,2020-05-17T00:18:00Z,development,buy,taker,0.00149375,0.01493753,0.09999979916358326979092259564,True,13284.7,13298,19.8638875,0.1589111,0.019866875,973.919382722848,0.02033513
sealed_frozen_v1_persistent_disarm,1,audit_138fd8e1555401fcbe6eef41,trade_598a4a52fd0bb7f815e7834f,intent_b0f1dc78f96a02144b63a79d,fb10616673e888f6ffd632d5059b62d1b736f570ddac2a35e32c3e95707be15e,2020-05-18T00:15:00Z,2020-05-18T00:19:00Z,development,buy,taker,0.00854199,0.08541999,0.09999989463824568464594762889,True,13805.06910218556569720975148791284101063,13818.9,118.040905611,0.944327244888,0.1181433908219196700912748878,854.93414986696,0.02887712
sealed_frozen_v1_persistent_disarm,1,audit_ee422a37fec8c42b0019f0de,trade_c10d19df61f58cbdb69f2c3d,intent_81ec9e00574a9a6105e98631,e1be405bec6fd182c6efdeebdfe363c71a5aad06cc05cae2212f289a1e14365e,2020-05-21T00:15:00Z,2020-05-21T00:16:00Z,development,sell,taker,0.00366001,0.03660016,0.09999983606629042058832529694,True,13372.35490369441007908162150110819187676,13358.9,48.893707589,0.391149660712,0.04924508207057783353952551028,903.436707795248,0.02521711
sealed_frozen_v1_persistent_disarm,1,audit_72a033cba26a1829dea47a65,trade_29b9cba535699cab0b419673,intent_658cb26a4210bafdf926f3af,f9f9a11924d6a0edcf22ec23127edc49c53b094b51abc171f2a47e0b59d176f5,2020-05-22T00:15:00Z,2020-05-22T00:16:00Z,development,sell,taker,0.0066799,0.06679904,0.09999994011889991233406947166,True,12658.66147625774262624133520481731473985,12646,84.4740154,0.6757921232,0.08457739525409496902949503468,987.234931072048,0.01853721
sealed_frozen_v1_persistent_disarm,1,audit_298c49998fd360c2d6f3f378,trade_80410ff209fd195602677bf3,intent_a06883237f007a33f1512441,ef86388f0122e7b482e37bacb648b88a4a3e0470d7b40c74bd5ef9ca4abc58da,2020-05-23T00:15:00Z,2020-05-23T00:18:00Z,development,sell,taker,0.01853721,0.22637537,0.08188704451372072854038847071,False,12957.58276089399655094986702837857316368,12944.6,239.956768566,1.919654148528,0.2406641650718018042333845772,1225.27204548952,0
no_drawdown_gate,1,audit_0b1c01f7853a701eff94b42e,trade_21a0eb64d62d77b8cd56ec1c,intent_748cf4c1d8e7f71672a72007,8e8500f943a2d58214b6a51b91dae74463f589b938b426aab08b8300e4f6cb41,2019-04-03T00:15:00Z,2019-04-03T00:17:00Z,development,buy,taker,0.06650408,1.89088813,0.0351708167949629045479279623,False,6397.359772151089657535689327110007295884,6403.8,425.878827504,3.407030620032,0.4283014280821613280739141347,570.714141875968,0.06650408
no_drawdown_gate,1,audit_7a1b17ef72c024c688492994,trade_49c48975f8b713aab199840f,intent_6fd3bf716de84dd5bed880af,7134814980e987777d7bb26171b9056ae5588e94a4d2a94f0eacf1190f48abc0,2019-04-17T00:15:00Z,2019-04-17T00:17:00Z,development,sell,taker,0.0014088,0.014088,0.1,True,7079,7071.9,9.96289272,0.07970314176,0.01000248,580.597331454208,0.06509528
no_drawdown_gate,1,audit_cc5a9cfcc17a78db413a0fc1,trade_a83a096c59ee482a0fcfe61b,intent_cdd85c13e39fb728d958bbc5,592cde31cb144b399e8e48645943aae12fc8763ddea899e6614a6d66a3373f4e,2019-04-24T00:15:00Z,2019-04-24T00:17:00Z,development,sell,taker,0.0002314,0.002314,0.1,True,7506.8,7499.2,1.73531488,0.01388251904,0.00175864,582.318763815168,0.06486388
no_drawdown_gate,1,audit_6acbc55e7f1d291df14d2eb7,trade_e2c97d46bdcd6f8681763808,intent_8f015f6a426dd9c8906284c3,02230f81cecadcc4b9c529391a9f745a7c737da0329f19f36c7dec0438e76cb7,2019-04-25T00:15:00Z,2019-04-25T00:20:00Z,development,sell,taker,0.0078295,0.11702439,0.06690485632952241836082204744,False,7392.2,7384.8,57.8192916,0.4625543328,0.0579383,639.675501082368,0.05703438
no_drawdown_gate,1,audit_6b72d7d9effbe6f1420dc920,trade_59607d9be25c82eeeb80aeed,intent_08ae9a09f2c73c10f651e22c,dac6d718f402fe2d7a57ce5483986a252fa605356396de2cdfd6826a67df9d1c,2019-05-03T00:15:00Z,2019-05-03T00:19:00Z,development,buy,taker,0.01555359,0.1555359,0.1,True,7279.954142998497452999596877634038186682,7287.3,113.343676407,0.906749411256,0.114254448,525.425075264112,0.07258797
no_drawdown_gate,1,audit_802279c277ce716d55c93230,trade_a30dcde365e2695942c05d31,intent_aa3157461ee83c91a2c64490,232cce16c01aee82356f8e068619b15bc2780a3d34ee328d7def5c9b2623fe17,2019-05-04T00:15:00Z,2019-05-04T00:16:00Z,development,buy,taker,0.0002301,0.002301,0.1,True,7624,7631.7,1.75605417,0.01404843336,0.00177177,523.654972660752,0.07281807
no_drawdown_gate,1,audit_565e2800e2a73bfd8310a5a4,trade_cf256e217c5982b5a174a1ab,intent_9f04d1ae3a8df9e272c6ce6b,bfed0aef7a97bf8e792a901aa7893b68a6935a2e76bc55b47bf0de33fa594549,2019-05-05T00:15:00Z,2019-05-05T00:16:00Z,development,buy,taker,0.0025,0.025,0.1,True,7672.3,7680,19.2,0.1536,0.01925,504.301372660752,0.07531807
no_drawdown_gate,1,audit_dff9f7d46e7805a095c2d02d,trade_686f1c883f677371e878f2e6,intent_de2944144acafc3c869cf070,b52a73c31416f23f5d1cbd3c19127515de3dae2b70c6bf5913fe1b432c739c5f,2019-05-06T00:15:00Z,2019-05-06T00:18:00Z,development,buy,taker,0.00212633,0.02126331,0.09999995297063345264683626397,True,7691.7,7699.4,16.371465202,0.130971721616,0.016372741,487.798935737136,0.0774444
no_drawdown_gate,1,audit_d61095dafd0402c5cfd656e8,trade_8cd4a4668fe02065a0bfb292,intent_d8abf1de4bdd9a4c167a2a3c,46127167b0c08ce44b4bfbc6b1336ae1ad25253874631f9180b96c22a6a5b9e6,2019-05-07T00:15:00Z,2019-05-07T00:17:00Z,development,buy,taker,0.002402,0.02402,0.1,True,7678.4,7686.1,18.4620122,0.1476960976,0.0184954,469.189227439536,0.0798464
no_drawdown_gate,1,audit_8593fa6fe12f806656d4dd26,trade_c2d7a61e0c434982fcb73f0a,intent_81d2de82bb790fbd5bfeb21c,1394e9366ecbe52a5e4fbad7f6ddfcff65d9b823627f38a689c2a0a1a995c36d,2019-05-08T00:15:00Z,2019-05-08T00:19:00Z,development,buy,taker,0.003143,0.03143,0.1,True,7765,7772.8,24.4299104,0.1954392832,0.0245154,444.563877756336,0.0829894
no_drawdown_gate,1,audit_ad4c8e0d35009b717db692e4,trade_ae8d143bc3b3b863061c65af,intent_f46ddcc93f8c45d38697baef,bf4c7c302a52dd04126bf3500f7f26529f43cb664056c66c9c791523a1d03cd4,2019-05-09T00:15:00Z,2019-05-09T00:16:00Z,development,buy,taker,0.0004423,0.004423,0.1,True,8038.2,8046.3,3.55887849,0.02847102792,0.00358263,440.976528238416,0.0834317
no_drawdown_gate,1,audit_448e62eb714b3a43faa0eb8e,trade_ae5a187f095785d6a45f4cfe,intent_86d7a3823fdab045bc0ba311,f8f47c6a774b01f431dae3cc33aa29cda8d0c5256f3bdbc3f50eb0375d35d474,2019-05-12T00:15:00Z,2019-05-12T00:19:00Z,development,sell,taker,0.02281207,0.42644398,0.0534937085991927943267014814,False,9787.350450260782201685670413262722104789,9777.5,223.045014425,1.7843601154,0.2247091608804818396076314643,662.237182548016,0.06061963
no_drawdown_gate,1,audit_25b680db12883a1a3860ffbf,trade_c33cf081f52ad729fafe093e,intent_e4843a022532081aa80b46bd,c8945f3eb7b5aba5614c6eb68b70a3d2c8ad83874697269221f9d5237e8a6732,2019-05-14T00:15:00Z,2019-05-14T00:16:00Z,development,sell,taker,0.01016381,0.23649523,0.04297680760833950012437882997,False,10343,10332.6,105.018583206,0.840148665648,0.105703624,766.415617088368,0.05045582
no_drawdown_gate,1,audit_084f64499f6796a073644351,trade_5958a2426d3c82456cc70491,intent_b2f960b6d30c7f1333aed11d,2fb246ac2f694c63b05358b995327a885f31bee7ee186666c354797e7ae74c4c,2019-05-20T00:15:00Z,2019-05-20T00:16:00Z,development,sell,taker,0.01302673,0.33729915,0.03862070212747349052021032368,False,10992.46588793063961175117103022643253029,10981.4,143.051732822,1.144413862576,0.1441523342827009495873321946,908.322936047792,0.03742909
no_drawdown_gate,1,audit_3da4bebd1fb368388ced0fac,trade_8fc15d364adf694c9b96b625,intent_f1d6f1b3c452ce5e971dfee1,8c01bd35589d81b705a8b954d522aaef4db7c91a24d1562d78790b1f1cc7c72b,2019-06-20T00:15:00Z,2019-06-20T00:17:00Z,development,buy,taker,0.0033835,0.033835,0.1,True,12400,12412.4,41.9973554,0.3359788432,0.0419554,865.989601804592,0.04081259
no_drawdown_gate,1,audit_2ba7e86b5b2240cfdaa7b820,trade_cbb040c30617448afa5737c0,intent_b8613ff811bccc6183422cfc,70f7482d8cfbfcfa9048f8ae8764c73d2063c4dc6c9874c725bcb0e5ee333374,2019-06-27T00:15:00Z,2019-06-27T00:16:00Z,development,sell,taker,0.00163199,0.01631994,0.09999975490105968526845074185,True,16959.75226636862635524395310276876017927,16942.7,27.650316973,0.221202535784,0.02782912819093452549457902419,893.418716241808,0.0391806
no_drawdown_gate,1,audit_b3cd82620c20a998a889ec17,trade_3b1d890f4e95aeb299c3bf7c,intent_2af2e1786c10d8800c86c101,155cccc1ec9fd6c3f94ee708850c27987898747e0fcc0e6ad1c7e713973afaf1,2019-06-30T00:15:00Z,2019-06-30T00:19:00Z,development,sell,taker,0.00358049,0.03580491,0.099999972070869609782568927,True,15219.4,15204.1,54.438128009,0.435505024072,0.054781497,947.421339226736,0.03560011
no_drawdown_gate,1,audit_185606a69369a2660534853b,trade_90a9802a879376b1c3baf562,intent_402f441dde989efdca72419c,c2e95d9e19e29c64cd4e43e1b465985543563090c272a83fbfa36d25b8b6c4fc,2019-07-02T00:15:00Z,2019-07-02T00:20:00Z,development,sell,taker,0.00229797,0.02297971,0.09999995648334987691315512685,True,13056.55884434572934123189544167441625678,13043.5,29.973571695,0.23978857356,0.03000883254115565427065876809,977.155122348176,0.03330214
no_drawdown_gate,1,audit_32e529d994a4cb5658444ca3,trade_2ab6c7467332b8d6b928482c,intent_fd609f6b50865e828fa65081,914ec205afdddab31baeeb7627c2a80235b4436148bfc894ed75628180175da4,2019-07-03T00:15:00Z,2019-07-03T00:16:00Z,development,sell,taker,0.00884472,0.18372385,0.04814138175310391111442526379,False,14142.64531632120707246228510887399757843,14128.5,124.96262652,0.99970101216,0.1251113621725066179486223481,1101.118047856016,0.02445742
no_drawdown_gate,1,audit_ff0c899e6f1eaa9ad482ee34,trade_b884cea4380c3c504175894a,intent_1aa98b855a5b661f7ae35925,33d227e57305e36140e2b6f5abcddc5041837ec18e07c39cd79d62644032c7e3,2019-07-31T00:15:00Z,2019-07-31T00:19:00Z,development,buy,taker,0.00598375,0.07,0.08548214285714285714285714286,False,12747.6,12760.4,76.3550435,0.610840348,0.076592,1024.152164008016,0.03044117
no_drawdown_gate,1,audit_73aaca255a056fcd970dd5ba,trade_d1c1c145de47bb9a9066f27e,intent_f28cbc2490d7eb0267b5946e,83655c1d2cb63f2de4ec25988880dd24c8802c00c0df08d5779793858f82525c,2019-08-16T00:15:00Z,2019-08-16T00:16:00Z,development,buy,taker,0.00109,0.0109,0.1,True,13793,13806.8,15.049412,0.120395296,0.015042,1008.982356712016,0.03153117
no_drawdown_gate,1,audit_0241cffaf6083a13fee22bda,trade_08206aec2c9242c7c1275ba1,intent_881d19725abddfc4654614b5,1d1a2d3ead85a2dc712c7c95cece6d977cfbf6c112f63982cd2d675f2b3d188b,2019-08-17T00:15:00Z,2019-08-17T00:17:00Z,development,buy,taker,0.0023111,0.02311108,0.09999965384568786919520853201,True,13699.6,13713.3,31.69280763,0.25354246104,0.03166207,977.036006620976,0.03384227
no_drawdown_gate,1,audit_07c88b3f9ae437de77f01fbf,trade_341758bdcd2d1bb23f9205e8,intent_e74b1e023623df245eecd72e,b5f737cdafe1be9ede337b5f1e0a54994c527f88ecbbe15b869fce39b20e7769,2019-08-18T00:15:00Z,2019-08-18T00:16:00Z,development,buy,taker,0.0029,0.029,0.1,True,13600,13613.6,39.47944,0.31583552,0.03944,937.240731100976,0.03674227
no_drawdown_gate,1,audit_4499f190c6afa28ac191927c,trade_9edbfc36cc34c57c4982873d,intent_8c1afc836be2867a66b7ed9b,553a5a89f069f63ee4ddad37503fe32d4769886238f1bf0d5ebd86cc9d820f62,2019-08-19T00:15:00Z,2019-08-19T00:20:00Z,development,buy,taker,0.00092357,0.00923578,0.09999913380353364848448100756,True,13608.6,13622.3,12.581147611,0.100649180888,0.012652909,924.558934309088,0.03766584
no_drawdown_gate,1,audit_8899b357648361c502cf6611,trade_5c09dae9e2164f93af4119d8,intent_5d1a53639871ab3b806dc323,44bceccddd92a7093afd77e1b8936c9c5223e3e01d4cebd5e49a6b791d90cd44,2019-09-11T00:15:00Z,2019-09-11T00:16:00Z,development,buy,taker,0.00666555,0.06665551,0.09999998499748932983934861499,True,13305.20823690344579165323316857076031674,13318.6,88.77579423,0.71020635384,0.08926346650823690344579165324,835.072933725248,0.04433139
no_drawdown_gate,1,audit_a98ba935579641f260809ca5,trade_3faa70a8bda74755d71581df,intent_a64da4acd000679502119dd2,f3183a5176473f1155683b667911cd884cd83e6491da6146ec533013be06e577,2019-09-14T00:15:00Z,2019-09-14T00:18:00Z,development,buy,taker,0.00250694,0.02506949,0.09999964099788228639673164472,True,13717.47772116624630177957349750633140124,13731.2,34.423294528,0.275386356224,0.03440092969949049621671601615,800.374252841024,0.04683833
no_drawdown_gate,1,audit_258505bc2ec0d19a119bc751,trade_aa698793a9e94290cef4fc08,intent_ad338325e85f466edbb69343,0840f8b7c5a8cf159ca4dfa18cc49e713e3a430870a890197da43914597bc50a,2019-09-15T00:15:00Z,2019-09-15T00:18:00Z,development,buy,taker,0.0057608,0.141693,0.04065691318554903911978714545,False,13762.25376661514683153013910355486862442,13776.1,79.36135688,0.63489085504,0.07976538128346213292117465227,720.378005105984,0.05259913
no_drawdown_gate,1,audit_267ed5e01faa0026c8650a55,trade_0e6d2cd3adca11bb1fb89249,intent_9535b493743cc1d859bf1917,3e8be9cef0fd8e9a7936923c06c26ce72605cf6ff946487123b39a40fb225dd6,2019-09-23T00:15:00Z,2019-09-23T00:18:00Z,development,sell,taker,0.03064702,0.30647025,0.09999998368520272359225732351,True,13300.38082087902496245557276766668216572,13287,407.20695474,3.25765563792,0.4100822850958956048751877222,1124.327304208064,0.02195211
no_drawdown_gate,1,audit_6bac9afca3d34d39a732c8c9,trade_8a6a9e2a77a0b02e467022cb,intent_136c631f06cec69ebc284ac8,6917ce6ec0d95b60d2716e98f012f4db3e5f4ae517a3f8f2d61988ee8b27cdac,2019-09-24T00:15:00Z,2019-09-24T00:16:00Z,development,sell,taker,0.02195211,0.6519291,0.03367254199881551536815889949,False,12854.02885312835398818675220971114803742,12841.1,281.889239721,2.255113917768,0.2838156060474708676142850503,1403.961430011296,0
no_drawdown_gate,1,audit_60e139150184b933afc3e940,trade_3946769b0b3c3fef0bf9b65e,intent_121c73a48844ea39787c13d5,154ae4873fa7468c7277dce759e6bc5e9c07be78fbf9bbfda86749e50f541940,2019-10-28T00:15:00Z,2019-10-28T00:20:00Z,development,buy,taker,0.0006054,0.00605401,0.09999983482022659361315888147,True,12506.2,12518.8,7.57888152,0.06063105216,0.00762804,1396.321917439136,0.0006054
no_drawdown_gate,1,audit_406a71f6dedfbdd0863a1b38,trade_dd67ff64cef1fd14b766304f,intent_7a9bfc30ed76e2a049bd9669,07d1f26c14ef497f712239b43c258d053738180e296531359ef92d27b2e26c94,2019-10-30T00:15:00Z,2019-10-30T00:16:00Z,development,sell,taker,0.0006054,0.03988011,0.01518049975288433256578279247,False,12344,12331.6,7.46555064,0.05972440512,0.00750696,1403.727743674016,0
no_drawdown_gate,1,audit_f3059e56ce3aeac80d5399ee,trade_fd941df8cf4143819e3f0218,intent_2a12c9f1993fede7b960bae1,20d1f6cb69f53a12596d2fb62a0c29d72c09f117155ad0e8ef3cd79c6af4ae82,2020-01-30T00:15:00Z,2020-01-30T00:20:00Z,development,buy,taker,0.000657,0.00657007,0.09999893456234104050641773984,True,12107,12119.2,7.9623144,0.0636985152,0.0080154,1395.701730758816,0.000657
no_drawdown_gate,1,audit_f02d8ecac4af5cfc84da321e,trade_45b4dbf37e145dc36dac12bf,intent_ae7c91cd8a218ab69204d44e,bd28825ffb958d83d9d7fd658bf6e72b3f059d1866caffad64c23f35d15e9228,2020-01-31T00:15:00Z,2020-01-31T00:16:00Z,development,buy,taker,0.00268509,0.02685097,0.09999973930178313856072983583,True,12402.1,12414.6,33.334318314,0.266674546512,0.033563625,1362.100737898304,0.00334209
no_drawdown_gate,1,audit_e6eda64956a54318e555c76e,trade_05a27febe12eac8a731df068,intent_6176003128a4aaacb2648739,63941ff5620bb462676c56f38aa51385e404640dec469143c78cdcaef59b56e4,2020-02-01T00:15:00Z,2020-02-01T00:17:00Z,development,buy,taker,0.00218104,0.02181047,0.09999967905322535461179882873,True,12325.1,12337.5,26.908581,0.215268648,0.027044896,1334.976888250304,0.00552313
no_drawdown_gate,1,audit_7bcbb07f0549e5b50ee83d2f,trade_5282c7ca5f001edbd5b0d90c,intent_9b77eec7ee430ecf571f2f6e,bd7fce934d3d0e983fb7079fae01baa01e827c5e6cd77f66019866a801c0ac0b,2020-02-02T00:15:00Z,2020-02-02T00:19:00Z,development,buy,taker,0.00158567,0.01585675,0.09999968467687262522269695871,True,12309.3,12321.7,19.538150039,0.156305200312,0.019662308,1315.282433010992,0.0071088
no_drawdown_gate,1,audit_3e620dceaaa975c72ebed4b2,trade_4abb3f57b787c0089d1dbcfa,intent_9bae138cb261ae6d7cdf471e,6b3b3161473568ccc2704102f80118cac5609ecc58504490b38e203a24c8289a,2020-02-03T00:15:00Z,2020-02-03T00:20:00Z,development,sell,taker,0.00118,0.0118,0.1,True,12243.8,12231.5,14.43317,0.11546536,0.014514,1329.600137650992,0.0059288
no_drawdown_gate,1,audit_ed93a1db08958d7409bafa55,trade_5229e7df2ac08461eda7c778,intent_2e233d523f98e92d680aac9f,072d6109b37562911b6fbe7f0081108e690dfaf8c79e26670071270dc10d08da,2020-02-05T00:15:00Z,2020-02-05T00:18:00Z,development,sell,taker,0.005415,0.05415,0.1,True,12121,12108.8,65.569152,0.524553216,0.066063,1394.644736434992,0.0005138
no_drawdown_gate,1,audit_b38ab702b559119a986ce06e,trade_85de3ec28f72c2cac8cec2be,intent_29d2b7b58f1f634fa1b4ec0f,9985646900bedadd23b59e463da9fcdeccbef176c97370002ae64f03ff366267,2020-02-07T00:15:00Z,2020-02-07T00:17:00Z,development,buy,taker,0.005,0.05,0.1,True,12901.8,12914.8,64.574,0.516592,0.065,1329.554144434992,0.0055138
no_drawdown_gate,1,audit_e409fad3a46d3f4047194dbb,trade_184f3366f53e6f2f39992d7d,intent_54e74503e343d7d7007b0da3,479f31bcc5e98d83f3574e2eabfa7faa283fb3fcd6398fc1f393dc0541f90e4d,2020-02-08T00:15:00Z,2020-02-08T00:18:00Z,development,buy,taker,0.00909688,0.09096881,0.09999998900722126627796933916,True,12992.31156916310106727789447833823483016,13005.4,118.308563152,0.946468505216,0.1190638847115691631010672779,1210.299112777776,0.01461068
no_drawdown_gate,1,audit_6102fb491ce7dbff8f21f474,trade_1812507f1470ae7930399a95,intent_347e78cc3654ab44fbac919a,acef58b864676752891f053b169420647da042324f61a2c3c55e39ce4650709e,2020-02-09T00:15:00Z,2020-02-09T00:17:00Z,development,buy,taker,0.00498902,0.04989021,0.09999997995598735703858532566,True,13085.95511610394103372184643039185443397,13099.1,65.351671882,0.522813375056,0.06558008865511610394103372186,1144.42462752072,0.0195997
no_drawdown_gate,1,audit_987789e04280b7f77c47225a,trade_c2f8f133d18b54885d061a07,intent_1e9dbdae956e62b2a63a4574,cc9e4e32584168237065995d9b361a717f258e4e7a583ccf3bbfdcdf671e8648,2020-02-12T00:15:00Z,2020-02-12T00:18:00Z,development,buy,taker,0.03774331,0.61018069,0.06185595614308935276204823853,False,13599.39009966211811783162131859662750062,13613,513.79967903,4.11039743224,0.5136826875217806220645887695,626.51455105848,0.05734301
no_drawdown_gate,1,audit_947916d3a824d88370d0aa98,trade_ef863f1319b88e7a94bcd921,intent_da7f4b5d565bec46edb5b064,e0ba4037d1755c7523619052b9ad217fe99aa079831991e506b852e5f7c21dc9,2020-03-02T00:15:00Z,2020-03-02T00:18:00Z,development,sell,taker,0.00086457,0.00864579,0.09999895903092719115315083989,True,11437.9,11426.4,9.878922648,0.079031381184,0.009942555,636.314442325296,0.05647844
no_drawdown_gate,1,audit_2687e8039a7d4b77d2ad36c2,trade_1fa3a7a21d59cc53c615d79d,intent_a4f4392b7a4bc5aa12470359,3528d28e8be5f95d1b0939d98498467aa8608f27baf3c05d1fe0caa0cf4333af,2020-03-09T00:15:00Z,2020-03-09T00:18:00Z,development,sell,taker,0.05647844,0.71982489,0.07846136023443146012914335318,False,10998.95067787389235734818783496080553702,10987.9,620.579450876,4.964635607008,0.6241250472599570709481857455,1251.929257594288,0
no_drawdown_gate,1,audit_e2bbde21a263ed371cddb1e8,trade_a8fe1a109b11166667060d73,intent_129810106e1e5118229a8122,384b14c3ff73800742a3a946fb1b216f5375b602ef508ff76c5e211cd41196df,2020-05-02T00:15:00Z,2020-05-02T00:17:00Z,development,buy,taker,0.00788314,0.07883144,0.09999994925882363686366759252,True,12580.6,12593.2,99.273958648,0.794191669184,0.099327564,1151.861107277104,0.00788314
no_drawdown_gate,1,audit_4d2e3ccb9b98e1782e131d00,trade_647cc0ffd56b43ddeb83c286,intent_f209a32de4d404ef66e6c9b3,63414db763622d4b650081b726cd0d7fef92de53f0530808c4db6476059c27bf,2020-05-03T00:15:00Z,2020-05-03T00:17:00Z,development,buy,taker,0.00454274,0.04542749,0.09999980188207624942518285734,True,12849.6,12862.5,58.43099325,0.467447946,0.058601346,1092.962666081104,0.01242588
no_drawdown_gate,1,audit_f9f1859e9b92a2fc262d3c70,trade_74c6f1b0f09b1adead2ffcec,intent_fa8b497f3f4bbd1f71ef4545,d588e42fb800b26c240372e8d47b57a840b915c517430bdd4eb62051638d74e6,2020-05-04T00:15:00Z,2020-05-04T00:18:00Z,development,buy,taker,0.00077724,0.00777244,0.09999948536109638672025773116,True,12770,12782.8,9.935303472,0.079482427776,0.009948672,1082.947880181328,0.01320312
no_drawdown_gate,1,audit_f13094ef2235b5b1db33943c,trade_b0709b942b275579ee0e95b9,intent_18698e6a7f05366139dcdef2,2b6f409776e8999320ed5c765ee4fd41fc19b349f11b3cab245f7f905252b714,2020-05-05T00:15:00Z,2020-05-05T00:18:00Z,development,buy,taker,0.00169552,0.01695527,0.09999958714901030770963836023,True,12680.1,12692.8,21.520896256,0.172167170048,0.021533104,1061.25481675528,0.01489864
no_drawdown_gate,1,audit_03237732d73033ea04f1570e,trade_55e0fb6de2b387aeadc19b1e,intent_bd213f8293776a4b8d87f83e,d751eedc3feed8e0bb69a70eedbbf4519b6201c1d829bb319e14c2e46c4a6092,2020-05-07T00:15:00Z,2020-05-07T00:16:00Z,development,buy,taker,0.02549898,0.5,0.05099796,False,13088.87,13102,334.08763596,2.67270108768,0.3348016074,724.4944797076,0.04039762
no_drawdown_gate,1,audit_fb9a54c66097ea50751778cb,trade_ff865da582b762f586bf305a,intent_1d5dcb98d86d8644f5922f55,b7a54133c10accd3907af4b97be160c47938ea4b4b7b930279ed26da72085325,2020-05-10T00:15:00Z,2020-05-10T00:16:00Z,development,sell,taker,0.04039762,9.41122386,0.004292493792619231140040058509,False,12967.29380484930893993206957888684203502,12954.3,523.322888766,4.186583110128,0.5249187906565398179785726616,1243.630785363472,0
no_drawdown_gate,1,audit_6f08996794552c0524fc4e8e,trade_41318308c716df48ac966563,intent_e71c9c59165563421872ea6c,5fe9a4ef3830a6f4860cf0fcd72295e5bc0cfd0046422a4b8ea687be543dc32f,2020-05-15T00:15:00Z,2020-05-15T00:16:00Z,development,buy,taker,0.00029939,0.00299391,0.09999966598862357251887999305,True,13725.5,13739.3,4.113409027,0.032907272216,0.004131582,1239.484469064256,0.00029939
no_drawdown_gate,1,audit_8a728e6a21cc132dc6988513,trade_57edbf167108cc93e919c831,intent_d5722b8453d4f67f42099298,0ee2b0e571649565a7a8f383d7625e043515f15d93b8b685da94035796fd2776,2020-05-16T00:15:00Z,2020-05-16T00:16:00Z,development,buy,taker,0.01854199,0.18541993,0.09999998382050947813430843168,True,13124.24870054691531811062597208401491684,13137.4,243.593539426,1.948748315408,0.243851262946101640745954332,993.942181322848,0.01884138
no_drawdown_gate,1,audit_025af76baafbc94f825d9d6a,trade_4965d77b9d012c4fd174ac81,intent_7967f961bb8832ad590c9feb,6ef9ae72d7fef32964ea7013d8b77fe4d826574756c83f68a6cea7988934355a,2020-05-17T00:15:00Z,2020-05-17T00:18:00Z,development,buy,taker,0.00149375,0.01493753,0.09999979916358326979092259564,True,13284.7,13298,19.8638875,0.1589111,0.019866875,973.919382722848,0.02033513
no_drawdown_gate,1,audit_286841777d72df86361946ee,trade_598a4a52fd0bb7f815e7834f,intent_b0f1dc78f96a02144b63a79d,fb10616673e888f6ffd632d5059b62d1b736f570ddac2a35e32c3e95707be15e,2020-05-18T00:15:00Z,2020-05-18T00:19:00Z,development,buy,taker,0.00854199,0.08541999,0.09999989463824568464594762889,True,13805.06910218556569720975148791284101063,13818.9,118.040905611,0.944327244888,0.1181433908219196700912748878,854.93414986696,0.02887712
no_drawdown_gate,1,audit_becb9e3c282bb66b195c132c,trade_147da02bce3d7754d5848f7d,intent_072defb01899c3dc55c90a06,f9f9a11924d6a0edcf22ec23127edc49c53b094b51abc171f2a47e0b59d176f5,2020-05-22T00:15:00Z,2020-05-22T00:16:00Z,development,sell,taker,0.0066799,0.06679904,0.09999994011889991233406947166,True,12658.66147625774262624133520481731473985,12646,84.4740154,0.6757921232,0.08457739525409496902949503468,938.73237314376,0.02219722
no_drawdown_gate,1,audit_3abf3cdb1028b97448a8a4e5,trade_f88893502cdcab219c6ddc48,intent_a400d217d8bfe57560462c62,ef86388f0122e7b482e37bacb648b88a4a3e0470d7b40c74bd5ef9ca4abc58da,2020-05-23T00:15:00Z,2020-05-23T00:18:00Z,development,buy,taker,0.01019416,0.22637537,0.04503210751240296150592708032,False,12957.58276089399655094986702837857316368,12970.6,132.224371696,1.057794973568,0.132699818204856120168903534,805.450206474192,0.03239138
no_drawdown_gate,1,audit_d65da7c16cd53240480213ee,trade_e889e22d2c5d86a65f80a54c,intent_26372c2b9334aa7bbf159fa7,990b366ec6699197e88ff5a7c5cdfa4e4f9e66209e69999db527f37c8b6d8010,2020-05-24T00:15:00Z,2020-05-24T00:19:00Z,development,sell,taker,0.00056661,0.00566611,0.09999982351207442142845797205,True,12938.4,12925.4,7.323660894,0.058589287152,0.00736593,812.71527808104,0.03182477
no_drawdown_gate,1,audit_be187a61599d7dd558e200b0,trade_6ef9b3fe8192e55a70d0f12b,intent_3582f99dbdbf87594851be9d,4af9d4c32ed3db0474ebf9cc7bb33265242762b7f545c0b3d7eee8d9b9a7161f,2020-05-25T00:15:00Z,2020-05-25T00:16:00Z,development,sell,taker,0.00427988,0.0427988,0.1,True,12443.13379160163369066422423058590427769,12430.6,53.201476328,0.425611810624,0.05364312400000000000000000002,865.491142598416,0.02754489
no_drawdown_gate,1,audit_dff5dad67f273da94ae0938c,trade_5421488711aecf44a3911e2b,intent_b63296d3cd3f6f99202cdadb,db21ad83d153f3fc1d15220504947e0c23139ea0750ffb1f9c8085ec9a8fab71,2020-05-27T00:15:00Z,2020-05-27T00:17:00Z,development,buy,taker,0.000396,0.00396003,0.09999924242998159104855266248,True,12334.3,12346.7,4.8892932,0.0391143456,0.0049104,860.562735052816,0.02794089
no_drawdown_gate,1,audit_d7002bdc3ca950746357baad,trade_c32ed9833947da884c2127e7,intent_cbd311df329f8939f4c6976a,b33140429a39231d13fa6f4bb3fcbe1d8cc93429fc27c857741ce1f82ee57df1,2020-05-30T00:15:00Z,2020-05-30T00:20:00Z,development,buy,taker,0.00100669,0.01006696,0.0999994039908770870252787336,True,12975.8,12988.8,13.075695072,0.104605560576,0.01308697,847.38243442024,0.02894758
no_drawdown_gate,1,audit_d357d76be53c8b8d6ef81d9e,trade_fb85316486490840694aa2ca,intent_f95a9266806a2ebe34adf16b,5ccee52c83b046852e9d09b45165be8c58dc00caf8f60077f393effbd29c45ac,2020-05-31T00:15:00Z,2020-05-31T00:19:00Z,development,buy,taker,0.00228318,0.02283186,0.09999973720932065981483768734,True,13322.7,13336.1,30.448716798,0.243589734384,0.030594612,816.690127887856,0.03123076
no_drawdown_gate,1,audit_467296af33f2a065277f21e8,trade_dbf4200c732bba7ff0ecac85,intent_677b264498fae7a9f592d013,6c535626af35a0126ee400505e7cf7b5fd2c7e7a906263110752c8635dcbbfe5,2020-06-01T00:15:00Z,2020-06-01T00:17:00Z,development,buy,taker,0.00188225,0.01882258,0.09999957497856298127036782418,True,13074.9,13088,24.634888,0.197079104,0.024657475,791.858160783856,0.03311301
no_drawdown_gate,1,audit_e1e09a357cf841e56e65e9d5,trade_836b559826aa3d7bd32e449d,intent_1b026596c8020130c485b642,0abbf871359f7736fae68d0143c14d1f69ced4aca3bfa0cdadd4b7963459c7a0,2020-06-11T00:15:00Z,2020-06-11T00:16:00Z,development,buy,taker,0.00647504,0.07265134,0.0891248530309282664297726649,False,13326.42458038626679150033571300956045683,13339.8,86.375738592,0.691005908736,0.08660637701570707436366624483,704.79141628312,0.03958805
no_drawdown_gate,1,audit_2b30563bbbd0e9f26b0cf672,trade_4389b26fda151fa7d06d4ab5,intent_4e8bd88cdf3a89c945753643,44364cfb54b415e4d02a4733f32805f429738b9b025e46e2b2ca394066f5de6d,2020-06-15T00:15:00Z,2020-06-15T00:19:00Z,development,buy,taker,0.00074584,0.00745846,0.09999919554438851988212043773,True,12735.34799382178090383269468496177495086,12748.1,9.508042904,0.076064343232,0.009510956287962930685422996169,695.207309035888,0.04033389
no_drawdown_gate,1,audit_a24a8c62406976d9d8aa5fba,trade_02ba24c2fda74ff9f03594df,intent_1825c220ac25874dafcdd886,84bbfde26d12d50de84bd75126f58bae03b65a673ae45381daec3040f38f540e,2020-06-17T00:15:00Z,2020-06-17T00:16:00Z,development,buy,taker,0.0008391,0.00839102,0.09999976164995435596625916754,True,12933.5,12946.5,10.86340815,0.0869072652,0.0109083,684.256993620688,0.04117299
no_drawdown_gate,1,audit_7c30ae835e7ae176faf54cf1,trade_4b29246339d0f55bf1be19ed,intent_ca5582541d529ecf15c8fa8a,2a5ab86917d1436d9ebb07aca45e9ad0a95a65aa2647cd8e7afb534e6074ccb7,2020-06-23T00:15:00Z,2020-06-23T00:16:00Z,development,buy,taker,0.00036898,0.00368984,0.09999891594215467337337120309,True,13121.9,13135.1,4.846589198,0.038772713584,0.004870536,679.371631709104,0.04154197
no_drawdown_gate,1,audit_0d26acc8015156b26dfff8cb,trade_ba5b9c4a1a63b97d0550494c,intent_f025e7328bea3eb8326a3eb0,5cb4ea2b21242c82e541a5ef545b493901963f8eaf8a961817e1d1fb6dc2215d,2020-06-24T00:15:00Z,2020-06-24T00:16:00Z,development,buy,taker,0.00113353,0.01133538,0.09999929424509809110942906193,True,13028.1117806372613886786327410285319063,13041.2,14.782591436,0.118260731488,0.01483588929424509809110942906,664.470779541616,0.0426755
no_drawdown_gate,1,audit_5c1e5a117d19c8ae3824495c,trade_4c61442c75b9eb1d8b909154,intent_6122e11922b315ac2086de0a,9348ac80c948389d0b8151ba263c2da5de5b99cee4f4f051d558a477bf86d635,2020-06-25T00:15:00Z,2020-06-25T00:19:00Z,development,buy,taker,0.0007626,0.00762605,0.09999934435258095606506644987,True,12695.7,12708.4,9.69142584,0.07753140672,0.00968502,654.701822294896,0.0434381
no_drawdown_gate,1,audit_28c4bd45e35c8cd6b4c8faee,trade_741be2e0987aca25c2f99c6f,intent_805bb4933649af1e4f2db78c,07c6bc4b81cdca5d060f7f01397b300b85feaf3ed92d78dcbbe2d526bdd49024,2020-06-26T00:15:00Z,2020-06-26T00:20:00Z,development,buy,taker,0.0044544,0.044544,0.1,True,12625.29076400862068965517241379310344828,12638,56.2947072,0.4503576576,0.05661202080000000000000000001,597.956757437296,0.0478925
no_drawdown_gate,1,audit_50d54a737097fb78d42cbb74,trade_5cbb181d73dad36f6ebcdf67,intent_093c53f88426690df713767e,54a56a89f932190fb38e59382312668c79a012e2304c16cce8634c40d2199c46,2020-06-27T00:15:00Z,2020-06-27T00:20:00Z,development,buy,taker,0.00350496,0.03504962,0.09999994293804041242101911519,True,12518.1,12530.7,43.919602272,0.351356818176,0.044162496,553.68579834712,0.05139746
no_drawdown_gate,1,audit_30f501e92ea04a218be44e09,trade_e1a58bab991df52848b65c2e,intent_07d5670d421d784ae22d8230,e36498b4d57c84387b79e48742dcee2d24ce930ca67e9b68b3735fc75ac03943,2020-06-30T00:15:00Z,2020-06-30T00:20:00Z,development,buy,taker,0.00577671,0.15365084,0.03759634506391243939831373522,False,12602.6499734202559517409732351609662531,12615.3,72.874929663,0.582999437304,0.07307553504347324101840250272,480.227869246816,0.05717417
no_drawdown_gate,1,audit_1fb4aa4eaaf4f0eb073f7f25,trade_96ef8d328f4e5256f4405773,intent_bf8c61e347418b314c46b802,315aee1e399373799060ed9961766f03183503a360ea6cefc348c7d3aa216143,2020-07-02T00:15:00Z,2020-07-02T00:17:00Z,development,buy,taker,0.00404208,0.0404208,0.1,True,12590.63320436507936507936507936507936508,12603.3,50.943546864,0.407548374912,0.05120020129999999999999999998,428.876774007904,0.06121625
no_drawdown_gate,1,audit_90907f9bb1795119428dda40,trade_dec83c017b6095f059c10e47,intent_20f5cef482eaecfde145c1ae,0b17ce4f5fad0bf7ccc444d043638b5ed1b9f0114c468f593f7e96bc3ffefcb8,2020-07-27T00:15:00Z,2020-07-27T00:17:00Z,development,sell,taker,0.00099792,0.04590852,0.02173714160247378917900206759,False,13284.99325915973766960903989063467957582,13271.7,13.244094864,0.105952758912,0.01326560918068541525625308766,442.014916112992,0.06021833
no_drawdown_gate,1,audit_70badc980096d5cad9654a82,trade_487f2ac0213faab30e58b57c,intent_15ad866b511a665989687a66,eb1d21a5c1f4cd15abf54d88bfe2e578c722660c97b1d5349912996cb563d70a,2020-07-28T00:15:00Z,2020-07-28T00:18:00Z,development,sell,taker,0.002219,0.02219,0.1,True,14804.1,14789.2,32.8172348,0.2625378784,0.0330631,474.569613034592,0.05799933
no_drawdown_gate,1,audit_217b7099d84585b21ed47158,trade_0a205b65a217cb9f03e7bf9f,intent_aefe617425b506b5a0cb1137,19cd504efdf5e6b6dbac127405b337e32fcb7adbf5dea94db45847d8388a9e81,2020-07-29T00:15:00Z,2020-07-29T00:16:00Z,development,sell,taker,0.00140359,0.01403599,0.09999935879122170933436116726,True,14587.9,14573.3,20.454938147,0.163639505176,0.020492414,494.860911676416,0.05659574
no_drawdown_gate,1,audit_70e6b04c84fa1e223bff7b47,trade_ae4f21d1927aca15303d57da,intent_66bed0cfc9ef795d0dc71d00,d0f19535432851789cf4cd59194a6774cb5601d99173f1308811c97579d972e1,2020-07-30T00:15:00Z,2020-07-30T00:18:00Z,development,sell,taker,0.00196811,0.06402077,0.03074174209401105297546405643,False,14644.60647332108001825032719850136135507,14629.9,28.793252489,0.230346019912,0.02894395720795079471865146264,523.423818145504,0.05462763
no_drawdown_gate,1,audit_a0d2c213886176e847ab88f9,trade_18a686f7bfddb59a0905d76b,intent_728dd917f078e96b6e9c17a5,a8475bc1c63f2a8fdd0b7169ce10948f086cd66f84f3d9eaf8bbb0bf843e2062,2020-07-31T00:15:00Z,2020-07-31T00:17:00Z,development,sell,taker,0.00093635,0.08209844,0.0114052106227597016459752463,False,14900,14885.1,13.937663385,0.11150130708,0.013951615,537.249980223424,0.05369128
no_drawdown_gate,1,audit_b14a8e73be21ec118b1c3c5f,trade_27eb0979602942b5097b33f4,intent_90b66bf6bd8af4264df060b1,61f45863cf78c9cf4df16607d46a632f7f9fb2826269fb9157e8551ab23f0eee,2020-08-01T00:15:00Z,2020-08-01T00:17:00Z,development,sell,taker,0.00111124,0.06383589,0.01740776231051215859918299878,False,15214.9,15199.6,16.890403504,0.135123228032,0.017001972,554.005260499392,0.05258004
no_drawdown_gate,1,audit_eba2f74397b41a0e2703b19c,trade_9c642384a9bf0d90c4fbc2b1,intent_9b0b79f3e5c4e6dbc81bdfa9,90c69918e33c273410481cf9937aac0fe3d8bc76e04dc713860eee3c45ed3b98,2020-08-02T00:15:00Z,2020-08-02T00:20:00Z,development,sell,taker,0.0003236,0.00323601,0.09999969097746916727698616506,True,15793.8,15778,5.1057608,0.0408460864,0.00511288,559.070175212992,0.05225644
no_drawdown_gate,1,audit_1bd75d613eaab44215d95048,trade_58e583b1a1fcb334bbccaee9,intent_21c2184dec18c4ecd3d537fd,adf2eec83902247ac9404b7e0a599c21fa7cec4ab80e140a19ca82ded1546ee2,2020-08-06T00:15:00Z,2020-08-06T00:19:00Z,development,sell,taker,0.00024189,0.00241892,0.0999991731847270682784052387,True,15646.5,15630.8,3.780934212,0.030247473696,0.003797673,562.820861951296,0.05201455
no_drawdown_gate,1,audit_2643afd39d12761146c16d1e,trade_b4370a755566f01e85b7fba9,intent_48b002be03df4abca24e9ac8,d8fd43fa4a3f71d61e5374903bd00b869fe1a4969d186ac352dd19cf92e519c8,2020-08-07T00:15:00Z,2020-08-07T00:16:00Z,development,sell,taker,0.00665505,0.46999393,0.01415986372419745931612350823,False,15754.8126214736432872654334067676150626,15739,104.74383195,0.8379506556,0.1052337865381697589158225937,666.726743245696,0.0453595
no_drawdown_gate,1,audit_bfcde7fd97015bdd12dbb345,trade_e9217b3e1d4c7a030a759bdc,intent_485fe916fa5f98639a4d6525,c189ee14681f9458367720f5f14ed91c02e6f9eb8cb5148771c4c7eb65319129,2020-08-24T00:15:00Z,2020-08-24T00:17:00Z,development,sell,taker,0.00454534,0.28559789,0.01591517360299825744510927584,False,15420.12085158262198645795317325348587134,15404.7,70.019599098,0.560156792784,0.0700930135325550199267928765,736.186185550912,0.04081416
no_drawdown_gate,1,audit_580789fb6bbb9cbebd5be0f6,trade_c4753b2943f2bb6fc4f5751d,intent_50c820869aaf4d2c3330b498,1e00c762574e8c6638e2c9c763da260f8942104d3183b0af4f1ee930740505ae,2020-08-27T00:15:00Z,2020-08-27T00:16:00Z,development,buy,taker,0.001,0.01,0.1,True,15204.5,15219.8,15.2198,0.1217584,0.0153,720.844627150912,0.04181416
no_drawdown_gate,1,audit_568d9833963ab38162dea9cd,trade_6323fc56ab0de23e62e05c11,intent_fe2da6a422b604bcd22d24cc,88c78166e477a1c5653445ce59e9f55b81f4f6bef23395bb91cdc41a19daa03d,2020-08-28T00:15:00Z,2020-08-28T00:17:00Z,development,buy,taker,0.00049521,0.00495214,0.0999991922683930583545699435,True,14945,14960,7.4083416,0.0592667328,0.00742815,713.377018818112,0.04230937
no_drawdown_gate,1,audit_f0a97d6ddd196e05e0afbdf8,trade_8df63d93afd08228ea18f0c3,intent_19f4f205338a214d49933383,c822ab9d5990c5a273561695691f742b88425b8fe452b2fe82fe5e44fb37fd85,2020-08-29T00:15:00Z,2020-08-29T00:16:00Z,development,buy,taker,0.00032166,0.00321667,0.09999782383645198295131300382,True,15159,15174.2,4.880933172,0.039047465376,0.004889232,708.457038180736,0.04263103
no_drawdown_gate,1,audit_ac3457a2898e2fb7ff5435c0,trade_614139f2d0588faa04da4709,intent_7310486d10691cc5bf131802,32fcdd1d6aca900e8addc05dc4cf2e9a8428c49757762796abea93f955bfec0e,2020-08-30T00:15:00Z,2020-08-30T00:17:00Z,development,buy,taker,0.00322437,0.03224379,0.09999972087648505340098046787,True,15128.1,15143.3,48.827602221,0.390620817768,0.049010424,659.238815141968,0.0458554
no_drawdown_gate,1,audit_92f83a4e11c1b1169b986c4f,trade_506765120d5e5b8d48b35ec8,intent_eac740ddcdd13d7c00b5ec21,7b909674bf593381ec1a640f5d73e0c81d7af60e02e9493fa598106f1938f923,2020-09-01T00:15:00Z,2020-09-01T00:17:00Z,development,buy,taker,0.00121631,0.01216319,0.09999926006253293749419354627,True,15239.9,15255.2,18.555052312,0.148440418496,0.018609543,640.535322411472,0.04707171
no_drawdown_gate,1,audit_4297f9f432c5cdd34186536a,trade_dd6afcc705bb3ae5556cb55d,intent_e56a7baac7eaec7e23218fab,a4da920f56a904f1946de33910bbca401ffa8a9a42d65915ad47d7ddf163d79c,2020-09-03T00:15:00Z,2020-09-03T00:18:00Z,development,buy,taker,0.00390329,0.03903292,0.09999994876119952081473791866,True,14993.1,15008.1,58.580966649,0.468647733192,0.05854935,581.48570802928,0.050975
no_drawdown_gate,1,audit_f11512310b07c751c7ae8b94,trade_0de57afc02fd7058144b9929,intent_262e26310e63d0a527118c51,4f817917567105e7c9140d41136ae60a8212a7db76000c863fcf04257178f5c5,2020-09-04T00:15:00Z,2020-09-04T00:16:00Z,development,sell,taker,0.00030354,0.00303546,0.09999802336383941807831432468,True,13614.9,13601.2,4.128508248,0.033028065984,0.004158498,585.581188211296,0.05067146
no_drawdown_gate,1,audit_d61e7420fdf8ce7aff6009a2,trade_7d43d3a7fe45d07f29af4f78,intent_d4acddee7dd9ce38bd9fc52d,367d0349fe2a85ae8e212d100b2740a50790603d258728c43d4dfac4529e8d6b,2020-09-05T00:15:00Z,2020-09-05T00:18:00Z,development,sell,taker,0.00090124,0.0090124,0.1,True,13854.5,13840.6,12.473702344,0.099789618752,0.012527236,597.955100936544,0.04977022
no_drawdown_gate,1,audit_2d73f145c9f61261085c43ff,trade_6c0568bfae005c5eed96c156,intent_99aadb0fec1cc3426813b1d2,22596f9ec55cda9780fb29d8ccbbfbb1804ecbdbae385d59aa0643dc1e21e494,2020-10-04T00:15:00Z,2020-10-04T00:18:00Z,development,buy,taker,0.00367652,0.0367652,0.1,True,14051.8,14065.9,51.713562668,0.413708501344,0.051838932,545.8278297672,0.05344674
no_drawdown_gate,1,audit_0a48adb5e1ba713a0c648848,trade_d615f4fe207f25ac8209c816,intent_44815cca29d1e283e63f9e5f,2f08491c50e3fb049bd651f819aa49219679890698cb74bbcef06bb68af62e3b,2020-10-13T00:15:00Z,2020-10-13T00:16:00Z,development,sell,taker,0.00054193,0.00972269,0.05573868960133461007190396896,False,15121.5,15106.3,8.186557159,0.065492457272,0.008237336,553.948894468928,0.05290481
no_drawdown_gate,1,audit_f61a76cbf101b3466790cc0f,trade_ecacc9d7b41991408123a8e2,intent_e25bcfdbf372ecf00f3629dd,7b6ad5228d7ff968eae0bb52356fe810823ec9b021372ec2da0e4564f8b3b6cc,2020-10-16T00:15:00Z,2020-10-16T00:16:00Z,development,sell,taker,0.00045832,0.06424955,0.007133435175810569879477755097,False,15253.64264162161447045154401859623919545,15238.3,6.984017656,0.055872141248,0.007031839508018344097351654605,560.87703998368,0.05244649
no_drawdown_gate,1,audit_c015e0cec9367d81e1c87d32,trade_7e62b5fc79f5281e115d6fa3,intent_0c3204f809a3daa76c93773d,490c24c96e961eae45789bdbd3077bede99b657dabfe0adc1b534dd9978eac12,2020-10-20T00:15:00Z,2020-10-20T00:19:00Z,development,sell,taker,0.0008098,0.38593299,0.002098291726758057143547122002,False,15492.86207242091431468452593285689310986,15477.3,12.53351754,0.10026814032,0.01260216624645641203152910043,573.31028938336,0.05163669
no_drawdown_gate,1,audit_fe13f6ca90d152745f2fb264,trade_009c1d86bb1f124f9e58d53f,intent_4933f996b80618003801179e,888b1552c40c16dc00854e34937b0fcece31dea736ee7562a58b143a8640b25f,2020-10-21T00:15:00Z,2020-10-21T00:16:00Z,development,sell,taker,0.00066286,0.0070556,0.09394806961845909632065309825,False,15694.33042632802313056295708373490560689,15678.6,10.392716796,0.083141734368,0.01042707039579341232496173252,583.619864444992,0.05097383
no_drawdown_gate,1,audit_a6ed987131fcd3ef03745eaa,trade_bc494f63eec84475c0522e0d,intent_bd7ede65d8ae0f97fc22d859,cddfcbdefdafb0e7a119b738505aa475207c4c61ec621d1a7417480c2a11e4e8,2020-10-22T00:15:00Z,2020-10-22T00:16:00Z,development,sell,taker,0.00414664,0.25,0.01658656,False,17084.092650028,17067,70.77070488,0.56616563904,0.07087706631210592,653.824403685952,0.04682719
no_drawdown_gate,1,audit_4d6bc6faed2f40c6443c8b3d,trade_dbfcbcfe377cbf779daafaa7,intent_f1fbfa955bf2b6aa5a896eb5,6ba3c001562388fecc66ab850359be7122460bcd11987717cf414cb645534880,2020-10-26T00:15:00Z,2020-10-26T00:16:00Z,development,sell,taker,0.0001669,0.322787,0.0005170592372059593478052090078,False,17145.2,17128,2.8586632,0.0228693056,0.00287068,656.660197580352,0.04666029
no_drawdown_gate,1,audit_3e3c787a1ebd4ebb55d3049a,trade_728899746eb048e3c0789622,intent_a108ba6bbdbdd8b10a714359,348e223669777f6100a8e6850c35b14d3366e112ef02f94911ab7c92d5841917,2020-10-27T00:15:00Z,2020-10-27T00:16:00Z,development,sell,taker,0.00027527,0.0498361,0.005523506052841213497845938988,False,17246.95001677498841201458380571513420994,17229.7,4.742819519,0.037942556152,0.004748412117651060175254484201,661.3650745432,0.04638502
no_drawdown_gate,1,audit_665626d6aa81a1ae0a0cd07b,trade_13bb1fe20ecba7f18b439b36,intent_940dc4b6836937beefd6be5a,f98e0ae9498a5120dd45688cdf344bd3bfa02194f376735fbd693f8c01cab36e,2020-10-28T00:15:00Z,2020-10-28T00:16:00Z,development,sell,taker,0.00193711,0.06679499,0.02900082775669253038289248939,False,17998.6,17980.6,34.830400066,0.278643200528,0.03486798,695.916831408672,0.04444791
no_drawdown_gate,1,audit_6918452c4bda2ec6e9eddb42,trade_aae4c0e44097438419fa5159,intent_c687f02b72bf2c839beb0fce,448847756c67757544376199b9d4f21af6870bb6f12b14b842c1b25344c8a526,2020-10-31T00:15:00Z,2020-10-31T00:18:00Z,development,sell,taker,0.00030353,0.5396494,0.0005624577735099862985115891911,False,18122.35278145588598819900476123942693163,18104.2,5.495167826,0.043961342608,0.005509913755305073998043915179,701.368037892064,0.04414438
no_drawdown_gate,1,audit_9dd445dad609cda39c2412a3,trade_d6e1d3ffec23f66954b15493,intent_a3877d213bd47bc74c479096,2eead56ceaa3963b5075f51ee90ec21929c619491f04a975135911f95e3c78bb,2020-11-01T00:15:00Z,2020-11-01T00:19:00Z,development,sell,taker,0.00072929,1.09395,0.000666657525481054892819598702,False,18426.77501221536633301339183692124868595,18408.3,13.424989107,0.107399912856,0.01347364165854451300333653275,714.685627086208,0.04341509
no_drawdown_gate,1,audit_52d5ce735e53e9a83f787f05,trade_98d7716bf88d6f0f4163e40f,intent_f5dcb1967488beefe65fe480,611452850449c1ebb2d58b1b4ba76aec347c48b5b2f3932be693869397dc5dcd,2020-11-02T00:15:00Z,2020-11-02T00:16:00Z,development,sell,taker,0.00018548,1.59727653,0.0001161226603636378479811507654,False,18505.83535674502147727669923253677307836,18487.3,3.429024404,0.027432195232,0.003437937969066583605282173652,718.087219294976,0.04322961
no_drawdown_gate,1,audit_0207fa174673a0dd0eec441f,trade_47b6c3f58fcf18659f23fa64,intent_6326003d51c3257eebefc6e6,2379aaa10c58602e5d577eb28bcad9f7be81a18176e5d843e4a241e599e99e2a,2020-11-05T00:15:00Z,2020-11-05T00:16:00Z,development,sell,taker,0.00042896,1.1,0.0003899636363636363636363636364,False,18691.30848465090909090909090909090909091,18672.6,8.009798496,0.064078387968,0.008025191575853963636363636363,726.032939403008,0.04280065
no_drawdown_gate,1,audit_f595052b9374136ea831afb8,trade_ac65ec3f1c732c9ed411ea56,intent_9976287174648b91db69fc13,f0f0c196901149905c0b278fa7a04f706ffb8b9f53309908d531006ec22fa1ea,2020-11-06T00:15:00Z,2020-11-06T00:17:00Z,development,sell,taker,0.0005,0.005,0.1,True,20435,20414.5,10.20725,0.081658,0.01025,736.158531403008,0.04230065
no_drawdown_gate,1,audit_375d53804b0f5080aaceaa75,trade_eab82b07db70dae41b2ba031,intent_f8ef3ab3a4c4f50af4a1b729,3e963e3b1ca0eb221f7d67cb7c43928eb75f5366e4ceee3f45c1cad8fe884a74,2020-11-07T00:15:00Z,2020-11-07T00:19:00Z,development,sell,taker,0.0004751,0.00475101,0.09999978951843923713063117106,True,20455.80256598070726014047539365313901676,20435.3,9.70881103,0.07767048824,0.009740769097434019292739859523,745.789671944768,0.04182555
no_drawdown_gate,1,audit_ec85f2f4ee24935efe6d7ea7,trade_ead7ead6202bdb6819270f4e,intent_6f39b9080ddbd7903967a4b1,c7eb93157c2f78a511814e2d449e494d6e199ccf5d56c3c145ee78db78df4750,2020-11-08T00:15:00Z,2020-11-08T00:17:00Z,development,sell,taker,0.00247312,1.0150184,0.002436527259013235622132564296,False,19210.09497036309883643488630353893091987,19190.8,47.461151296,0.379689210368,0.04771877710438699436384601501,792.8711340304,0.03935243
no_drawdown_gate,1,audit_01eae985e0d6f6e726ed6905,trade_c8828b9402be0c24449ecd1f,intent_51d5d2fb4194052c42c8935a,b3e579db3b61244e8486f9aef6e43bf95a2f26f19f2fcb533383b05ee01b1578,2020-11-12T00:15:00Z,2020-11-12T00:16:00Z,development,sell,taker,0.00304398,0.09625154,0.03162526022960256012527176189,False,20433.07500518952735717267484759204891683,20412.6,62.135546148,0.497084369184,0.06232550629681748468647878257,854.509595809216,0.03630845
no_drawdown_gate,1,audit_af04e3a7135d7e6846ee8370,trade_079c1b8e7a6b94a02bd21aa0,intent_fbe77cfa253a6bd74d7c6da5,65cda17760b3be5829624de0abd05c54ba5018ce69f7165b9772439e22e20fb1,2020-11-18T00:15:00Z,2020-11-18T00:16:00Z,development,sell,taker,0.00467569,0.10525479,0.04442258637350376168153487361,False,23338,23314.6,109.011842074,0.872094736592,0.109411146,962.649343146624,0.03163276
no_drawdown_gate,1,audit_98e32d3ffb8b29b87f992d85,trade_275b239673629c5b9a8d043f,intent_21168d5eb96830d64bf4e77e,6b56ca321a087b7c351f8bfcec3de0a0368c793945e62619891e29c6c68bf987,2020-11-30T00:15:00Z,2020-11-30T00:17:00Z,development,sell,taker,0.00202566,0.02025664,0.09999980253388518530220214211,True,23946.51617030267606078796878455657009257,23922.5,48.45885135,0.3876708108,0.04864859553531878929575684813,1010.720523685824,0.0296071
no_drawdown_gate,1,audit_78d1c8aa91dc98b6ac19aab0,trade_b7b785e255487e2420ece65f,intent_934534fbd524cd4d9740efb2,b101b55ce8881deaba313f5d40ec0c44fbcee4c9341b0f8e970a30b07f7ba330,2020-12-01T00:15:00Z,2020-12-01T00:16:00Z,development,sell,taker,0.00074905,0.00749052,0.09999973299584007518837143483,True,25435.5,25410,19.0333605,0.152266884,0.019100775,1029.601617301824,0.02885805
no_drawdown_gate,1,audit_49f42a5a9f4814c09667c26e,trade_f98962f96a730096783652cc,intent_49daaa2e866b7a836ac750a1,2f894131aea9222d2f63bb46fa34d7110bdbc4eb85499f16a421a572cf3d1127,2020-12-02T00:15:00Z,2020-12-02T00:16:00Z,development,sell,taker,0.00166452,0.01664526,0.09999963953702135022222542634,True,24116.1,24091.9,40.101449388,0.320811595104,0.040281384,1069.38225509472,0.02719353
no_drawdown_gate,1,audit_6f2cb8e2e75847087e1adc12,trade_e3cf4578767d6c0cf5a15cb6,intent_b2a31471d29a62dd2bec4634,1efa97046cb85cdfd15b71e65bf5df01c2332c866c6266f4d1353f7c067f636c,2020-12-17T00:15:00Z,2020-12-17T00:18:00Z,development,sell,taker,0.0037298,1.037,0.00359672131147540983606557377,False,27348.71283494889103182256509161041465767,27321.3,101.90298474,0.81522387792,0.1022443917923737704918032787,1170.4700159568,0.02346373
no_drawdown_gate,1,audit_3a2dc1e6eca327247639cfab,trade_8fe4a515253e311b7c992d71,intent_8edd0bb8554be73b83f040a5,78edf1ed3f46158a36f4ac17d538f2d91b18fff2e8a9230ab71d6ab2a2699f0d,2020-12-26T00:15:00Z,2020-12-26T00:17:00Z,development,sell,taker,0.00171397,0.01713972,0.09999988331197942556821231619,True,31847.3,31815.4,54.530641138,0.436245129104,0.054675643,1224.564411965696,0.02174976
no_drawdown_gate,1,audit_fdb5b4ddd69255372ad150db,trade_440b94e2ec7ed63e2c334077,intent_a780a3ff81c3e6619b02f8a5,0240cddc9e4ed56d8b09863f5899cdce307801fb01aa36b7b536089a4992e121,2020-12-31T00:15:00Z,2020-12-31T00:16:00Z,development,sell,taker,0.00128114,1.60534162,0.0007980482060883713959898454511,False,37153,37115.8,47.550536012,0.380404288096,0.047658408,1271.7345436896,0.02046862
no_drawdown_gate,1,audit_b7c8ea4989a2d6f41982bdfc,trade_058ead6e1c5c42817c941f9a,intent_d5427d987577e897f5b832bf,9ad27268eef227290600352b6722aad0d573a5227fa3cf21273e97e0d3bc32c9,2021-01-03T00:15:00Z,2021-01-03T00:16:00Z,development,sell,taker,0.00081756,0.01228534,0.06654760877598829173632964167,False,39704.6,39664.8,32.428353888,0.259426831104,0.032538888,1303.903470746496,0.01965106
no_drawdown_gate,1,audit_12653337d3ba288fd66a3f5b,trade_3b2f1771d60f503dac387c8e,intent_ec30fe365ec39e36f0e4a5bd,7910b023ba050ef9bee4f4a0453bf8814af055ac878453dd7d99db8b028bdcc8,2021-01-06T00:15:00Z,2021-01-06T00:16:00Z,development,sell,taker,0.00015947,0.00323211,0.04933928610102997732131641559,False,41020.90679989233039717088836704196329952,40979.8,6.535048706,0.052280389648,0.006555301378829928436841567892,1310.386239062848,0.01949159
no_drawdown_gate,1,audit_50f659b58c98604cc1fa7308,trade_defd3ba0f23151eeb524e9ab,intent_d56c588ed964f5a403f2ab59,dea1657b260fcd4f1c39235f80b1ee6f5afb4310b75a565e9aaf97326b0a83e0,2021-01-07T00:15:00Z,2021-01-07T00:16:00Z,development,sell,taker,0.00062366,0.04081731,0.01527930184522203937496126031,False,42400,42357.6,26.416740816,0.211333926528,0.026443184,1336.59164595232,0.01886793
no_drawdown_gate,1,audit_d1880a468fcd9c99c6d679f9,trade_5af8135fe06aedf660cc64c0,intent_e529db1ce272a0243f716ab2,49a9d561d8f7cb72ec6fe4640c296733f41ae92c90b30e32b716f29aa495666c,2021-01-08T00:15:00Z,2021-01-08T00:16:00Z,development,sell,taker,0.00072518,0.00725181,0.09999986210339211865727314974,True,50290,50239.7,36.432825646,0.291462605168,0.036476554,1372.733008993152,0.01814275
no_drawdown_gate,1,audit_b9b4ed18091bf8d4ac5ef254,trade_a1457297439b28b49a36ec9a,intent_af9d9fca84b85bfe05b97d2c,dad19c3c38bc0f7b4806a5e9b0123b9b073e4715e492e7b16f05186628110655,2021-01-09T00:15:00Z,2021-01-09T00:16:00Z,development,sell,taker,0.00424665,0.08154699,0.05207610973746547849282971695,False,51503.97410721106934786924692131493755931,51452.4,218.50033446,1.74800267568,0.2190171823878876461289374384,1589.485340777472,0.0138961
no_drawdown_gate,1,audit_0319588f346c4efc80929609,trade_0e886b76e9e14669cc81f569,intent_0e229c36ec9a95f304797bd2,f1c2a55c1c47b43374d95d1cb316f4d61745bec8385b0efc06e9eaf6fdfe6d35,2021-02-03T00:15:00Z,2021-02-03T00:16:00Z,development,sell,taker,0.001,0.01,0.1,True,45401.1,45355.6,45.3556,0.3628448,0.0455,1634.478095977472,0.0128961
no_drawdown_gate,1,audit_71c4a8afb5e6ed0b354d456d,trade_225eb53a4f6c93adca012211,intent_c3cf6f8d08196c5cd519cd12,3ee0da70d9646403ea11d3d22731448e5805747e22d7f0ef44592368e7a6ab61,2021-02-09T00:15:00Z,2021-02-09T00:16:00Z,development,sell,taker,0.00360407,0.13404108,0.02688780185895249426519093997,False,59205.51197495573745004143505856562779112,59146.3,213.167405441,1.705339243528,0.2134041025787246715708348515,1845.940162174944,0.00929203
no_drawdown_gate,1,audit_bef868bdd38e58bf17107e7e,trade_af03f4377922da9079220588,intent_3e7a0e7c4a689cc8d81772b8,abf35e69ce150b0be7da552eeea8a759bbb6d79d77c1c562e3a0ae5948fa5bf9,2021-03-11T00:15:00Z,2021-03-11T00:16:00Z,development,buy,taker,0.0010031,0.010031,0.1,True,70997.2,71068.2,71.28851142,0.57030809136,0.0712201,1774.081342663584,0.01029513
no_drawdown_gate,1,audit_45b85fcfed8e599e2a75e528,trade_f0bbe38829e235fc3b53d84c,intent_f7216b87e580076076f3cf2f,4380d641c901d2aa1901487dcf08c452cfee043cb879cdfdcb4cc5bc8896de1a,2021-03-26T00:15:00Z,2021-03-26T00:16:00Z,development,buy,taker,0.0005971,0.005971,0.1,True,65434.9,65500.4,39.11028884,0.31288231072,0.03911005,1734.658171512864,0.01089223
no_drawdown_gate,1,audit_f9608aad103fbe266eef5a92,trade_fb4c4bde7264be4c905fe4b1,intent_43c03a1c40ef60e667ce4acd,25e672c780fa6d600949a624af6d7e560d46669ff53cf64317c9f94df9acfff4,2021-03-31T00:15:00Z,2021-03-31T00:17:00Z,development,sell,taker,0.00013301,0.01916974,0.006938539594172899580275997484,False,74354.9,74280.5,9.880049305,0.07904039444,0.009895944,1744.459180423424,0.01075922
no_drawdown_gate,1,audit_f858f8fce503c87c651ce006,trade_cdd57621be563f9e546dc915,intent_604983744930ae9c07a8cbcb,10d2a46a942a2eb359e52b7385b724c6c6a8bd1684b9af191d36b2735ff44716,2021-04-11T00:15:00Z,2021-04-11T00:16:00Z,development,sell,taker,0.0000961,0.6,0.0001601666666666666666666666667,False,75025,74949.9,7.20268539,0.05762148312,0.00721711,1751.604244330304,0.01066312
no_drawdown_gate,1,audit_514c68d9034fc26c9e4cc54e,trade_ef300d7740ee80ced83dc6b9,intent_647de8517172c6071b345083,0724c968ce8955e2071d21d8825a3e27a52c4f054d16915a66c7647fabfaab47,2021-04-13T00:15:00Z,2021-04-13T00:18:00Z,development,sell,taker,0.00010671,0.0091091,0.01171465896740622015347290073,False,75783.4,75707.6,8.078757996,0.064630063968,0.008088618,1759.618372262336,0.01055641
no_drawdown_gate,1,audit_8842d808cc6b77775afe15c1,trade_cc4c7f755e589d163e75cbe2,intent_237e7ce9aaea0f660ef944e9,a8f470960220c572ddad3676a63bb60fae02baf009f0afdc4afbb8f2b8fea096,2021-04-14T00:15:00Z,2021-04-14T00:16:00Z,development,sell,taker,0.00045541,0.00473998,0.09607846446609479364891834987,False,79200.1,79120.8,36.032403528,0.288259228224,0.036114013,1795.362516562112,0.010101
no_drawdown_gate,1,audit_ca007f07dd14438f56209a3d,trade_dc69ecaafe89783a51ee24c7,intent_af2a9c3d3df249f4360d4377,2631ff53f12969b8e66d11a906c11df9fee623d05c35dd442f90e58130c1cf84,2021-04-22T00:15:00Z,2021-04-22T00:16:00Z,development,buy,taker,0.00054687,0.00546877,0.0999987200046811257375973025,True,66692.1,66758.8,36.508384956,0.292067079648,0.036476229,1758.562064526464,0.01064787
no_drawdown_gate,1,audit_7e0558c288388876d1113c28,trade_d669cba10034fa647f3fa329,intent_fede796ab764ebaa58460579,60d67fa08c7ab0bd6e5f430d6e302c2ee1730bf87cdcf6b05fe6eb1d37f0fa29,2021-04-24T00:15:00Z,2021-04-24T00:17:00Z,development,buy,taker,0.00194608,0.12059172,0.01613775804839668925859918077,False,63522.55777647918115771132545418541173474,63586.1,123.743637488,0.989949099904,0.1236582503493951326011437601,1633.82847793856,0.01259395
no_drawdown_gate,1,audit_461995c2f82008da8ed17231,trade_5ba4c1c298489bdfe52261bb,intent_7f702f2c2b2e0c358b119417,ca9d68a29221acfc8cb8bf14e424abf6c573bb70fdedcbba21e2c045178c7bc9,2021-04-27T00:15:00Z,2021-04-27T00:16:00Z,development,sell,taker,0.00060354,0.01077112,0.05603317018100253269854945447,False,66720.0092012715483626586650227645778712,66653.2,40.227872328,0.321822978624,0.04032202533543029879901068784,1673.734527287936,0.01199041
no_drawdown_gate,1,audit_cf07a906e103be7430dbd58b,trade_fcef71990303283a189dcd62,intent_d31153ccb403a8884801f87c,09c168a73fffb17bae6601940c202e09416712e486949d755f7bb3036b50f1bd,2021-04-28T00:15:00Z,2021-04-28T00:16:00Z,development,sell,taker,0.0003321,0.01421314,0.02336570244154352943825220887,False,68620.6,68551.9,22.76608599,0.18212868792,0.02281527,1696.318484590016,0.01165831
no_drawdown_gate,1,audit_344b88e9d37f86488aeaff84,trade_59e1e539efabdd17b29e2097,intent_a174935a92d9e93510f919e3,06b2a61ce4ea5b965a9cb6b0013f3c59c1a3e518d6faffb7c3359e4877197cb1,2021-05-01T00:15:00Z,2021-05-01T00:19:00Z,development,sell,taker,0.00048643,0.08465446,0.005746064649163198253228477271,False,71608.4,71536.7,34.797596981,0.278380775848,0.034877031,1730.837700795168,0.01117188
no_drawdown_gate,1,audit_911e9c152a4dfa41c4458962,trade_f613d3d3e6d979503b080783,intent_cff56f913fb25d3c4bf22a0c,6054fd430b00a2593333ab7901e9edabf2cc7fdae72265f0eb3e052318c03631,2021-05-13T00:15:00Z,2021-05-13T00:16:00Z,development,sell,taker,0.01117188,1.43032897,0.007810706651631337649547851918,False,58204.29443044630495039193675843676717252,58146,649.60013448,5.19680107584,0.6512583816144653491846704329,2375.241034199328,0
no_drawdown_gate,1,audit_031cfc27b7f31c93117f5a14,trade_0e1ff821ea85f2200dc10262,intent_004b602664daa3c2094b8331,8161c5c349016d0611c747aa79269d311743e6eeebad148f4c7ba4de5bfa05ff,2021-05-15T00:15:00Z,2021-05-15T00:16:00Z,development,buy,taker,0.00024294,0.00242948,0.09999670711427959892651925515,True,60823.3,60884.2,14.791207548,0.118329660384,0.014795046,2360.331496990944,0.00024294
no_drawdown_gate,1,audit_29bf508071fa0741c919b7c4,trade_affc645f9f75c25d9f96514d,intent_33d2ebb53a5cb967eb603d78,c989b08771c1e1153ffff2df0f8820b1cec5e0740a13348aa20292ea5678c041,2021-05-16T00:15:00Z,2021-05-16T00:17:00Z,development,sell,taker,0.00024294,0.35,0.0006941142857142857142857142857,False,57641.73810588,57584,13.98945696,0.11191565568,0.0140268954424872,2374.209038295264,0
no_drawdown_gate,1,audit_23a335b21ad622645c86159f,trade_4cc2c0f23f63f3201f0b8c90,intent_95beec0cbff3608b4cc34e2d,119ab5cb80dfbfec216c2fa14741025509cf5120ec069bd0a5292c67a7431180,2021-08-14T00:15:00Z,2021-08-14T00:16:00Z,development,buy,taker,0.00040037,0.00400373,0.09999925069872344039183461422,True,59807.93227815062454261401243340584904576,59867.8,23.969271086,0.191754168688,0.02396923979683445187362784204,2350.048013040576,0.00040037
no_drawdown_gate,1,audit_a016907542dd814bf3cdb7a0,trade_52a1512fe0296899a57abc01,intent_545f721738527e3fd652e29e,541c044e03d43c8d490817c9f09ca8964fdaac8727910db605b40352b22d049f,2021-08-16T00:15:00Z,2021-08-16T00:16:00Z,development,buy,taker,0.00033196,0.00331969,0.09999728890348195162801345909,True,59394.17613331365278083194515150511041694,59453.6,19.736217056,0.157889736448,0.0197263467851998228750274875,2330.153906248128,0.00073233
no_drawdown_gate,1,audit_4d211014030650ba637ade5c,trade_2dfc5b8165581bf1c20fc7b5,intent_a92d2eaa5200b8c633e46067,1e43577706a4ebec0e523ed15f42c85c10104085aead505f463eec171785bc9f,2021-08-17T00:15:00Z,2021-08-17T00:17:00Z,development,buy,taker,0.0002744,0.00274405,0.09999817787576756983291120789,True,57525.6,57583.2,15.80083008,0.12640664064,0.01580544,2314.226669527488,0.00100673
no_drawdown_gate,1,audit_1af99e9453ee1d1e61b6f754,trade_acc86cfcd975d24e4a219640,intent_8fda67e42aed837378dc01a1,18fcc4739b2769991dbfb14e94f00f08e4529d49c2bc0ac4f832bd931b8a2d5b,2021-08-18T00:15:00Z,2021-08-18T00:17:00Z,development,sell,taker,0.00100673,0.09,0.01118588888888888888888888889,False,56378.7,56322.3,56.701349079,0.453610792632,0.056779572,2370.474407813856,0
no_drawdown_gate,1,audit_24c1a2b6d032d38661b91509,trade_ad5cd47c5518abff9fb4522f,intent_34fb88156f7072722a5a2439,6998196fecc10d48d0fe1965d621bb3b4558b596ce0525354e60a54c6c620411,2021-08-20T00:15:00Z,2021-08-20T00:16:00Z,development,buy,taker,0.00021756,0.00217566,0.09999724221615509776343730178,True,59915.07889192245111828134910785692617413,59975,13.048161,0.104385288,0.01303643627335153470670968809,2357.321861525856,0.00021756
no_drawdown_gate,1,audit_82acc85febd50f5a6200d860,trade_1c9e386b46bb8b1d088d276d,intent_103fdebdeaded93ae545995f,2a3f133c9d7a65959a8052fb4a7981282179eb89bea9674c557eeea4c7c76b40,2021-08-21T00:15:00Z,2021-08-21T00:16:00Z,development,buy,taker,0.01098101,0.1098101,0.1,True,62917.3,62980.3,691.587304103,5.532698432824,0.69180363,1660.201858990032,0.01119857
no_drawdown_gate,1,audit_ac6b604ac27bdc32fff5e18b,trade_c4c119105b8aca9af5af7c86,intent_d0eb8b9bef858679b71794aa,b5ee6511b1a33e5cbc8419a18a713ba059d9de4d53bb8bac8e48c1f55c11cbb6,2021-08-25T00:15:00Z,2021-08-25T00:16:00Z,development,buy,taker,0.00011907,0.00119078,0.09999328171450645795193066729,True,60435.80240850534943482423285577520616739,60496.3,7.203294441,0.057626355528,0.007203448219268042795478593862,1652.940938193504,0.01131764
no_drawdown_gate,1,audit_4ea4884a7b328bf7b66f0044,trade_c16df8f5b429cf26c95a8f0e,intent_da51b2ae6d04bb7f217e2eb5,fc11bc71fdf014c5ab806bd352730c8103d96c3972917630522a481382e87e13,2021-08-27T00:15:00Z,2021-08-27T00:17:00Z,development,buy,taker,0.00223915,0.05,0.044783,False,59011,59070.1,132.266814415,1.05813451532,0.132333765,1519.615989263184,0.01355679
no_drawdown_gate,1,audit_79aaa4f87c4686754028bbd3,trade_7dbf9ee3c3ab703c7f46a2a7,intent_1cdc611a344de868583ba441,a0063f95d26178a05c21696d9f28cb0d13b843cd1dd47dbb9c6f900a3ec7146a,2021-08-28T00:15:00Z,2021-08-28T00:19:00Z,development,sell,taker,0.00015757,0.00157575,0.09999682690782167221957797874,True,61728.6,61666.8,9.716837676,0.077734701408,0.009737826,1529.255092237776,0.01339922
no_drawdown_gate,1,audit_0c2595fe170d214b11d974a1,trade_70cedf6f436a282efc329078,intent_33bd72169205d4afa6f82b66,828f4264a9dc34cebc2b1c1760651d9235391a043df2c8709fb23602544ba17f,2021-08-29T00:15:00Z,2021-08-29T00:18:00Z,development,sell,taker,0.00016102,0.00161024,0.09999751589825119236883942766,True,61657.27831379173290937996820349761526232,61595.6,9.918123512,0.079344988096,0.009931442086744833068362480128,1539.09387076168,0.0132382
no_drawdown_gate,1,audit_fd77ebf2e7b60f2dd6982944,trade_b95d255ff0a5c6f1334f7b4e,intent_3a8d24e312b95adc15dee3d5,a17b3e8f19f366e683f303c74bee69f8635dc70ed3a1405341fd8c7edb1242a6,2021-08-30T00:15:00Z,2021-08-30T00:16:00Z,development,sell,taker,0.0002114,0.002114,0.1,True,61526.7,61465.1,12.99372214,0.10394977712,0.01302224,1551.98364312456,0.0130268
no_drawdown_gate,1,audit_3c23587c34cf992b41ca4903,trade_3fb32dc21565433e7da5e726,intent_bba3f0edcfb4a47739a26deb,caaffe71301ad564974042b66bbee23725ff1a05259401de9d65d28e0fe5a064,2021-09-03T00:15:00Z,2021-09-03T00:16:00Z,development,sell,taker,0.00013297,0.0421425,0.003155247078365070890431274841,False,62045.2,61983.1,8.241892807,0.065935142456,0.008257437,1560.159600789104,0.01289383
no_drawdown_gate,1,audit_219cc9be925bc7cc7708d6e1,trade_431105847076266a6c2ddc71,intent_9e42482b99a87789121abd77,1e2f124fc29d756984b2ff878f15888cb65b3f05f8f00532319547e7f78035e5,2021-09-06T00:15:00Z,2021-09-06T00:16:00Z,development,sell,taker,0.00037223,0.0398955,0.009330124951435625571806344074,False,63889.60953651414319910766878470002882531,63825.7,23.757840311,0.190062722488,0.02378904677665952300384755173,1583.727378377616,0.0125216
no_drawdown_gate,1,audit_90784aac2936c47a176bc0c4,trade_e4e66077a6f1d9d0b78fa0eb,intent_50bfa16c1e956eb850aacc18,cf228c23ee521b84403c3cdd7d36d00847754fe4ff078287adfe1c0434027ba9,2021-09-07T00:15:00Z,2021-09-07T00:16:00Z,development,sell,taker,0.00019952,0.00677398,0.02945388087948296274863521888,False,64924.14436564619322761508005633320440863,64859.2,12.940707584,0.103525660672,0.01295769983372847277376077284,1596.564560300944,0.01232208
no_drawdown_gate,1,audit_0ca23c7248a4e58b130eba34,trade_09ffc5e1ba177867f57f058a,intent_87e23af1271ac368e86d0bf3,9ead49927114800cba9fbbc26504c3db94183eed6c57d3d5f3991ec925597361,2021-09-11T00:15:00Z,2021-09-11T00:20:00Z,development,sell,taker,0.00255628,0.0255628,0.1,True,57223.4,57166.1,146.132558108,1.169060464864,0.146474844,1741.52805794408,0.0097658
no_drawdown_gate,1,audit_1ee6025b228378d3f2262929,trade_567b733d7a0ed653db55bf45,intent_efcc1cddf7def33f88ce687d,5e304668b8fe6f9fed101141ca5e97d5019f69a6c7282c422a60602b10918574,2021-09-12T00:15:00Z,2021-09-12T00:17:00Z,development,buy,taker,0.0017251,0.01725105,0.09999971016256981459099591039,True,57388.3,57445.7,99.09957707,0.79279661656,0.09902074,1641.63568425752,0.0114909
no_drawdown_gate,1,audit_9b409306bf0191e120c60434,trade_8478fa207532a8ca65ca6dc3,intent_d917a4a7874e2f19f85ab576,ccefb24c548bf62b3ee8fd184949507b81acf9e49c07d04d3029da27250ff552,2021-09-13T00:15:00Z,2021-09-13T00:16:00Z,development,buy,taker,0.00077362,0.00773625,0.09999935369203425432218452092,True,58481.6,58540.1,45.287792162,0.362302337296,0.04525677,1595.985589758224,0.01226452
no_drawdown_gate,1,audit_62ac2073fd6409762f0baffc,trade_b358c6a7eeab540a03a02c20,intent_cdaa197f6236d41c8ff47d27,5a61386e99acfb35326fedb81dc1f4b3bea1a218dcf189dfd8004477855c110b,2021-09-14T00:15:00Z,2021-09-14T00:16:00Z,development,sell,taker,0.002096,0.02096,0.1,True,57217.4,57160.1,119.8075696,0.9584605568,0.1201008,1714.834698801424,0.01016852
no_drawdown_gate,1,audit_7fd7b99f294ff83e7f81606a,trade_07b0ddc317229d098ab0255d,intent_b87e7f61e2b4f2a755c5f379,9ac6f5857abf45b088fd8ea8787a3ab7595447078ee29a00c8f142daed99c3aa,2021-09-15T00:15:00Z,2021-09-15T00:16:00Z,development,buy,taker,0.00324241,0.08172784,0.03967326188970612706759410257,False,59652.79939690073786362150278289503307563,59712.5,193.612407125,1.548899257,0.1935738324950785436150031617,1519.673392419424,0.01341093
no_drawdown_gate,1,audit_69e26968de79c82de58abce0,trade_d224a3a138dfe01e592ca74d,intent_cd4b7a8f9bc6143496212a23,cda7df8dc5ba92c41c6bb2a7026aed664d4c4395bd858155975fb38f063d2dca,2021-09-16T00:15:00Z,2021-09-16T00:16:00Z,development,sell,taker,0.00025785,0.015,0.01719,False,60822.3,60761.4,15.66732699,0.12533861592,0.015703065,1535.215380793504,0.01315308
no_drawdown_gate,1,audit_c75dba6f8eb1ef819ad6b406,trade_b0e3f660289a3da578549052,intent_3362219cc4e21563f1247c32,a163554e350e64e53624bc559931fa32def0ab4e46e7c9688b96a1c91590c508,2021-09-19T00:15:00Z,2021-09-19T00:19:00Z,development,sell,taker,0.00012038,0.00238365,0.05050238080255071004551842762,False,61384.1,61322.7,7.382026626,0.059056213008,0.007391332,1542.538351206496,0.0130327
no_drawdown_gate,1,audit_fc8a0ca62c7e509f9107aa45,trade_37caeaacb79c49ec905230c8,intent_fe2aaab3468899d397cb377f,da3330026420c4ac19fe7f370e31952d8252c8281706249f26bf4af4e271ce4d,2021-09-21T00:15:00Z,2021-09-21T00:16:00Z,development,sell,taker,0.0130327,0.15817822,0.08239250637666803937988428495,False,54008.97480660106049998539621953009712715,53954.9,703.17802523,5.62542420184,0.7047407319896411781596733103,2240.090952234656,0
no_drawdown_gate,1,audit_8e8af48f921892a54b295e54,trade_b9d00684e205a9b6188a4c84,intent_107694a763554aa0c53391bf,e18da167d1818990c4554974607f20c2779966b84dd4597f8cc661903db60a8b,2021-10-02T00:15:00Z,2021-10-02T00:18:00Z,development,buy,taker,0.00021694,0.00216947,0.09999677340548613255772147114,True,60255.4,60315.7,13.084887958,0.104679103664,0.013081482,2226.901385172992,0.00021694
no_drawdown_gate,1,audit_8e5b1ecef155caf5de6770fa,trade_cf109782436e952f11847d6b,intent_3d5d1874512b654a839acaf9,36e1e881b91f4947187ff1167556e6ef7a806f0cb7cd65d794dd119f9ee27075,2021-10-03T00:15:00Z,2021-10-03T00:16:00Z,development,buy,taker,0.000947,0.00947007,0.09999926082911741940661473463,True,59796.29085624499079732251187161235344617,59856.1,56.6837267,0.4534698136,0.05663925913599371493558125759,2169.764188659392,0.00116394
no_drawdown_gate,1,audit_70d7d221dae6059041b1f873,trade_7e0f91e33408b216c96a2fd9,intent_f7ddd78831bbf913967f3649,9fc2069cf14351be6ce2870ba623ee15dc913e79632e52b7171348b2a3818e27,2021-10-04T00:15:00Z,2021-10-04T00:16:00Z,development,buy,taker,0.00010875,0.00108751,0.0999990804682255795349008285,True,59968.1,60028.1,6.528055875,0.052224447,0.006525,2163.183908337392,0.00127269
no_drawdown_gate,1,audit_59827b354ea8208b3a58380a,trade_9f5d13ef5009de60fe5d4007,intent_1b5ef97972143facbb03b796,c722f0c4b0221e638ae73709f66e9c10849e72e8e2c43ccc0c04a759c21d9cba,2021-10-05T00:15:00Z,2021-10-05T00:16:00Z,development,buy,taker,0.00008175,0.00081756,0.09999266108909437839424629385,True,61999.8,62061.8,5.07355215,0.0405884172,0.0050685,2158.069767770192,0.00135444
no_drawdown_gate,1,audit_7cc0621221fc3755a931c7db,trade_dfe507b9228ef18402a769b3,intent_7dd3ff191083a449832334fe,13a74d97e423d7558ffe2e48ef426efce346646f656d4db08f30f5bd4502582b,2021-10-06T00:15:00Z,2021-10-06T00:20:00Z,development,buy,taker,0.00011391,0.00113915,0.09999561076241056928411534916,True,64331.6,64396,7.33534836,0.05868278688,0.007335804,2150.675736623312,0.00146835
no_drawdown_gate,1,audit_74cc8ba6d47190a8d584aa84,trade_5379aeb0c43fb535af33b792,intent_10582b8a464b0f0e97389a4f,4e98fbdf348e6872b87a6cd3134621e68b489841e69d62fc3584c53e0d6129ed,2021-10-07T00:15:00Z,2021-10-07T00:16:00Z,development,buy,taker,0.00884276,0.11225032,0.07877714736136164244342466017,False,68392.28004114375798661420297064631976105,68460.7,605.381539532,4.843052316256,0.6050212753756226262873905393,1540.451144775056,0.01031111
no_drawdown_gate,1,audit_3b702ca5569d705e311bdcc3,trade_7f52940cb4b206d40a258e2d,intent_d80f227b36c2d588b80bc7cc,b305b9e14ad23b0aa6b71e285ca8167303f9a14f19ec7ab662253bff128d3937,2021-10-20T00:15:00Z,2021-10-20T00:16:00Z,development,sell,taker,0.00012256,0.00359167,0.03412340220565920588472771719,False,78236.8,78158.5,9.57910576,0.07663284608,0.009596448,1549.953617688976,0.01018855
no_drawdown_gate,1,audit_93e557cd7a3eaa4ed9d8d678,trade_9fabf79914066b0e5aceb829,intent_138c96ac0b4440067fd60ed6,a05c349ee1fa749f2fd1f7d9d79470ebd6e51072e24445b40b310de9365412e2,2021-10-21T00:15:00Z,2021-10-21T00:16:00Z,development,sell,taker,0.00019845,0.0024367,0.08144211433496121804079287561,False,80079.3,79999.2,15.87584124,0.12700672992,0.015895845,1565.702452199056,0.0099901
no_drawdown_gate,1,audit_4def6596f5aeba1fc5d1f6a0,trade_845e92a6f1441b83d74a74f1,intent_87ea79ddf99a47041749d657,acb49ce67b0b6eee580edd2b945856a586aefc2f34e6bf42b5665470044b8a42,2021-11-09T00:15:00Z,2021-11-09T00:16:00Z,development,sell,taker,0.00013426,0.00134267,0.09999478650748136176424586831,True,83211.6,83128.3,11.160805558,0.089286444464,0.011183858,1576.773971312592,0.00985584
no_drawdown_gate,1,audit_864492143e3a859039271e07,trade_d0227b7a6b61f98aa9bd2a77,intent_40c3a8194aa30c6ec9bfeef5,a8d528edfdf6a7dd7d09c28b10263495843d827b76159b64ba98e546eddb8aa5,2021-11-10T00:15:00Z,2021-11-10T00:16:00Z,development,sell,taker,0.0002285,0.49703739,0.0004597239656356637475502597501,False,83096.68882152507681564962346192909149149,83013.5,18.96858475,0.151748678,0.01900864571848005237593896105,1595.590807384592,0.00962734
no_drawdown_gate,1,audit_83705833a403cb5445ceeb23,trade_da39360f3696c28e78fc8810,intent_898b1198fe06d1ec53d7fa67,782a5e85f24af042b57b3635966143b0003a1314532e072f13389facbbf092b5,2021-11-27T00:15:00Z,2021-11-27T00:18:00Z,development,buy,taker,0.0001582,0.00158205,0.09999683954363010018646692582,True,69284.9,69354.2,10.97183444,0.08777467552,0.01096326,1584.531198269072,0.00978554
no_drawdown_gate,1,audit_ac575e541b5a1eaf59bfa253,trade_7a82821aeea47809629612a6,intent_b46e4b57b57f6b87457a5e82,37e59197cdd933bf218caa8bfb084cc7395132e5ce8b8e40a2f4f471a41d74a6,2021-11-28T00:15:00Z,2021-11-28T00:18:00Z,development,buy,taker,0.00034908,0.00349087,0.09999799476921225940811316377,True,69825.7,69895.6,24.399156048,0.195193248384,0.024400692,1559.936848972688,0.01013462
no_drawdown_gate,1,audit_1239dc1599347144935b1813,trade_640dca6a6c19d6e53fb3afa8,intent_91d055f6e353363d195ea336,33f9babc0b865b1fe231bafe35e6c461944a980df90e4b44ab329e8c3a6bf044,2021-12-05T00:15:00Z,2021-12-05T00:16:00Z,development,sell,taker,0.01013462,0.14686646,0.06900568039837005671682969686,False,63431.94978637055730763851733064172718536,63368.5,642.21566747,5.13772533976,0.6430394739467775011394705095,2197.014791102928,0
no_drawdown_gate,1,audit_04bd4fb69845b47d13d31012,trade_5dcafa5a668b94efbc40616a,intent_2676e2bf0d7a695ce1fadf3a,a2a6d0e532d2aed539d75aabebef932440ecb96ef82302eae059b4cba4df584e,2021-12-07T00:15:00Z,2021-12-07T00:17:00Z,development,buy,taker,0.00504333,0.05043335,0.09999990085925285550136962942,True,64521.54117471871291516427126098107700559,64586.1,325.729015713,2.605832125704,0.3255914603058735935645758214,1868.679943264224,0.00504333
no_drawdown_gate,1,audit_2173df12d8ef951e28c3b3b6,trade_c1cc43cacdece349a161cd5f,intent_0504488ea65672b8dd5ea768,b3b35c35b7e66bdce7f168e0faf721b58df9532d1f3bf9e675b7997fda5f2165,2021-12-08T00:15:00Z,2021-12-08T00:17:00Z,development,buy,taker,0.00005657,0.00056579,0.09998409303805298785768571378,True,63735.2,63799,3.60910943,0.02887287544,0.003609166,1865.041960958784,0.0050999
no_drawdown_gate,1,audit_a8eec8abae249509dd3e9cfa,trade_f28db5598292000e6e5649ea,intent_c0f64690fdc6d4ad7e09fcd9,72c4dabdd225e3c7364c1b35241c4cccaa47d4e1706fce8e3c46659015019cfa,2021-12-09T00:15:00Z,2021-12-09T00:16:00Z,development,buy,taker,0.001,0.01,0.1,True,64133.1,64197.3,64.1973,0.5135784,0.0642,1800.331082558784,0.0060999
no_drawdown_gate,1,audit_09112720db0a023ce31f889a,trade_a21045527e8c8bb567af0fca,intent_fb910e3c24fb567dd2684b4d,33be03a80920ea29ea1079bb96dd99f6b6a745ed6873f8daacb05a733aee9f66,2021-12-10T00:15:00Z,2021-12-10T00:17:00Z,development,buy,taker,0.00255513,0.0255513,0.1,True,60898.60802644092472790034166559040048843,60959.6,155.759702748,1.246077621984,0.1558424214,1643.3253021888,0.00865503
no_drawdown_gate,1,audit_c7df571671e7b1660d074fdd,trade_d93e05fea371b6e4edf87135,intent_495f265e557db6c40dd0664b,9d40330eb34e1c8fdb6b89c0462d6c9764d36c0c84e8bd7ea029aa0b12ec5179,2021-12-11T00:15:00Z,2021-12-11T00:16:00Z,development,buy,taker,0.00341686,0.03416868,0.09999976586745522507746860575,True,59924.38465700167521835786457071212584156,59984.4,204.958296984,1.639666375872,0.2050640248772560134017468629,1436.727338828928,0.01207189
no_drawdown_gate,1,audit_980f3ead3d495002aaf43d8d,trade_263f430c9238b41a318eee55,intent_83236eeddc0911ce4ac71cb1,90cc3b17af33a09c57f44d48df260cbe8b0c4b51d500485553396b34672574ae,2021-12-30T00:15:00Z,2021-12-30T00:17:00Z,development,sell,taker,0.00028985,0.00289856,0.09999793000662397880326782954,True,59014.59455522742327224552881430779421506,58955.5,17.088251675,0.1367060134,0.01712855683266863546036652683,1453.678884490528,0.01178204
no_drawdown_gate,1,audit_89352f0c4dcdb76fd6646712,trade_1c533b458543e54335ed1ed9,intent_78d3ee36d713e453a9047d5f,112b2d3fd339ced7af356338c6c82584c833c1db3a1b0244021b3462c75e7dd9,2021-12-31T00:15:00Z,2021-12-31T00:19:00Z,development,sell,taker,0.00037498,0.0037498,0.1,True,60344.5,60284.1,22.605331818,0.180842654544,0.022648792,1476.103373653984,0.01140706
no_drawdown_gate,1,audit_9fd490a48ba02c1d9c4b3af7,trade_c06aad40b684da6b53b6593b,intent_13b33d3eeccbae6172634f8b,ed3665d9f1a67e4d8dcca9c0cc2758d57bcb21c13dbbd013f077b761ce33c1b1,2022-01-01T00:15:00Z,2022-01-01T00:20:00Z,development,sell,taker,0.000165,0.00165,0.1,True,58420.7,58362.2,9.629763,0.077038104,0.0096525,1485.656098549984,0.01124206
no_drawdown_gate,1,audit_781fd8c736f4f7aebef4dae0,trade_a512fc8b9fba3412d02168b9,intent_79bbe516d7010daa2b86e7ca,e7896c5a694d8bc93c8f9087b72fb21c9894d67aba4669109548560e1d9fe23c,2022-01-02T00:15:00Z,2022-01-02T00:17:00Z,development,buy,taker,0.00166405,0.01664054,0.09999975962318530528456408266,True,60004.97587211713081426444093761380339821,60065,99.95116325,0.799609306,0.09988315000348846852325705777,1384.905325993984,0.01290611
no_drawdown_gate,1,audit_fb1dbeff9135cad4e02c954b,trade_a3a21f512da210c27ecae2eb,intent_becc6c1ba87a30878bdf6312,223ef3ee831bd092666c535f6c0faf96795ba5b2b3d2a69b902a820b15920ec1,2022-01-03T00:15:00Z,2022-01-03T00:16:00Z,development,sell,taker,0.00167639,0.01676395,0.09999970174093814405316169519,True,59641.1,59581.4,99.881663146,0.799053305168,0.100080483,1483.987935834816,0.01122972
no_drawdown_gate,1,audit_ad6d4194091161c69ae29f1a,trade_27a32fe9bd62638841ac9ec4,intent_00eff67160d6cfc49f9da3af,ae177e41d03bfb36d0ccb46c3cc93edb3483823f466e9d506371c7e5f5ed7333,2022-01-04T00:15:00Z,2022-01-04T00:17:00Z,development,sell,taker,0.0050053,0.05005306,0.09999988012720900580304181203,True,58988.7,58929.7,294.96082741,2.35968661928,0.2953127,1776.589076625536,0.00622442
no_drawdown_gate,1,audit_a379601d95db51299400a3d3,trade_5f028d7fe097aeac14b4a22d,intent_524f57a02bdd712ecdba4867,f3e81b6d6c93c02b058c345b8d1e3fde8ec6af23d2101e434f7583faf279eb07,2022-01-05T00:15:00Z,2022-01-05T00:19:00Z,development,sell,taker,0.00015001,0.00150013,0.09999800017331831241292421323,True,57890.9,57833,8.67552833,0.06940422664,0.008685579,1785.195200728896,0.00607441
no_drawdown_gate,1,audit_6521fb5b85289a4f9c4e7127,trade_b989cd06c81d3e069bed60dd,intent_f49ea274bb30514ccaf888f0,ad29ff315550830bda94e4751035b0ff29a54357fd6908387e8c5fdf2093b7ed,2022-01-06T00:15:00Z,2022-01-06T00:17:00Z,development,sell,taker,0.00607441,0.11,0.05522190909090909090909090909,False,55303.42727272727272727272727272727272727,55248.1,335.599611121,2.684796888968,0.3360805387272727272727272727,2118.110014960928,0
no_drawdown_gate,1,audit_23353c171a495e3158f1822c,trade_3d20b21260bd2afb8b4a72d0,intent_3a348bdad5037823c3f6e60c,914b92658587832f4c24dc6c7e7ca3051c53de272f6f96b39f3c91fc42c402e8,2023-01-14T00:15:00Z,2023-01-14T00:17:00Z,development,buy,taker,0.00007397,0.00073973,0.09999594446622416287023643762,True,26838.9,26865.8,1.987263226,0.015898105808,0.001989793,2116.10685362912,0.00007397
no_drawdown_gate,1,audit_972914d149e197b58f92b36a,trade_937316c771fcbd38b45ca78d,intent_a222394c0e60e3b42f7ac85c,aecb9688489a83099acbf70bb880e0d41146980ba9a4461cec25d98abf65337b,2023-01-15T00:15:00Z,2023-01-15T00:19:00Z,development,buy,taker,0.00313717,0.03137171,0.09999996812414752017024255292,True,27918.59836486439534217293223735652280351,27946.6,87.673235122,0.701385880976,0.08784588969836486439534217292,2027.732232626144,0.00321114
no_drawdown_gate,1,audit_1bf31f87eec25f10d7eecfe3,trade_420a9abddd09d34ab4513fb4,intent_8dd4e7aa680db3fcaa6f8f5d,be832d44db892954efc9f6eea3170ae3363b7c2421d4a116a2c343a9889e2b2f,2023-01-16T00:15:00Z,2023-01-16T00:20:00Z,development,buy,taker,0.00544504,0.05445045,0.09999990817339434293013189055,True,27827.74704458824490890341585790383734202,27855.6,151.674856224,1.213398849792,0.1516604563352229412245445171,1874.843977552352,0.00865618
no_drawdown_gate,1,audit_dd4f49748064b1f7549548bf,trade_d8bb356d6c2ead91d6d7286a,intent_03933b92d729344e276e2d08,0f736b8df4c54f310532f7c18647902974a74525ff5e1eadb0676c4ff3d5d347,2023-01-17T00:15:00Z,2023-01-17T00:20:00Z,development,buy,taker,0.0025025,0.025025,0.1,True,28427.50883136863136863136863136863136863,28456,71.21114,0.56968912,0.0712991495,1803.063148432352,0.01115868
no_drawdown_gate,1,audit_3a03e476a34d39d5bde8f01d,trade_9ca41ebe369300d863038f61,intent_45db7adfbbae64a09e931978,68526156b9fcff905188d5b0fe611b1cb1a26f23e6834ac22384ce2fd551d7df,2023-01-18T00:15:00Z,2023-01-18T00:17:00Z,development,buy,taker,0.00035104,0.00351046,0.09999829082228539849478415934,True,28251.4,28279.7,9.927305888,0.079418447104,0.009934432,1793.056424097248,0.01150972
no_drawdown_gate,1,audit_3688312e28808c18dc988401,trade_385d8cd241fe0f5653a70480,intent_a35b6f468f498a46bb3d7d19,1386b2913913d5771a4e7b9d64673a5c6a1bdf847a87321b8366a39b8c600aeb,2023-01-19T00:15:00Z,2023-01-19T00:20:00Z,development,buy,taker,0.00008709,0.00087091,0.0999988517757288353561217577,True,27861.6,27889.5,2.428896555,0.01943117244,0.002429811,1790.608096369808,0.01159681
no_drawdown_gate,1,audit_c7867406cfbcc41d7881e222,trade_417ab344f5241f2746935028,intent_0e7e9939cea2dd49f90612ac,b850df56a34f6f87eb50e6d94695fc2855549b642e140e443954deaff65e6480,2023-01-20T00:15:00Z,2023-01-20T00:19:00Z,development,buy,taker,0.00026635,0.00266356,0.09999774737569268197450029284,True,28191.2,28219.4,7.51623719,0.06012989752,0.00751107,1783.031729282288,0.01186316
no_drawdown_gate,1,audit_c5f876d3ef10bf997c149649,trade_fa1c487d28d9ff4363cf7e74,intent_0250af3b55d327e33698a04d,2e1f738c11847f3bf65d91a6de1e5678027f7f15022125a48972d8bdf667c9a5,2023-01-22T00:15:00Z,2023-01-22T00:20:00Z,development,buy,taker,0.00008824,0.00088249,0.09998980158415392808983671203,True,30441.1,30471.6,2.688813984,0.021510511872,0.00269132,1780.321404786416,0.0119514
no_drawdown_gate,1,audit_a5f1731b0069b7f1a9bf9fd6,trade_18e12d125ba1e466fcb8e6ba,intent_c82cbb21ca6397e501420bbf,9a75248490bf7c778ce05dbb67932112edc7c2487c0c2e444f3b96f65e8e12dc,2023-01-23T00:15:00Z,2023-01-23T00:19:00Z,development,buy,taker,0.00309684,0.03096846,0.09999980625449247395576015081,True,30238,30268.3,93.736082172,0.749888657376,0.093834252,1685.83543395704,0.01504824
no_drawdown_gate,1,audit_efe318f67a51902ddc3562b0,trade_9740612849e257b38c04d557,intent_ef14d88061791e2878dfcf48,036a844acf95023a9b4a9134aad06caaa4818afaa05d1a8e6b74587df46e42ea,2023-01-24T00:15:00Z,2023-01-24T00:16:00Z,development,buy,taker,0.00030887,0.00308879,0.09999708623765293205429958009,True,30611.4,30642.1,9.464425427,0.075715403416,0.009482309,1676.295293126624,0.01535711
no_drawdown_gate,1,audit_8e631917b190163964bdd2a5,trade_380475b49658e2cb70d3106e,intent_3ca8083cecdd6b724c840172,2133f5afc0d97f71954e72940ea128ec01ca9ad9e5e88f19482b4e9f8296a941,2023-01-25T00:15:00Z,2023-01-25T00:16:00Z,development,buy,taker,0.0002301,0.002301,0.1,True,30246.2,30276.5,6.96662265,0.0557329812,0.00697203,1669.272937495424,0.01558721
no_drawdown_gate,1,audit_b0ae164c096ae3671c7cb831,trade_7a5652c77e1f376473980706,intent_472e30653d41d0c09e7cb69f,700c0d4a7d88989f1e313211822c9a2fbea8d404700c6bc042e92719b70ba8f2,2023-01-26T00:15:00Z,2023-01-26T00:18:00Z,development,buy,taker,0.00676441,0.06764418,0.09999988173409744932971321406,True,30886.07536380809110259005283233531694818,30917,209.13526397,1.67308211176,0.2091869183029104647288207204,1458.464591413664,0.02235162
no_drawdown_gate,1,audit_bd112a02827af304c97de2e8,trade_b429d0981be7a9686854e658,intent_1416eee2ada23166330dc9f3,9fe7bc62239f4e803e8afc4706d924bac4d5b3e7bc1b98f91300903135fafdb1,2023-01-28T00:15:00Z,2023-01-28T00:19:00Z,development,buy,taker,0.00015381,0.00153819,0.09999414896729272716634485987,True,30659.8,30690.5,4.720505805,0.03776404644,0.004721967,1453.706321562224,0.02250543
no_drawdown_gate,1,audit_cc344e6682a6b365c2e0414b,trade_991f8e7a80e7306637fd4720,intent_8b9da92570e94ef900547bcf,42b284a7231bc6ab9ede3ea77d37f5057bf172d7d07500b533f7654fe68b43b2,2023-01-31T00:15:00Z,2023-01-31T00:17:00Z,development,buy,taker,0.0001836,0.001836,0.1,True,30501,30531.6,5.60560176,0.04484481408,0.00561816,1448.055874988144,0.02268903
no_drawdown_gate,1,audit_1e976dfde645a0a18b356835,trade_5f7c18665059cd5358348667,intent_1a36e3c378b2b6f7d6413725,f0bd466821feb67f33f5924b74b24b49d8512bf20feff10049c920f4d35e7ebc,2023-02-10T00:15:00Z,2023-02-10T00:16:00Z,validation,buy,taker,0.00454131,0.83754306,0.005422180920465151964843455332,False,29378.98806031537053151631391943000518684,29408.4,133.552661004,1.068421288032,0.1335687358092046515196484346,1313.434792696112,0.02723034
no_drawdown_gate,1,audit_5c878a2c5d0f1ad35594097a,trade_dd9f2ad47eca79641eed7efc,intent_cd98c3b635c43d0566ce878e,333c10d9a9f9aa8d0fde82a0f6f505e0061d766acb56fbef480854aa01c5493b,2023-02-15T00:15:00Z,2023-02-15T00:16:00Z,validation,sell,taker,0.00017772,0.0327827,0.005421152010054083403746488239,False,29572,29542.4,5.250275328,0.042002202624,0.005260512,1318.643065821488,0.02705262
no_drawdown_gate,1,audit_76615a9f91206fdf092a780a,trade_7502f1ca5a59985fcf513753,intent_31c26618e5fb3e0dd5c22288,740fe0c7e9de797a29a03bf9fe5626b60c9bb81f012c05bf53eee63554c60963,2023-02-16T00:15:00Z,2023-02-16T00:17:00Z,validation,sell,taker,0.00084382,0.00843828,0.0999990519394947785567674929,True,32795.53907312864707025602373943505074494,32762.7,27.645821514,0.221166572112,0.02771026668741497082343795181,1346.067720763376,0.0262088
no_drawdown_gate,1,audit_bee317f0ae5348069ef10fd8,trade_4ed140512a6375cbf4259a2f,intent_5badd09fdf8cdfcc96303c2d,71929b6819e569b6dd7fb9e387457573b39ac5686bc9f92f3e000af5a797feca,2023-02-17T00:15:00Z,2023-02-17T00:17:00Z,validation,sell,taker,0.00101754,0.03140636,0.0323991701043992363330229928,False,31757.05554728405329366408587305246453266,31725.2,32.281660008,0.258253280064,0.03241429358341558843495393926,1378.091127491312,0.02519126
no_drawdown_gate,1,audit_974dcb5922c33622e8608ee5,trade_352f21452189489583b7b967,intent_e899ec40857c625ce1b2df10,ea5a99482756f4a787ce2ef83bf1b7d61dff80c217f44299efc1c195a9692cff,2023-02-19T00:15:00Z,2023-02-19T00:20:00Z,validation,sell,taker,0.00090401,0.01185,0.07628776371308016877637130802,False,32939.1,32906.1,29.747443461,0.237979547688,0.02983233,1407.600591404624,0.02428725
no_drawdown_gate,1,audit_c1e80adcc1be6b25c2412408,trade_fd73393c590ca2d5f22c6d23,intent_46866a369536ee518217e3c6,7d58e9438093bf92ffee9134d8ac0e20e7412a69f98dea2486fa934e20c7c6d2,2023-02-21T00:15:00Z,2023-02-21T00:19:00Z,validation,sell,taker,0.00028357,0.00866469,0.0327270796762492368451727644,False,33328.22480515748399538817891926889479023,33294.8,9.441406436,0.075531251488,0.009478271998507736572225896137,1416.966466589136,0.02400368
no_drawdown_gate,1,audit_4dd9afc801b93fe70a0a2009,trade_93ccb3e81d1e182026bdab59,intent_7ec5d9bcb364de371d64599c,1b7c7b6b3fac9074af64dc4de72acc0fe697af7d3fe68102df3b6634089e89ea,2023-03-10T00:15:00Z,2023-03-10T00:16:00Z,validation,buy,taker,0.0046493,0.05157537,0.09014574204702748618187324686,False,27920.3,27948.3,129.94003119,1.03952024952,0.1301804,1285.986915149616,0.02865298
no_drawdown_gate,1,audit_c518c5004fdc723e65e4e3f8,trade_a30e914a7e0531dbb307e807,intent_e32cac19c7050c83affccf88,2e1dbf87f38c0b06dbb749058a4ba20cc3d5909147cc4f2bb5fc77c4a7593488,2023-03-13T00:15:00Z,2023-03-13T00:17:00Z,validation,sell,taker,0.0001577,0.00157708,0.09999492733406041545134045197,True,29904,29874,4.7111298,0.0376890384,0.004731,1290.660355911216,0.02849528
no_drawdown_gate,1,audit_07d238bea0289d0862add431,trade_c32c720809004c4e4c837617,intent_73163887c54107c3b50703a7,079dd11988156bb47d725862289cbcd7a675587de01affa4cb4d4ac480f69f24,2023-03-14T00:15:00Z,2023-03-14T00:18:00Z,validation,sell,taker,0.00412813,0.04128134,0.09999990310392056071823249924,True,33045.67679900894689949502608200218306867,33012.6,136.280304438,1.090242435504,0.1365453262928039642124020199,1425.850417913712,0.02436715
no_drawdown_gate,1,audit_60abf384b715274166175b38,trade_5555c5154380f2e3eb2b19d2,intent_fe7cb0ca0bb3841e352becaa,45d4385edeb1211fdedfd409cd634af100635c553e7e74330b07663c20ceda5f,2023-03-15T00:15:00Z,2023-03-15T00:16:00Z,validation,sell,taker,0.00060153,0.07811358,0.00770070965893510449783507554,False,33662.08089197806578574429695835218408886,33628.4,20.228491452,0.161827931616,0.02026006695156591209876694936,1445.917081434096,0.02376562
no_drawdown_gate,1,audit_c126aa2871f6ac0fff65dd51,trade_97642f3e6b910e4dd9b65e9c,intent_03ae1aaa97d78d4c1f6f3077,ec2a55810eb0f29e6b24a913bd23e9ecee04b1fbf5e6d2e8d7e0a2e7afcc41ab,2023-03-17T00:15:00Z,2023-03-17T00:17:00Z,validation,sell,taker,0.00043227,0.02831077,0.01526874754731150018173295887,False,34285.7,34251.4,14.805852678,0.118446821424,0.014826861,1460.604487290672,0.02333335
no_drawdown_gate,1,audit_865d31fbe760399d7aacd86b,trade_36e43a4a0942bde6ba85c878,intent_c4f715e5a0567d86a6125156,e1a8be2db84303ad95b3b32caa5f5112717b10fa617c109d8553e90f0bc767f8,2023-03-19T00:15:00Z,2023-03-19T00:16:00Z,validation,sell,taker,0.0009276,0.009276,0.1,True,37138.91981457524795170332039672272531263,37101.7,34.41553692,0.27532429536,0.0345251,1494.744699915312,0.02240575
no_drawdown_gate,1,audit_5c9529f6f0023c6d671fd6a0,trade_c7ddd551ea2a111548f49880,intent_e5ade0bc6fb9ac97c0ddbb74,84e3d4da9f78d71c2e1e647b10e070b1b5fe8d7464a2126f328b94e173e16e29,2023-03-20T00:15:00Z,2023-03-20T00:19:00Z,validation,sell,taker,0.00155493,0.0694312,0.02239526322460219613084607496,False,38367.8,38329.4,59.599533942,0.476796271536,0.059709312,1553.867437585776,0.02085082
no_drawdown_gate,1,audit_da852c502525839db8c0b433,trade_bfa26fa2353b3b59d3fc4021,intent_6e045199e9fd8517be71fdbe,4e6419a2fa9f6fea5fe3feaef06ebe3f5db324c6a330af9db9d06953820b077b,2023-03-22T00:15:00Z,2023-03-22T00:17:00Z,validation,sell,taker,0.00010957,0.063,0.001739206349206349206349206349,False,38570.5,38531.9,4.221940283,0.033775522264,0.004229402,1558.055602346512,0.02074125
no_drawdown_gate,1,audit_b3c6dd6fd4788ac19611dbe9,trade_566bd511b11fdb941afa66e9,intent_062a5e35e47787feba073807,4bec0cdc6539810c474ba7d8a9f3495c5a9e87468e18f1d4f7faa9eeec64d764,2023-03-24T00:15:00Z,2023-03-24T00:19:00Z,validation,sell,taker,0.00015997,0.00253464,0.06311349935296531262822333744,False,38870.28999147807972729855127355364075372,38831.4,6.211859058,0.049694872464,0.00622123193674841397594924723,1564.217766532048,0.02058128
no_drawdown_gate,1,audit_f7ba248f0afc38bee88fd766,trade_0e95c4f0bb3df21b10e51ba3,intent_817420505a4ba9ea4362a73b,86ad3b7ee809028a237e674ca9f25e5c2d7146b228bc7693d884e1927d509f8e,2023-04-11T00:15:00Z,2023-04-11T00:16:00Z,validation,sell,taker,0.00059502,0.30139674,0.001974208480158080011084393282,False,40027.50707997704288374187458032890468556,39987.4,23.793302748,0.190346421984,0.02386451472794005668409021279,1587.820722858064,0.01998626
no_drawdown_gate,1,audit_4b9ed2c383e7ad30868c680f,trade_e4b2accfa6321642f4d6473f,intent_166e841815893d0480d9361c,47f7bf3d6c9fbc0b33cb3f505c0016486ca9d6ab3c44cc39eac8ee204899872a,2023-04-12T00:15:00Z,2023-04-12T00:18:00Z,validation,sell,taker,0.00034679,0.00842379,0.04116793034964071991348312339,False,40734.3,40693.5,14.112098865,0.11289679092,0.014149032,1601.819924932144,0.01963947
no_drawdown_gate,1,audit_b2e2181e545af4d2875eb454,trade_3cfd2a8dd12db7b878f21438,intent_d31872da66b6007af6293537,6e7a1802959cc16509a29c1ec065a3fd290691ba1f21c151f47b61f34578e056,2023-04-15T00:15:00Z,2023-04-15T00:17:00Z,validation,sell,taker,0.00006276,0.00463477,0.0135411250180699365880076034,False,40864.9,40824,2.56211424,0.02049691392,0.002566884,1604.361542258224,0.01957671
no_drawdown_gate,1,audit_664b7a229c543e2e5bb3d315,trade_91c7edab5bfa7757dce9b66a,intent_0e4763434cfbfddf3a5a38e9,890085b303c587e9bf608a9ef801471ffe15b491874b4052282a42984d9a38ac,2023-06-06T00:15:00Z,2023-06-06T00:20:00Z,validation,buy,taker,0.00048965,0.00489653,0.09999938732122543923962479552,True,34586.4,34621,16.95217265,0.1356173812,0.01694189,1587.273752227024,0.02006636
no_drawdown_gate,1,audit_7122c284d3393c53ab053ddf,trade_84b084d2421b3dd78ef7bd91,intent_6edba75cb89215133c10443f,76c80dd385207d4e280229b380349a2eddaaeb22dd4c29e705b11263c1aa86fe,2023-06-15T00:15:00Z,2023-06-15T00:17:00Z,validation,sell,taker,0.00161394,0.01613946,0.09999962824035004888639396857,True,33496.3,33462.8,54.006951432,0.432055611456,0.05406699,1640.848648047568,0.01845242
no_drawdown_gate,1,audit_b6eb929f991d47a88cf6268f,trade_ba5171ef10cc9301a4bbc384,intent_54b43d2344b51435ec8b60e6,f8ae2f2d51ea1898b57511fc49e7980d321cb9a3e6f4e78620e0200071dc130e,2023-06-18T00:15:00Z,2023-06-18T00:16:00Z,validation,sell,taker,0.00118332,0.01183322,0.09999983098429675101113644469,True,34905.5,34870.5,41.26296006,0.33010368048,0.0414162,1681.781504427088,0.0172691
no_drawdown_gate,1,audit_b8d15f664105dc12e03adb35,trade_bc177f229a3b682c84291058,intent_126720131de8e3d059ab133f,d17c8ec0b11f9a4c7c2c37b2b731a89e8706fec90036290d422598907d8ad9d5,2023-06-20T00:15:00Z,2023-06-20T00:20:00Z,validation,sell,taker,0.00133865,0.0133865,0.1,True,35400.7,35365.2,47.34162498,0.37873299984,0.047522075,1728.744396407248,0.01593045
no_drawdown_gate,1,audit_b87d21d494178f7fed123406,trade_d0e6ab084992c755132305ce,intent_6213c83ec7b090e058dbe49f,407c9f90947f9e9cfe449ea8d8e89cdb5c2957b407a4d53455fe9fe98fdaecc7,2023-06-21T00:15:00Z,2023-06-21T00:16:00Z,validation,sell,taker,0.00144444,0.01444444,0.09999972307683786979626762962,True,37399.9,37362.5,53.9678895,0.431743116,0.054022056,1782.280542791248,0.01448601
no_drawdown_gate,1,audit_47d8056c445f0396287748af,trade_0ce3e7f2bbc05a651821f716,intent_45b585f0be53693ec1ae36ab,281e6370fa3b40f3d0390fd1ab9631632983c902c900e7e6438eb07ce5d66d91,2023-06-22T00:15:00Z,2023-06-22T00:18:00Z,validation,buy,taker,0.00079904,0.00799043,0.09999962455086897701375270167,True,39342.10926958874553684845496425098524109,39381.5,31.46739376,0.25173915008,0.03147476922780876623661054537,1750.561409881168,0.01528505
no_drawdown_gate,1,audit_5401e48a2a56608f0c0bce7d,trade_90c69aa13bf68c7115dbd9e6,intent_f7ef551454c976b84758b196,56cc09a9ca3109b0769f2df1a751a2b5f1eeaeeb968d67ae608e3737c6fa3600,2023-06-23T00:15:00Z,2023-06-23T00:16:00Z,validation,buy,taker,0.00057865,0.00578654,0.09999930874062911515344229885,True,39344.5,39383.9,22.789493735,0.18231594988,0.02279881,1727.589600196288,0.0158637
no_drawdown_gate,1,audit_963b8887d00b2d86ce929aa1,trade_54ef544588f9863ceac85618,intent_1e5e6a169b964e16f23980ef,9788722d754eabeb1a3a801942d31a7a56d27367ee0291157e89cd72974e8948,2023-06-27T00:15:00Z,2023-06-27T00:16:00Z,validation,buy,taker,0.00294585,0.0294585,0.1,True,39701.7,39741.5,117.072497775,0.9365799822,0.11724483,1609.580522439088,0.01880955
no_drawdown_gate,1,audit_f43e758c5e5fc1d1d3e3e6b7,trade_9df8ee3183aeec8dc37aeaec,intent_5da84412a6df3a9919c44118,d7a073f5a5e7bb163e0a66e10c90ea3398e71f7c36b3f98260c22e981112a39c,2023-07-11T00:15:00Z,2023-07-11T00:18:00Z,validation,sell,taker,0.00061468,0.00614687,0.09999886120903809581136415769,True,40352,40311.6,24.778734288,0.198229874304,0.024833072,1634.161026852784,0.01819487
no_drawdown_gate,1,audit_6976844b08d06c2dcc0301d7,trade_5a1cd3c1bc6e55838314eb19,intent_9e3a620a83907ca6fba086ed,7b400a75834c1753ec0066136238542ff3006bcffa3e2867490b8768b8425e1a,2023-07-13T00:15:00Z,2023-07-13T00:17:00Z,validation,sell,taker,0.00007,0.0007,0.1,True,40072.1,40032,2.80224,0.02241792,0.002807,1636.940848932784,0.01812487
no_drawdown_gate,1,audit_885ece94c4f2eb6ea6e30069,trade_b5500e8b276aa2fb03609614,intent_01fda02b1ed12d89be181ecf,367d4e35274c53d78e57ae3b5056c912f5e7bb67ed4beef2e4a252b255fe9dd1,2023-07-18T00:15:00Z,2023-07-18T00:17:00Z,validation,sell,taker,0.00094176,0.00941764,0.09999957526514073589561716099,True,39782.6666363335188008885453255805063689,39742.8,37.428179328,0.299425434624,0.03754480343345466592479644582,1674.06960282616,0.01718311
no_drawdown_gate,1,audit_045f518e7d06ab32a45aedde,trade_c7e3116bbc959f61951bbb08,intent_013d6dde867429ede1475e0a,da6272501d4f86b9d2af90c9bbbe1d12c8b63ae769f2535c88aa38166e350d2f,2023-07-19T00:15:00Z,2023-07-19T00:18:00Z,validation,buy,taker,0.0011314,0.011314,0.1,True,39378.17510906841081845501149018914619056,39417.6,44.59707264,0.35677658112,0.0446053216,1629.11575360504,0.01831451
no_drawdown_gate,1,audit_4cef8ce961ea996214917ba8,trade_d8feb2f4e1da2a8a13a5cabe,intent_02363f91b26fc79c81c65b78,0375d23f76bda29f0be04b23f6eb72ff9e30effaa5fbd09539411ed68919c3dc,2023-07-27T00:15:00Z,2023-07-27T00:18:00Z,validation,sell,taker,0.00755606,0.07556064,0.09999994706238591944165639677,True,38725.3,38686.5,292.31751519,2.33854012152,0.293175128,1919.09472867352,0.01075845
no_drawdown_gate,1,audit_d5fec1d92941597c075188ce,trade_7e8633a88af755533336b743,intent_2f349686500ac2f4335cfa34,f3416ca2e871e1309d94aa8f5fdb10a8014642b739417a534f9f35732d999118,2023-07-29T00:15:00Z,2023-07-29T00:16:00Z,validation,sell,taker,0.00020551,0.00205514,0.09999805366057786817443093901,True,38777.8,38739,7.96125189,0.06369001512,0.007973788,1926.9922905484,0.01055294
no_drawdown_gate,1,audit_72df3a4b3cf88f7ba5c6d412,trade_824d75697afe2090d055836d,intent_b046cffd46579fb3ca323859,81e6ee03c6ef4e296dc784e40894ad1bcc0234770d1a529fe399bba6e90f3247,2023-07-30T00:15:00Z,2023-07-30T00:17:00Z,validation,sell,taker,0.0000872,0.000872,0.1,True,38834.9850573394495412844036697247706422,38796.1,3.38301992,0.02706415936,0.003390777,1930.34824630904,0.01046574
no_drawdown_gate,1,audit_7b40c35aaebb05af14bce270,trade_7c878e9f2609174b10c28fd6,intent_240bae524177cbb48c8161ec,c248b16eeb084cba34d71d0e1a1c7f4745bfcdca73f3a22b618d0089ab0ab034,2023-08-02T00:15:00Z,2023-08-02T00:16:00Z,validation,sell,taker,0.0012572,0.012572,0.1,True,39399.42686127903277123767101495386573338,39360,49.483392,0.395867136,0.04956745,1979.43577117304,0.00920854
no_drawdown_gate,1,audit_188c71c9cd60a02833d9dda3,trade_14dd392b94845cb8fb5ef59f,intent_ec8bf466e81217f467b04d33,3cbf465119573a643ee3a0002a3abe9002c0197abf413cb33396f445c1d63616,2023-08-03T00:15:00Z,2023-08-03T00:17:00Z,validation,sell,taker,0.00012136,0.0012136,0.1,True,38858.7,38819.8,4.711170928,0.037689367424,0.004720904,1984.109252733616,0.00908718
no_drawdown_gate,1,audit_9a1b6d66f685bd578e4cd7de,trade_9591b64e705ec6a985479d3d,intent_a16f8bb2f1749d8688a839dc,9b70864f8418e617718a16a6aa1e29c658c5c0d92270d5b36bde49adce95b552,2023-08-04T00:15:00Z,2023-08-04T00:20:00Z,validation,sell,taker,0.0016005,0.016005,0.1,True,38990.3918761012183692596063730084348641,38951.4,62.3417157,0.4987337256,0.0624064977,2045.952234708016,0.00748668
no_drawdown_gate,1,audit_7d3e4a1b762f86e49891ace9,trade_21371b2cf70937220ee20de0,intent_252f05a3a2c38353e080844b,5145dd26bac9a830dcc461c8dace433581d67a80d49f3ca7befe8dddb03c84a5,2023-08-05T00:15:00Z,2023-08-05T00:16:00Z,validation,buy,taker,0.0002941,0.00294107,0.09999761991384088103989364415,True,38758.25476442247209348978433019275297766,38797.1,11.41022711,0.09128181688,0.01142438378335095730465442849,2034.450725781136,0.00778078
no_drawdown_gate,1,audit_7e6778426133c41fab500cb8,trade_6de4b024aded7543ea5a8e27,intent_fd20aaabda445417f4e779f0,686e56464ca46fd35a0862296fd0d472fd9bc91bc17d33aa1f2b34a0aa5e889c,2023-08-07T00:15:00Z,2023-08-07T00:16:00Z,validation,buy,taker,0.00073217,0.00732178,0.09999890736951943379888497059,True,38818.5,38857.4,28.450222558,0.227601780464,0.028481413,2005.772901442672,0.00851295
no_drawdown_gate,1,audit_c28fff6a5f18fa1a1efa691c,trade_d3f366d7ba1df5ffe6a6f57e,intent_5a3afe8f42959d25923a0c59,53e71c46f434be6981855e868d0902007c55f16c063097f798a32745c9f08a1f,2023-08-08T00:15:00Z,2023-08-08T00:18:00Z,validation,buy,taker,0.00629777,0.06297778,0.09999987297107011393542293806,True,39008.82034404832942666445212898898627421,39047.9,245.914693183,1.967317545464,0.2461146848627523866354133156,1757.890890714208,0.01481072
no_drawdown_gate,1,audit_47421445b9342fb63da2f4ee,trade_43098853becf4b912214198f,intent_3fa3526c701fe47dd30e1209,be59ae95146fbb567a6dcdca81c90892b90205e1e01373635a1696a91a9a15b1,2023-08-09T00:15:00Z,2023-08-09T00:16:00Z,validation,buy,taker,0.001558,0.01558,0.1,True,40012.1,40052.2,62.4013276,0.4992106208,0.0624758,1694.990352493408,0.01636872
no_drawdown_gate,1,audit_8b876b98b461e95cd2533780,trade_df84f8872a200da5cd99f5a4,intent_49568583c692aca473585187,dafe3a39f5f4def9fa24380def94fa09825926af26caf9c89ec268e083d3672a,2023-08-10T00:15:00Z,2023-08-10T00:16:00Z,validation,buy,taker,0.00009995,0.00099956,0.09999399735883788867101524671,True,39716.2,39756,3.9736122,0.0317888976,0.00397801,1690.984951395808,0.01646867
no_drawdown_gate,1,audit_e137ba6943e0d776cd024c83,trade_8bdd8d9b7164bd6212f9078a,intent_3342b16d2d27ff2a3ae46881,242896abc4e0e9f972d32e8d89850038c1c72cb2c3a4ccd2172c71fa69d41024,2023-08-14T00:15:00Z,2023-08-14T00:17:00Z,validation,buy,taker,0.00093963,0.00939638,0.09999914860829383230563259468,True,39347.62961810825019848069150034374940137,39387,37.00920681,0.29607365448,0.03699359193694486600158784554,1653.679670931328,0.0174083
no_drawdown_gate,1,audit_6ae6993e031c9791178b4cb8,trade_7298162b8e4a04a45dea8da4,intent_62a70471415d316f3dc2ac0e,845b7cc26508cbbcdd9cf6cb44cdcd348d4665eb6e0c6fc121b7c78df2ca3997,2023-08-17T00:15:00Z,2023-08-17T00:19:00Z,validation,buy,taker,0.00106742,0.01067424,0.09999962526606109662139880685,True,38790.1,38828.9,41.446744438,0.331573955504,0.041415896,1611.901352537824,0.01847572
no_drawdown_gate,1,audit_f583adbf139535995bbf12de,trade_3f95332c73022240b073d67b,intent_cc11073162c25b4b9f55f7a3,a6eff3b2b1ea357f329f96364ec6c6195ac7e94b234a3b9db82b84e81fe4185e,2023-08-18T00:15:00Z,2023-08-18T00:17:00Z,validation,sell,taker,0.00130559,0.01305592,0.09999984681278684305663637645,True,36303.97911889778736389316111005582142047,36267.6,47.350615884,0.378804927072,0.04749621384176220442527221368,1658.873163494752,0.01717013
no_drawdown_gate,1,audit_f557be536ff13f1e0d3a82af,trade_4de7ff9bc78fc86a80548028,intent_50fa47eb8a9161991f2db9d6,407db7bf1cef626bf22e1ceeff22106de36210cb46765f8f99dbe0e61144e8ba,2023-08-23T00:15:00Z,2023-08-23T00:18:00Z,validation,sell,taker,0.000998,0.00998,0.1,True,35387.8,35352.4,35.2816952,0.2822535616,0.0353292,1693.872605133152,0.01617213
no_drawdown_gate,1,audit_f98dd12a130031cfba71d306,trade_ac033fd4fa538d7633c22dc1,intent_5f2bf842ddf8bc126e061680,8fa2521f0a9f2f0205a6aa2f82538d37b1264a39a86f7963045151b59262ac0d,2023-08-24T00:15:00Z,2023-08-24T00:16:00Z,validation,sell,taker,0.00026395,0.00263959,0.09999659037956652358889069893,True,35831.8,35795.9,9.448327805,0.07558662244,0.009475805,1703.245346315712,0.01590818
no_drawdown_gate,1,audit_380bb6e9c58f7cd85600b0f5,trade_ab8fdfb513f7f93e97a9188d,intent_46c37301dde689bbaa9e54ca,f85277c4f16912c524087b87531680267f0c9c7a107681f3bbbb751881f99489,2023-08-26T00:15:00Z,2023-08-26T00:16:00Z,validation,sell,taker,0.00148606,0.01486061,0.09999993270801131312913803673,True,35380.69554109824563056294458975775556993,35345.3,52.525236518,0.420201892144,0.05259989780445890175436943706,1755.350380941568,0.01442212
no_drawdown_gate,1,audit_4b8a4d24a9e223106c905d35,trade_88e499eaefa4dbf03a6531eb,intent_db7df81c00fe2d5f1ded46c4,8737685da0e97f58c5822b6ce6b66b5a755c72eb4bd3e976fd368122f531aab4,2023-08-27T00:15:00Z,2023-08-27T00:18:00Z,validation,sell,taker,0.0001168,0.001168,0.1,True,35331.7,35296.3,4.12260784,0.03298086272,0.00413472,1759.440007918848,0.01430532
no_drawdown_gate,1,audit_9c5dbb6f5e312bd31ee526c6,trade_9eef009b4d6ef617460c8fe8,intent_26c27cdbcf4e514951802c65,f45414b777847f9c75390328d49738544e432502624bb0f57e89bf07fba1e587,2023-08-29T00:15:00Z,2023-08-29T00:19:00Z,validation,sell,taker,0.00401328,0.04013284,0.09999990033100074652080440856,True,35437.19927877020415201117090143632994824,35401.7,142.076934576,1.136615476608,0.1424685455028849191833919553,1900.38032701824,0.01029204
no_drawdown_gate,1,audit_e942977c9ea8d2b434283ed6,trade_48c697aa420b01944e706e28,intent_8282540106774ceb1ec959b3,d55f8b0191090471eb3a956c8403b050306bf4d98414d006140cfb54cd66d2bd,2023-08-30T00:15:00Z,2023-08-30T00:16:00Z,validation,buy,taker,0.0014226,0.014226,0.1,True,37596.6,37634.2,53.53841292,0.42830730336,0.05348976,1846.41360679488,0.01171464
no_drawdown_gate,1,audit_1c919a23aaf1656ee665a205,trade_fe3574582ec350a84d48d2e8,intent_47647c1626786723beb34d73,0b60276de01d835364a78eebb919a03993d76cfccfc8f5fe47f8f1d03c8fb2a5,2023-08-31T00:15:00Z,2023-08-31T00:16:00Z,validation,sell,taker,0.00066232,0.00662323,0.09999954704879643316025564566,True,36814.40398929223354767990844346338568946,36777.5,24.3584738,0.1948677904,0.02444225018803212329935696027,1870.57721280448,0.01105232
no_drawdown_gate,1,audit_ecf54148605027ef91c9c312,trade_71abedd2b32e2f5fb220d922,intent_ed58a357f32e5a2910bd9231,9f47da699800dbf843e849f16454d7083329826c6292a1b3450023bc12574475,2023-09-01T00:15:00Z,2023-09-01T00:16:00Z,validation,sell,taker,0.00956711,0.09567115,0.09999994773764086665624903641,True,35120.0997909505634666249961456510139159,35084.9,335.661097639,2.685288781112,0.336760272001045247182666875,2203.553021662368,0.00148521
no_drawdown_gate,1,audit_e76fcfd1a07b122e37e434ec,trade_e9ccab37cca691997c8fa758,intent_d12a643e71e953ed73fec86e,3c515ee7f4d513573001a5ef13f0c3ac0d3b028a572e6fc8a4b5211208781871,2023-09-05T00:15:00Z,2023-09-05T00:17:00Z,validation,sell,taker,0.0002112,0.002112,0.1,True,35037.3,35002.2,7.39246464,0.05913971712,0.00741312,2210.886346585248,0.00127401
no_drawdown_gate,1,audit_7ca0128208452bd4f002cba0,trade_74d513e4dc1050724d847b06,intent_d9ff1220d96a9727e94ed673,58e748cfdef5ef4e733e456e09ee2238b65e47742983ba602db073c9bf233511,2023-09-06T00:15:00Z,2023-09-06T00:17:00Z,validation,sell,taker,0.00127401,0.0499,0.0255312625250501002004008016,False,35112.3,35077.1,44.688576171,0.357508609368,0.044845152,2255.21741414688,0
no_drawdown_gate,1,audit_2cade2e60d3fb783c362fb44,trade_9e6a3b75b120b49d2c18b39b,intent_f800a75893b85342c344d279,d016707baae713063ac71e75169dcff5290530a28b718ae42a115e4d5c23a3af,2023-10-21T00:15:00Z,2023-10-21T00:16:00Z,validation,buy,taker,0.0004386,0.004386,0.1,True,40820.4,40861.3,17.92176618,0.14337412944,0.01793874,2237.15227383744,0.0004386
no_drawdown_gate,1,audit_eeacedc8f3069d22eec2883a,trade_dfe132da205ca65aacf49699,intent_75a11b4e69d06e2bd631c110,53d8ebf6efd779b52d2ea033e4e929affc28155b301c9f88c61a0b0296d0a4e8,2023-10-22T00:15:00Z,2023-10-22T00:16:00Z,validation,buy,taker,0.00264766,0.02647669,0.09999966007835571591464038745,True,41113.0426144657810322967108048626924287,41154.2,108.962329172,0.871698633376,0.1089707633835301920292906704,2127.318246032064,0.00308626
no_drawdown_gate,1,audit_8294025e40b1300ea40a474e,trade_43be285ce747a34e1748cd2e,intent_dc37eaaefd81b31de9cce819,1fe2cf98349969b858516346a8f482ccef9c898fa6e5ed8f5c6d9cc1cd3328f5,2023-10-23T00:15:00Z,2023-10-23T00:20:00Z,validation,buy,taker,0.0011924,0.011924,0.1,True,41046.2,41087.3,48.99249652,0.39193997216,0.04900764,2077.933809539904,0.00427866
no_drawdown_gate,1,audit_9f7e59c67e3686edd4b9fcd9,trade_c343aa50b651f9868798af15,intent_397d2775f16115f370ed36fe,8301e43b8b5d0c9c896239d77595bfaf7b171249c4f6c8699b83b0a54d0cdc8e,2023-10-24T00:15:00Z,2023-10-24T00:16:00Z,validation,buy,taker,0.00007841,0.00078417,0.09999107336419398854840149457,True,45123.24570182485940548605531963732353954,45168.4,3.541654244,0.028333233952,0.003540548519912774015838402387,2074.363822061952,0.00435707
no_drawdown_gate,1,audit_e72e1ff26ed2df78535d13c8,trade_3b84e8583c5a19c18e2c71bf,intent_c70d07a4c7c43fe0f2f88645,33eda11989e2ac2cfdc5693c7014b1204802ef3d91dfc46aeaef2f8a18d0ba36,2023-10-25T00:15:00Z,2023-10-25T00:16:00Z,validation,buy,taker,0.01285769,0.48876617,0.02630642378542688418881364068,False,46471.73321620029471352323750230094689246,46518.3,598.117880727,4.784943045816,0.5987412703936326648794043991,1471.460998289136,0.01721476
no_drawdown_gate,1,audit_3dce17f45d2ef0a6a2a0eba4,trade_7f7ba6ab147742154a0f6a97,intent_470babd054bf586e3f2062cf,145d91c59bf43aafc55f50d4644462f0f7e0e87caac32e2af0c145c9c34949e2,2023-10-26T00:15:00Z,2023-10-26T00:16:00Z,validation,sell,taker,0.00043908,0.00612436,0.07169402190596241893030455427,False,47688.08975370487691775140586118386247706,47640.4,20.917946832,0.167343574656,0.02093961705673735704628728553,1492.21160154648,0.01677568
no_drawdown_gate,1,audit_640035d87d660ebd2c2a95a5,trade_537b0a0200e7bf68f37c1d9f,intent_f87f2e010229911f4bdd6df1,97c7f7afc87f8ecf71444fc71a1ab1d236684d59a098ecc9b7f3fa151a99ca35,2023-11-02T00:15:00Z,2023-11-02T00:17:00Z,validation,sell,taker,0.00054576,0.03978151,0.01371893625958391222454854026,False,49291.70720043055178146832536019874559814,49242.4,26.874532224,0.214996257792,0.02690989770697794025415324858,1518.871137512688,0.01622992
no_drawdown_gate,1,audit_bf3fc24b3f989e286ef06ee4,trade_b6a8f361307fd6b3c1bc9596,intent_14b96309cccb311099896d8e,e500d423fbb4ba8e46d6c626a77bf88e4f149a9cb3776948382b4503fd9ea491,2023-11-10T00:15:00Z,2023-11-10T00:16:00Z,validation,sell,taker,0.0001731,0.001731,0.1,True,50766.2,50715.4,8.77883574,0.07023068592,0.00879348,1527.579742566768,0.01605682
no_drawdown_gate,1,audit_76d402d02831f4dd1098586f,trade_b628760e97a3fbd9eb9a20e4,intent_63616f67b1b8c12ad06c772d,5945d9456597dd44ba8f0eb45c70403a35a3f9d59354b6b8c4e9aa105e1c3c13,2023-11-11T00:15:00Z,2023-11-11T00:17:00Z,validation,sell,taker,0.00052965,0.03783957,0.01399725208293857461910904379,False,51522.59516773050010874859307333566422663,51471,27.26161515,0.2180929212,0.02732738058845938259869232129,1554.623264795568,0.01552717
no_drawdown_gate,1,audit_4507b8586afbf9023c8e4b12,trade_dd9d626d8174826f7611ed84,intent_51d4921db267777942209d07,b4f0a06391e0a5169ed5a1407548e85234e4115224a5de6c59361e4187ae4e1f,2023-11-16T00:15:00Z,2023-11-16T00:16:00Z,validation,sell,taker,0.00010218,0.04173075,0.002448554123757660717815998994,False,51863.90418185630500290553129287156353528,51812,5.29415016,0.04235320128,0.005303569302077245196887187505,1559.875061754288,0.01542499
no_drawdown_gate,1,audit_1bc6381adc7a485562a65472,trade_1b623a1694756eb8c810826e,intent_04c2f549974e719e78180592,ccc25686aa857683b2440fab5e4e81489f2f94aed203bb926466e6ab54959de5,2023-12-02T00:15:00Z,2023-12-02T00:16:00Z,validation,sell,taker,0.00006565,0.0037645,0.01743923495816177447204143977,False,52085.6,52033.5,3.415999275,0.0273279942,0.003420365,1563.263733035088,0.01535934
no_drawdown_gate,1,audit_8afe778e8e4e0c3ee82d91f9,trade_4420e260fb35d1d5647363f1,intent_3605e7b5cc26bef43908bc7c,364963d4a4731ed43ec48da3bfd1061dceaf6f672b0bb0b351efa519030ee361,2023-12-04T00:15:00Z,2023-12-04T00:16:00Z,validation,sell,taker,0.00054436,0.11738486,0.004637395316568082118937655163,False,53999.40481952272209550703557511590506646,53945.4,29.365717944,0.234925743552,0.02939806355538899991020988567,1592.394525235536,0.01481498
no_drawdown_gate,1,audit_79cabff410c6c5f33d58f570,trade_c0e17cd216b4f82527c72f2a,intent_868d95d199fba352c057b1ac,c11b0520931639f27452ece452fb9b87f5cfd2e666494232cdd8d21514c916d4,2023-12-05T00:15:00Z,2023-12-05T00:16:00Z,validation,sell,taker,0.00027228,0.0027228,0.1,True,56623.1,56566.4,15.401899392,0.123215195136,0.015438276,1607.6732094324,0.0145427
no_drawdown_gate,1,audit_4745d75412b0155f278be635,trade_edbefdbef198bce212dc563f,intent_1da129c9324d63f789852587,a5f9f977d53df485c48f6b6dcc75c11a9b5c0c69a0cd7b113ca6ae4ad698f1e7,2023-12-06T00:15:00Z,2023-12-06T00:16:00Z,validation,sell,taker,0.00119867,0.0181022,0.06621681342599242081073018749,False,59951.91184226226646484957629459402724531,59891.9,71.790623773,0.574324990184,0.07193439496451094342124161704,1678.889508215216,0.01334403
no_drawdown_gate,1,audit_361ca403b113db43db2a1497,trade_e5bd1ae75623703383b6bf2d,intent_362b64134624562884984036,f8400990098e0eb1f136fb8fcf24c40daa7f75808f4a178b0bab83413b121c9b,2024-01-09T00:15:00Z,2024-01-09T00:16:00Z,validation,sell,taker,0.00062745,0.03503096,0.01791129903376898606261432744,False,62909.99857269112807642154254408100720049,62847,39.43335015,0.3154668012,0.03952845443504831155069686928,1718.007391564016,0.01271658
no_drawdown_gate,1,audit_dea859a037e5729fca65f19a,trade_93ae2c0c1e8de6021a22fd26,intent_93b1485c7082c922d20f3422,d94c6074662be841591b54718a3ae5b87896c40971c3d04c5e979998a360b331,2024-02-10T00:15:00Z,2024-02-10T00:16:00Z,validation,sell,taker,0.00009959,0.00151122,0.06590039835364804594963010018,False,63406.6,63343.1,6.308339329,0.050466714632,0.006323965,1724.265264178384,0.01261699
no_drawdown_gate,1,audit_8c373b68a4929d3605f0ef85,trade_1d0ae1bddaf554d2e5f6c4f7,intent_8051b17984601833ffbd58d4,d6084d7a3b5a5d344dea87aff13e333bfc3d1529e76b1d209fddf73d0e290518,2024-02-11T00:15:00Z,2024-02-11T00:18:00Z,validation,sell,taker,0.00013707,0.00562604,0.0243634954603948781025374864,False,64103.00321807168096920747097425542655225,64038.9,8.777812023,0.070222496184,0.008786628101085310449268046442,1732.9728537052,0.01247992
no_drawdown_gate,1,audit_2fc20b8bde6e7a47fbb983e6,trade_4ef36dd502285cc9be83599d,intent_b0174aa16671d28ea2b21152,d52b0c37f0ceef45f339c390ed541b8b45c5982f7524099c77aef3988a610cbd,2024-02-13T00:15:00Z,2024-02-13T00:17:00Z,validation,sell,taker,0.00057737,0.01434217,0.04025680911605426514955547173,False,67212.5,67145.2,38.767624124,0.310140992992,0.038857001,1771.430336836208,0.01190255
no_drawdown_gate,1,audit_74ef22374e905d92d45f5212,trade_225bc4e6cee8f1076acc9ef2,intent_ed36bcad8006a3642838b1c0,3c0b8eeb87d7c5c7beb7c20fbcf85aa0f6b8d0c5f8503a994aff2be286ac1098,2024-02-15T00:15:00Z,2024-02-15T00:17:00Z,validation,sell,taker,0.00051502,0.00532049,0.09679935494663085542872930877,False,70252.3,70182,36.14513364,0.28916106912,0.036205906,1807.286309407088,0.01138753
no_drawdown_gate,1,audit_d169ca8323e6665a9e6d0baf,trade_093d452538b2068e77bfafd8,intent_90e2fa6cf4fbd066a4903552,f382bc950dbdb28100c47c9817ea9545465f645c16c17eb33a2fc0520d466aff,2024-02-19T00:15:00Z,2024-02-19T00:16:00Z,validation,sell,taker,0.00006351,0.04747791,0.001337674720728018566950398617,False,70646.32381282158376390199147350841686165,70575.6,4.482256356,0.035858050848,0.004491669352298784845415478483,1811.73270771224,0.01132402
no_drawdown_gate,1,audit_3e7318d4df7ddaba006d2adf,trade_0e45c16c07058f6dfd04cd28,intent_8c23e38edd2a82ccd9db37ee,db291ae054516a255d715931026a4f4597b6cbbe1fb740f43a91c07ec1dcfa03,2024-02-27T00:15:00Z,2024-02-27T00:16:00Z,validation,sell,taker,0.00046432,0.00484,0.09593388429752066115702479339,False,73666.9,73593.2,34.170794624,0.273366356992,0.034220384,1845.630135979248,0.0108597
no_drawdown_gate,1,audit_e6f753d83a9b60ff6dfc2bb6,trade_9fe39393485e26ce9b567152,intent_7ba48ec04b6a5e291383bf0b,2ff2892240ea9790aa2aa96023de01433c2efd807e4f89173f22de905084426b,2024-02-28T00:15:00Z,2024-02-28T00:16:00Z,validation,sell,taker,0.0004777,0.01059444,0.04508968855361869055844386301,False,77056.47424875689512612275873005085686454,76979.4,36.77305938,0.29418447504,0.03681836863116880174884184534,1882.109010884208,0.010382
no_drawdown_gate,1,audit_b980dc830d9db6227f7811e8,trade_e475246b03f1df3ca0b0b6f7,intent_d6c68ae81efc86473ab484ff,073580f8d78c25128af6b24eb362802c92bcb2cc5ed64621790bb32d8fb0f8ec,2024-02-29T00:15:00Z,2024-02-29T00:16:00Z,validation,sell,taker,0.00011905,0.0011905,0.1,True,83904.6,83820.6,9.97884243,0.07983073944,0.0100002,1892.008022574768,0.01026295
no_drawdown_gate,1,audit_701268516d79d27a43752efd,trade_57bd5440a8c0b4a0ff9ceaa0,intent_17e8e31a284091085979eb72,2b605a3de028302811954c90b069a33078c9073f7552d449da07f00b9eb8a37a,2024-03-01T00:15:00Z,2024-03-01T00:17:00Z,validation,sell,taker,0.00063277,0.07900336,0.008009406182218072750323530544,False,83072.19963615471544501398421535489123501,82989.1,52.513012807,0.420104102456,0.05258295676961929214149879195,1944.100931279312,0.00963018
no_drawdown_gate,1,audit_83108dc2c08f11ff3f755d33,trade_4d806497e81b17d19f6e2a09,intent_3095bd9c3e671a974ada216c,bd5105fa24635ac146b4fb2789abb82470affc6fba86c695d7921caf9b01526e,2024-03-02T00:15:00Z,2024-03-02T00:16:00Z,validation,sell,taker,0.00005507,0.00796297,0.006915761330257429074830119918,False,83550,83466.4,4.596494648,0.036771957184,0.004603852,1948.660653970128,0.00957511
no_drawdown_gate,1,audit_e9d88748f698ec2fb7e26a9d,trade_d21cf8de814d05aedca1f599,intent_93fd5451cdf1d51b4370185a,f51745adb079a343c0e58ec95f656994295115d91379a4942ed59c566d1b132d,2024-03-05T00:15:00Z,2024-03-05T00:17:00Z,validation,sell,taker,0.00093326,0.01063407,0.08776131810304051035962712301,False,92572.82737446716073902090168674834752827,92480.2,86.308071452,0.690464571616,0.08644542349522243129864670818,2034.278260850512,0.00864185
no_drawdown_gate,1,audit_0937381945118f8dfcab2b8c,trade_23cc283b34150364ed1dbdad,intent_2fd5a0963a72e723f0c3f5b7,b29a8f4e2cf12d0b239dc3da7dbcbce36b35bb873a9a36213f82c7e97c507c51,2024-03-12T00:15:00Z,2024-03-12T00:16:00Z,validation,sell,taker,0.00041608,0.00757427,0.05493334671196036053639492651,False,97255.35892303812776676828261997525834173,97158.1,40.425542248,0.323404337984,0.04046749269770420119694703252,2074.380398760528,0.00822577
no_drawdown_gate,1,audit_065c9261612ba7cb7c583ae2,trade_53c42a4e576ee8e8a3af89a2,intent_e49964d6008faf4e6b2e5606,df9d42d51ddd75d4bb3a55cf642ab31649272d8689b737ba0809247a973ed8f0,2024-03-14T00:15:00Z,2024-03-14T00:17:00Z,validation,sell,taker,0.00009245,0.00168,0.0550297619047619047619047619,False,98360.9,98262.5,9.084368125,0.072674945,0.00909708,2083.392091940528,0.00813332
no_drawdown_gate,1,audit_3dc4d6b069bad3276c398455,trade_25e60a4c1832fc060f2ef012,intent_1937d31cc761c3ee9fbf1b68,032996b2f714c65e8627f0e91a068cec1eaba5f1a64f88a101a620776ea8d99d,2024-05-02T00:15:00Z,2024-05-02T00:16:00Z,validation,buy,taker,0.00033192,0.00331925,0.09999849363561045416886344807,True,79878.70113549747683964751073284627551405,79958.6,26.539858512,0.212318868096,0.02652003110567748738419823755,2056.639914560432,0.00846524
no_drawdown_gate,1,audit_2b67dfdb9928c2d18030a5e0,trade_6b3836994995f61c808a65d3,intent_675a42681de7ee7ec9eed8c1,cc20ba69eecd15407d938b2b70af4e95e06d3a02db52f3d7c67490fed5da64b0,2024-05-21T00:15:00Z,2024-05-21T00:16:00Z,validation,sell,taker,0.00006393,0.00063936,0.09999061561561561561561561562,True,96662.2,96565.5,6.173432415,0.04938745932,0.006182031,2062.763959516112,0.00840131
no_drawdown_gate,1,audit_47e8bc93bd43d77f31c5b840,trade_6d92c720ec681a528aaa9de7,intent_a2ccea61b87f94de26f2b032,5d0c4125543b927d83f2a24d835fded6b61b49413bae4a15e8ced5e7f28785b7,2024-06-05T00:15:00Z,2024-06-05T00:16:00Z,validation,sell,taker,0.00006646,0.00304121,0.02185314397887682863070948734,False,95982.54131085982224180507100792118926348,95886.5,6.37261679,0.05098093432,0.006382905519743786190365019186,2069.085595371792,0.00833485
no_drawdown_gate,1,audit_62950d32e2fb714ffeea2069,trade_420fcf147752f4bc9917799c,intent_5e82ad47ae0197c8d24c6ff1,5ea4f8d1e15c50a7b22053f670d7440f702caed6fb7b77506a16c2352ddf77a6,2024-06-06T00:15:00Z,2024-06-06T00:17:00Z,validation,sell,taker,0.00010304,0.00498223,0.02068150205831525240705467231,False,97184,97086.8,10.003823872,0.080030590976,0.010015488,2079.009388652816,0.00823181
no_drawdown_gate,1,audit_13cfd012260d72ef5f22e361,trade_f82c7aadb01205898449834a,intent_c57649d9ea5ebf12185910dc,7406d019bf3341f828e49e51dc07990773e7238cb91f47604167e6ed75bd3cd4,2024-06-10T00:15:00Z,2024-06-10T00:16:00Z,validation,sell,taker,0.00285876,0.02858761,0.09999996501981103002314639104,True,95375.76751802616588095332208603657318678,95280.3,272.383510428,2.179068083424,0.2729187218324819738341190467,2349.213830997392,0.00537305
no_drawdown_gate,1,audit_2095f18d4c13cc5664dcb564,trade_330c5d12bc1ba399472134ac,intent_f735ffab3ae57a9a488240d7,798cea2407b2f6817926fc5384a9d931edc71ddabc21da8597a4fc058fb06ab9,2024-06-11T00:15:00Z,2024-06-11T00:19:00Z,validation,sell,taker,0.00101519,0.01015197,0.0999993104786558667923565574,True,95620,95524.3,96.975314117,0.775802512936,0.097153683,2445.413342601456,0.00435786
no_drawdown_gate,1,audit_f0685a85a1c82cc68193db98,trade_6b652b8b0d20c9fd61d125c6,intent_2a2a8cb6aa0235e49d0ca06c,0926650bdd506b72a20ced0c86d4f5689f825800953594e2630e4dd7609f7302,2024-06-12T00:15:00Z,2024-06-12T00:17:00Z,validation,sell,taker,0.00083429,0.00834291,0.09999988013774570263852780385,True,92790.37763741907799556749383608357275819,92697.5,77.336597275,0.6186927782,0.0774868841223625809220044325,2522.131247098256,0.00352357
no_drawdown_gate,1,audit_23ce52785df9945e7f29c5ce,trade_d26e0b10d0cd80883da154f3,intent_057179b7ea1d3b7a3535c3de,657823ecaf8da654f66e309363ee8ca5654fb6fe6a378758090f462689be5c2b,2024-06-13T00:15:00Z,2024-06-13T00:19:00Z,validation,sell,taker,0.00098926,0.00989268,0.09999919132125975974154627462,True,93399.9,93306.5,92.30438819,0.73843510552,0.092396884,2613.697200182736,0.00253431
no_drawdown_gate,1,audit_3a720747417fa75303d430ad,trade_81080bb276e0ae0008ce1b52,intent_a19b348c69855ec2a90f3333,bb3fa33482ed0786fef5e21f2585f0656bb83640045ef9c920b1e449cd20d152,2024-06-14T00:15:00Z,2024-06-14T00:16:00Z,validation,sell,taker,0.00033456,0.00334561,0.09999970110084558570783803253,True,91817.32305349398166552586822731878491516,91725.5,30.68768328,0.24550146624,0.03072032077694650601833447413,2644.139381996496,0.00219975
no_drawdown_gate,1,audit_badbf174903cad7e9a76297c,trade_74b5eedbf2ac367323d4d7c4,intent_de3b3afe587e648171c7077a,eb10b352da1379eb62ba9b41f2b2565772c9b24eeafe76fbe2c937c2a91953fb,2024-06-15T00:15:00Z,2024-06-15T00:20:00Z,validation,buy,taker,0.00213643,0.02136435,0.0999997659652645645666729856,True,90875.80494857086688806352638858659402228,90966.7,194.343986881,1.554751895048,0.1941909147247428543344403176,2448.240643220448,0.00433618
no_drawdown_gate,1,audit_88f0f3c6c03b56ab01f266a6,trade_08a89744657c357e1f47781f,intent_5df74590db4c08cf76fe3081,b36a444ba937b750239301f48b2bcb2a1bf3f0eb5e400aea09f5cfb658f06e1f,2024-06-17T00:15:00Z,2024-06-17T00:17:00Z,validation,buy,taker,0.0008744,0.008744,0.1,True,91440,91531.5,80.0351436,0.6402811488,0.0800076,2367.565218471648,0.00521058
no_drawdown_gate,1,audit_f0932e7f0f20639e4b80fdba,trade_6517adc65e8156c23b5e44a0,intent_8305c858d9c34397528de357,af600178dd8d9d4614d9180ce0ebfd3c9cba66c0693213d86295b41593fc258c,2024-06-18T00:15:00Z,2024-06-18T00:20:00Z,validation,buy,taker,0.00357512,0.05344074,0.06689877423104545333765962073,False,91057.01169501021131069667074220903378209,91148.1,325.865395272,2.606923162176,0.3256516209350933389021184961,2039.092900037472,0.0087857
no_drawdown_gate,1,audit_b16bad0cd96ebdd2e5acf88c,trade_3886f9c22189aa2ca687137f,intent_1341fcdd2f802afad4a2485f,0f40425cf3d8567b868b1a7b81b896c4238192c415ab2632641025859d2672f0,2024-06-19T00:15:00Z,2024-06-19T00:17:00Z,validation,sell,taker,0.0087857,0.92959666,0.009451088174090470591837109225,False,89185.6586029891716693560409306978361992,89096.4,782.77424148,6.26219393184,0.7841993082819655354613688049,2815.604947585632,0
no_drawdown_gate,1,audit_27b7d2cb85acecc071d5de6d,trade_f3968b6224d637868fb7fc7a,intent_772ec218b003873d5ab998c5,f23b02384b3da4aa45149e75c383a9965d4363afca62cc35d85663fbb9223575,2024-06-20T00:15:00Z,2024-06-20T00:16:00Z,validation,buy,taker,0.00054667,0.00546677,0.09999871953639900709193911579,True,89168.77394439495351002511537891661803954,89258,48.79467086,0.39035736688,0.04877720781761076467457017581,2766.419919358752,0.00054667
no_drawdown_gate,1,audit_a69bfcb19d8ccb5e07f2cb71,trade_fbb4f05c5b527979624fb23c,intent_20e0a02cf52d28370d7bcf88,e48e4914e35ddeef7d1d578745db33d8524c6bd5eec11b2fa202c05cdf26be35,2024-06-21T00:15:00Z,2024-06-21T00:17:00Z,validation,buy,taker,0.00010173,0.00101739,0.09999115383481260873411376168,True,88673.6,88762.3,9.029788779,0.072238310232,0.009023451,2757.31789226952,0.0006484
no_drawdown_gate,1,audit_f7f5c5792d78f5bf67ec9431,trade_2d38a567b784205e20c9d808,intent_b12a8e65f8e2f8f5cfb10f27,e8e81166f53b70dec8f05c2f8308cd2de9e51a3046e72565acf59ceb5fe02a96,2024-06-22T00:15:00Z,2024-06-22T00:16:00Z,validation,buy,taker,0.0001413,0.00141303,0.09999787690282584233880384705,True,87854.13441894368838595075829954070331132,87942,12.4262046,0.0994096368,0.01241540660325683106515785227,2744.79227803272,0.0007897
no_drawdown_gate,1,audit_a9dde2b98af00c84135dfc27,trade_d6363940240586daaab0fad5,intent_7a2c2a179b597ba4d5d94176,e460bc2e5783da253104409f7c9e75ef584795c8c7b89ddd68e30731bec31e96,2024-06-23T00:15:00Z,2024-06-23T00:18:00Z,validation,sell,taker,0.00014561,0.00145613,0.09999793974439095410437254915,True,88019.8,87931.7,12.803734837,0.102429878696,0.012828241,2757.493582991024,0.00064409
no_drawdown_gate,1,audit_232e6d4445152ad2c6e29938,trade_4a3067d8c60c985e5288ef13,intent_936f51dc4a860b53a6eaf44f,6f3205f3b0cfe53b85be2f44132973317ebe8d1262ece93112cb578ccc7ee5e7,2024-06-24T00:15:00Z,2024-06-24T00:17:00Z,validation,sell,taker,0.00064409,0.00675633,0.09533134112750561325453315631,False,86303.46689238092277908272686502879521871,86217.1,55.531571939,0.444252575512,0.0556280517136285527793935465,2812.580902354512,0
no_drawdown_gate,1,audit_65e0db80a1cd1e63eae47031,trade_a5a73c5b0ee60acd4b3b3b2f,intent_88e3e8688029c169240a820b,9bb5b854cd6725959d37c3e5aef5e1e0ef7fb4da39a944e2ea8dbd244309554c,2024-07-16T00:15:00Z,2024-07-16T00:16:00Z,validation,buy,taker,0.00014096,0.00140963,0.09999787178195696743116988146,True,88675.4,88764.1,12.512187536,0.100097500288,0.012503152,2799.968617318224,0.00014096
no_drawdown_gate,1,audit_7a68727dfd99b8037c97c235,trade_e265775ac6c32947d57920c1,intent_a05584b60bac3154736ab81d,dee189185c007485cef9907a47f8851044888269c05b0dc4311c7d2e97626721,2024-07-17T00:15:00Z,2024-07-17T00:16:00Z,validation,buy,taker,0.00044783,0.00447838,0.09999821363975366092202984115,True,89352.27043573792308825959387099799481062,89441.7,40.054676511,0.320437412088,0.04004924176348590338470607675,2759.593503395136,0.00058879
no_drawdown_gate,1,audit_ba1b190e3f890e7dc5f5b4d9,trade_e0a0a91c354399e0d290dd00,intent_4621d856d1199ce67bbb3b54,1fa3942aab75e1f7d18303e9d1c933aa2d10224e87b24ebc4a63613ec0786ac9,2024-07-18T00:15:00Z,2024-07-18T00:16:00Z,opened_v1_holdout,buy,taker,0.00854335,0.14439737,0.05916555128393266442456673553,False,87602.6,87690.3,749.168924505,5.99335139604,0.749251795,2004.431227494096,0.00913214
no_drawdown_gate,1,audit_c8eba14deca5ab3de5b989c9,trade_ed40e9921fea1d26d7164add,intent_3bcf3e96336a4a066c3965dd,284c8a07945e0c53ef1c38ac90504b0f61c2021f379029e71fda3e43c5ae967d,2024-07-20T00:15:00Z,2024-07-20T00:16:00Z,opened_v1_holdout,sell,taker,0.00033861,0.00338613,0.09999911403283394317406596912,True,91789.7257045653888066908240380611494538,91697.9,31.049825919,0.248398607352,0.03109310182288630383357992753,2035.232654805744,0.00879353
no_drawdown_gate,1,audit_9c767516d382acfb7f83c1b0,trade_3d51a505b4f24bf7587d04cd,intent_ed0d8f80394d97f9dde93554,bd97a469e240c4f62ed727c285acb9406f750f82090ea3cf2df3d3faa2bbc200,2024-07-23T00:15:00Z,2024-07-23T00:18:00Z,opened_v1_holdout,sell,taker,0.00017807,0.0450716,0.003950824909699234107508941329,False,92856.4,92763.5,16.518396445,0.13214717156,0.016542703,2051.618904079184,0.00861546
no_drawdown_gate,1,audit_fdc66dbb175133c379f38ab4,trade_c1b092c3dd067eb1a73e7c72,intent_ba070d1fb7795f274978c16b,bf0361a41f66a6f135bbdb2d544ae35257d3ace148301433f8a58f14194b0a90,2024-07-28T00:15:00Z,2024-07-28T00:18:00Z,opened_v1_holdout,sell,taker,0.00005392,0.00577389,0.009338591486848554440766969928,False,93441.18617361951821042659281697434485243,93347.7,5.033307984,0.040266463872,0.005040774481564421906201884691,2056.611945599312,0.00856154
no_drawdown_gate,1,audit_6bb91f0d25aeb0af4e27d7b5,trade_ce5b212c96eeb1cce3aa4039,intent_4f0b8a6db52ae11cb573b9e6,5842d0a5af733c759851754d2f7452076b5ae64a269e2e4debaf8174fcd01e56,2024-08-03T00:15:00Z,2024-08-03T00:16:00Z,opened_v1_holdout,sell,taker,0.00033926,0.00339261,0.09999970524168707867983646809,True,85638.3,85552.6,29.024575076,0.232196600608,0.029074582,2085.404324074704,0.00822228
no_drawdown_gate,1,audit_a1039aa45025eba82286e811,trade_948487ac0b0f3916bc55cd3f,intent_239301adda67d1728a3a6902,cabb8ebbd2f533b21cc30a93d72c9e8790dd8d26f5343ca976f52f8b7b2a9453,2024-08-04T00:15:00Z,2024-08-04T00:16:00Z,opened_v1_holdout,sell,taker,0.0035458,0.03545806,0.09999983078600464887249894664,True,84290.99461459538395501615147585626511998,84206.7,298.58011686,2.38864093488,0.2988918444323124276962699031,2381.595799999824,0.00467648
no_drawdown_gate,1,audit_ab394422813e41621beba01e,trade_fc54d4fe7d81071fc43bcb79,intent_cd281e3dbfd59424b6f3c340,3ab4eccdfcc845c6c9b1f9d8365990a9138c4c1cee8ef89f6168ee909f08c75e,2024-08-05T00:15:00Z,2024-08-05T00:16:00Z,opened_v1_holdout,sell,taker,0.00467648,0.0856428,0.05460447346420247820015226032,False,80053.05547651407940889368399912193435992,79973,373.99213504,2.99193708032,0.3743778348085620741031353482,2752.595997959504,0
no_drawdown_gate,1,audit_a3e20c9aa3fef6e5e3a8b806,trade_8b0a54ab64373c172d5161b2,intent_470cb6f9b1335819f36ae350,ca4aff391a81413526fb10881fccb0ea7dff5a03e66c8188d2dfe28244b33f68,2024-08-09T00:15:00Z,2024-08-09T00:16:00Z,opened_v1_holdout,buy,taker,0.00122819,0.01228194,0.09999967431855228082859873929,True,84579.4,84664,103.98347816,0.83186782528,0.103904874,2647.780651974224,0.00122819
no_drawdown_gate,1,audit_831856255762d338de75ef10,trade_3289696c420b3f51d3c7fdf2,intent_f0a9a604db0f5710a570b748,0889f8368c38089f6758011356ea8c569ba86d3e56667f9bcf6fdc58a6a1958f,2024-08-10T00:15:00Z,2024-08-10T00:16:00Z,opened_v1_holdout,sell,taker,0.00122819,0.0282574,0.04346436685611556618797200025,False,83866.98961334022238422501716364562910954,83783.1,102.901565589,0.823212524712,0.1030323842083277300813238302,2749.859005038512,0
no_drawdown_gate,1,audit_7de7d7988723779719903060,trade_6a9884eef9772162b995b125,intent_c5b40b0f7ba794fae63c9056,7071bbe2dcd3929898fc56a947046b9253dfc2608306977688fbaa7b47dfa6b5,2024-09-27T00:15:00Z,2024-09-27T00:18:00Z,opened_v1_holdout,buy,taker,0.00016846,0.00168461,0.09999940639079668291177186411,True,87937.63362855497711636521212624880536148,88025.6,14.828792576,0.118630340608,0.01481881493362855497711636521,2734.911582121904,0.00016846
no_drawdown_gate,1,audit_d8b5de4ac915570be0397e83,trade_f79c4289c653a19dfe1d5af2,intent_91609491d68db8077bebd890,ebfe864ad11ee77c148fc039017c229cf77be7cd5ab56bf1180498d4b8e063cb,2024-09-28T00:15:00Z,2024-09-28T00:18:00Z,opened_v1_holdout,buy,taker,0.00010836,0.00108369,0.09999169504194003820280707582,True,89302.04018123264033072188541003423488267,89391.4,9.686452104,0.077491616832,0.009683029961631093762976496969,2725.147638401072,0.00027682
no_drawdown_gate,1,audit_b0a803b2068d6a417c6df5a3,trade_8a96dc1d2ce6f0d82ca28b27,intent_ccab62de0a6695439eb5ef3f,b0aa4cb19d18d89159d3698a287cbd9e4e37a64b772ddb4777c0eda0f865a3ce,2024-09-30T00:15:00Z,2024-09-30T00:16:00Z,opened_v1_holdout,buy,taker,0.00008113,0.0008113,0.1,True,88611.6,88700.3,7.196255339,0.057570042712,0.007196231,2717.89381301936,0.00035795
no_drawdown_gate,1,audit_49d8df4a94ae51b174b74f56,trade_a8c5c42da8925cdc972d359c,intent_6c43f04c08b97abe5c6fa19f,086848eff4c0d84b5ac7fe0cc97ea2da87f0cf3cb6e3ab920b4780f05885c8a6,2024-10-02T00:15:00Z,2024-10-02T00:16:00Z,opened_v1_holdout,sell,taker,0.00012999,0.00129993,0.09999769218342526136022708915,True,82143.4,82061.2,10.667135388,0.085337083104,0.010685178,2728.475611324256,0.00022796
no_drawdown_gate,1,audit_b7787b8c03f9a04f7c101449,trade_9d806e6b5d5a5da785515eb3,intent_71613f6ee83a737ad69088a8,e418215e12f9dadb643b155dfee2715312fb52f88552ea61d839d14dc6fa9446,2024-10-05T00:15:00Z,2024-10-05T00:16:00Z,opened_v1_holdout,sell,taker,0.00022796,0.00571969,0.03985530684355271002449433448,False,84448.2,84363.7,19.231549052,0.153852392416,0.01926262,2747.55330798384,0
no_drawdown_gate,1,audit_76dcf3787ba27855a5036681,trade_7c080b5ee84421c9d8f4cc9a,intent_ee5fc2420cb94c0254355457,feab8c5e6a41b7d45a1c8daec4cfbd5d99e78de11ea83246f89bacc178e49d49,2024-10-13T00:15:00Z,2024-10-13T00:17:00Z,opened_v1_holdout,buy,taker,0.00479679,0.0479679,0.1,True,86923.3,87010.3,417.370136937,3.338961095496,0.41732073,2326.844209951344,0.00479679
no_drawdown_gate,1,audit_59d203ef8c0e421e2385d950,trade_67ccc6322a7fd2d69eae6770,intent_0313c64b982f6099157a525a,cbdc70ec7cb4587edfd7c148a48a39a4bdf62bf64ebc02d400c31415ce54ca4e,2024-10-14T00:15:00Z,2024-10-14T00:18:00Z,opened_v1_holdout,sell,taker,0.00113495,0.01134952,0.09999982378109382599440328754,True,86253.16164375233490050680557415644009615,86166.9,97.795123155,0.78236098524,0.09790265257671249533019898639,2423.856972121104,0.00366184
no_drawdown_gate,1,audit_9d1fbfd38e37477305aaac06,trade_26e15e77ec38374c64da6054,intent_3f425b275f1b455910143509,932d5e593a9f1cad1badadb92557ebe6566a532ce4043a085598ddc0950dfb57,2024-10-15T00:15:00Z,2024-10-15T00:16:00Z,opened_v1_holdout,buy,taker,0.00005367,0.00053676,0.09998882181980773530069304717,True,90218.3,90308.6,4.846862562,0.038774900496,0.004846401,2418.971334658608,0.00371551
no_drawdown_gate,1,audit_ef313535e9de9618f957a0d1,trade_6398f23c93466ecfe622c9cf,intent_749d4ffc4883b8f5595bd1c3,c00278a3c0351fd7c17c7aaf413f02c02ff48ba8c1ec4551031a6bf6ac981663,2024-10-16T00:15:00Z,2024-10-16T00:16:00Z,opened_v1_holdout,buy,taker,0.00032878,0.00328787,0.0999978709620514193079410074,True,91895.8,91987.7,30.243716006,0.241949728048,0.030214882,2388.48566892456,0.00404429
no_drawdown_gate,1,audit_25cfdcb593c70ad554c549bc,trade_b0630eb02646e1f77bc4875e,intent_f0cdb522e896f0ace9652991,bcb7ca55fa79d6af6b6ed965fe55a46da6535c3f1df4ba64efaad2bf99710320,2024-10-17T00:15:00Z,2024-10-17T00:17:00Z,opened_v1_holdout,buy,taker,0.00343012,0.03430125,0.09999985423271746656462956889,True,92810.21056888597354323822018148026675413,92903.1,318.668781372,2.549350250976,0.3186218954528444298677161911,2067.267537301584,0.00747441
no_drawdown_gate,1,audit_b11c3e509a785d6eb4098a9a,trade_d9726431dc2d6072af940425,intent_d1d57da994abff68c47ddf6f,43f1c5466782b355bf8f75af7f4a8d536b1cf4fb8400a046308fa67fba3247d3,2024-10-26T00:15:00Z,2024-10-26T00:16:00Z,opened_v1_holdout,sell,taker,0.00161854,0.01618542,0.09999987643199867535102579976,True,92214.5,92122.2,149.103465588,1.192827724704,0.149391242,2215.17817516488,0.00585587
no_drawdown_gate,1,audit_ba145a0b11dc860b0805cc6a,trade_b2fe013535d7313d821fe34c,intent_5d66b319141e8c5513521156,717345e3248603505af8c0db5707cf7eec982ad75c3e0b3de46203ab1b57b267,2024-10-30T00:15:00Z,2024-10-30T00:17:00Z,opened_v1_holdout,buy,taker,0.00011383,0.00113836,0.09999472925963667029762113918,True,100728.3672107241997259215011068554762992,100829.1,11.477376453,0.091819011624,0.011466413403264345198355529,2203.608979700256,0.0059697
no_drawdown_gate,1,audit_024eeb684c1954b6d63fa940,trade_be9b6eded5a0114d5c091ae0,intent_39e4fce38ec231b1e74dbcba,2a857a0c49ef5d9a751a594302bf816be966d0e086c5bfae949c276a6d1fc43f,2024-11-01T00:15:00Z,2024-11-01T00:18:00Z,opened_v1_holdout,buy,taker,0.0019104,0.01910405,0.09999973827539186716952688043,True,97890.30038661959113381717489223489260131,97988.2,187.19665728,1.49757325824,0.1870274214019330979556690859,2014.914749162016,0.0078801
no_drawdown_gate,1,audit_97c35ecde3b5fc4c68729b52,trade_342d8c660ba02ff6c8bec755,intent_fc87b119bb16da58d946be12,483b171d81a9df50d48c5b8c0bdfc95d00d113a1b72fce6bdf5d1a9afc93ee25,2024-11-07T00:15:00Z,2024-11-07T00:16:00Z,opened_v1_holdout,sell,taker,0.00023068,0.01180904,0.01953418736832121832087959733,False,104583.0992186494414448591926185363077778,104478.5,24.10110038,0.19280880304,0.02412894775805315250011855324,2038.823040738976,0.00764942
no_drawdown_gate,1,audit_edf8a782031534d49686db20,trade_a507c7aef5305d0d5a353233,intent_de3db52389b16fdbc0dd56e8,b4c511fa3cd940f2e6c1143cb15f39e19aef56616610e8c932e45fce87c028aa,2024-11-09T00:15:00Z,2024-11-09T00:16:00Z,opened_v1_holdout,sell,taker,0.00011783,0.02,0.0058915,False,106219.319173,106113,12.50329479,0.10002635832,0.01252758815459,2051.226309170656,0.00753159
no_drawdown_gate,1,audit_0b26b4eb949a81cd40629d07,trade_807f1220ce5a09059879965a,intent_0d3f9ca27c49ee5a0f834e20,59e175e4f628ba88ae0e0d465858eb2c5f6e373662f1f0d64ec568ec2a2fa8b4,2024-11-11T00:15:00Z,2024-11-11T00:16:00Z,opened_v1_holdout,sell,taker,0.00034373,0.00447004,0.07689640361160079104437544183,False,111298.9,111187.6,38.218513748,0.305748109984,0.038257149,2089.139074808672,0.00718786
no_drawdown_gate,1,audit_9c23f81f99a34d77c97e74fe,trade_d8244e6af20bc4163138161c,intent_6bd0399e38b906923debae84,22040b22a3ccca070598079fac323b0971b9b6fa859b3905130e34b7cac048bd,2024-11-12T00:15:00Z,2024-11-12T00:16:00Z,opened_v1_holdout,sell,taker,0.00044163,0.01127535,0.03916774202131197701180007716,False,118584.8949464096458203071301556049257894,118466.3,52.318272069,0.418546176552,0.05237508618289188362223789062,2141.03880070112,0.00674623
no_drawdown_gate,1,audit_7f7c63ce2b5de1e12975dbe7,trade_4a6bcd7b398c1fb5a054e2bc,intent_805906b9e5103fbe7470a53f,10dec770219009c545d2c89514d69f673f761ccfd677ac532428e1d9cb223ee6,2024-11-14T00:15:00Z,2024-11-14T00:16:00Z,opened_v1_holdout,sell,taker,0.00037088,0.00377205,0.09832319295873596585411115971,False,125483.4,125357.9,46.492737952,0.371941903616,0.04654544,2187.159596749504,0.00637535
no_drawdown_gate,1,audit_1c8a0eefcbe86c708137572c,trade_a505dfd8314b76c143581a0d,intent_99bfb2fd46269833dfe0d590,7f983172c77b2049fc64203720ad3d2edfc27100cf6143b4f6cee47a0691ce3e,2024-11-16T00:15:00Z,2024-11-16T00:16:00Z,opened_v1_holdout,sell,taker,0.00007552,0.004618,0.01635339974014724989172802079,False,126987.7483607622347336509311390212213079,126860.7,9.580520064,0.076644160512,0.009594692204763967085318319617,2196.663472652992,0.00629983
no_drawdown_gate,1,audit_7efcce0e4c96b4aa9cfa5294,trade_8901b1d4fd73ed7511805cc2,intent_8e8f83f6bfc2678e4158bf70,786269b12fcec240a51faca42c51bba23944451da1ada77d2304391698f6b545,2024-11-20T00:15:00Z,2024-11-20T00:16:00Z,opened_v1_holdout,sell,taker,0.00010292,0.00154148,0.06676700313983963463684251499,False,129096.6,128967.5,13.2733351,0.1061866808,0.013286972,2209.830621072192,0.00619691
no_drawdown_gate,1,audit_63c7f8a30172a7495603be52,trade_c444c26ef59f570d182ac060,intent_ecd0f67f8970278bbee39600,8b6fd8d1dd8eacf4f7973c52f4ba6f6786eac0956736da10d0ac8b82c01ae767,2024-11-21T00:15:00Z,2024-11-21T00:18:00Z,opened_v1_holdout,sell,taker,0.00013354,0.0016038,0.08326474622770919067215363512,False,131939.8289038533482977927422371866816311,131807.8,17.601613612,0.140812908896,0.01763113982057613168724279836,2227.291421775296,0.00606337
no_drawdown_gate,1,audit_26ed9bd13f33e8a418ef393f,trade_c7efed583ff3ab6f9de2cdd2,intent_447e86fd5022b8a7b744712e,c9fff1ab37383f3e67de33babc189d43e93d1ccbe0f10764e5aa8e5f0c5719aa,2024-11-22T00:15:00Z,2024-11-22T00:16:00Z,opened_v1_holdout,sell,taker,0.00019916,0.00711651,0.02798562778665385139626024554,False,136420.9,136284.4,27.142401104,0.217139208832,0.02718534,2254.216683670464,0.00586421
no_drawdown_gate,1,audit_34b9c91083e782ce52ba2736,trade_e8af615249d692c793ffd633,intent_e0d41ff0eedbede6f22938f6,452ab8b639b3b4647ee911d84382185d4b2116aef8c5981d4cd84a2568273492,2024-12-05T00:15:00Z,2024-12-05T00:17:00Z,opened_v1_holdout,sell,taker,0.00009699,0.01159318,0.008366125601431186266408353877,False,138715.0273212354159945761214783174245548,138576.3,13.440515337,0.107524122696,0.01345516288662299731393802218,2267.549674884768,0.00576722
no_drawdown_gate,1,audit_5ce3b7072748ff9ccb8e1761,trade_0ea483647141180a429212eb,intent_62871a570b634d08621cb3ca,f424238810245fe3bc94c412b6af78211aff8cce2a92bd54e2b659d3ba36010e,2024-12-07T00:15:00Z,2024-12-07T00:17:00Z,opened_v1_holdout,sell,taker,0.0001134,0.0015625,0.072576,False,141497.3,141355.8,16.02974772,0.12823798176,0.0160461,2283.451184623008,0.00565382
no_drawdown_gate,1,audit_b6a0b013e71ac7ddcdce76d2,trade_abbb03870df744c2b791c239,intent_358ede6f249510a07027abc3,582e9090d836f02f6df0d3e49e119460d06448048486bf27a81327765d942022,2024-12-15T00:15:00Z,2024-12-15T00:18:00Z,opened_v1_holdout,sell,taker,0.00011657,0.00184084,0.06332435192629451772017122618,False,144476.2616609808565654809760761391538645,144331.7,16.824746269,0.134597970152,0.01685155282053844983811738119,2300.141332921856,0.00553725
no_drawdown_gate,1,audit_e197d03453d7bb46b91eff7c,trade_835ccc42f72017e7fa0f9814,intent_b0ee8d430e9b0aed26c3c46e,95ae21782369ca969b9f42cfa5a823cc21652f441aab105b8e2fc8b5af5542af,2024-12-17T00:15:00Z,2024-12-17T00:17:00Z,opened_v1_holdout,sell,taker,0.00020746,0.01314296,0.0157848764661841776890441727,False,150100,149949.9,31.108606254,0.248868850032,0.031139746,2331.001070325824,0.00532979
no_drawdown_gate,1,audit_d85662a7589c654d113912df,trade_efbf15fafa4fd851f8be0db5,intent_74c8e626ba13d16993459106,e665655a3260ad06ee05b248dcb5496c887bb32e2a64adc75556cf9b9cb1dd3a,2025-01-22T00:15:00Z,2025-01-22T00:16:00Z,opened_v1_holdout,sell,taker,0.00005204,0.00772349,0.006737886628972135653700593902,False,151579.9733739540026594195111277414743853,151428.3,7.880328732,0.063042629856,0.007893082380566298396191359086,2338.818356427968,0.00527775
no_drawdown_gate,1,audit_a4ba8b9f9508163851cbc6aa,trade_0fc9d522146f9a5df33467ec,intent_4ac1f1fa4676e7581323d88a,5e4bef7acd6c73e32f17afcdcb4bea8c191a5f9300ec2531eeaff5e9527534d4,2025-02-27T00:15:00Z,2025-02-27T00:16:00Z,opened_v1_holdout,sell,taker,0.00027938,0.00279382,0.09999928413426777673579543421,True,121042.2858523455340716295251662598163089,120921.2,33.782964856,0.270263718848,0.03382896542829530893185674096,2372.33105756512,0.00499837
no_drawdown_gate,1,audit_2ebed28a544e200014e9cd62,trade_b24590404b29842b26c55f11,intent_02b9a581f01e916ed681c8ef,4bc647f60845e5576012440f7121e628a8c399ea14a5a05013982db7b4aaed91,2025-02-28T00:15:00Z,2025-02-28T00:17:00Z,opened_v1_holdout,sell,taker,0.00017446,0.00174463,0.09999828043768592767520907012,True,121978.6750577486343809289075620618698521,121856.6,21.259102436,0.170072819488,0.02129721457482675409685721328,2393.420087181632,0.00482391
no_drawdown_gate,1,audit_5a31041405d64944cb15282a,trade_34018d086cd6e02b322924a6,intent_9cb222d58f77cc07565f0943,0d436994ae7b0a9a8bdae26cc63427bf9d95c33de73b62a5cdb18133a224e5e2,2025-03-01T00:15:00Z,2025-03-01T00:16:00Z,opened_v1_holdout,sell,taker,0.00028042,0.00280421,0.09999964339332646271142318157,True,122331.2790607693432374893463756280735038,122208.9,34.269819738,0.274158557904,0.03431753622093923065676251065,2427.415748361728,0.00454349
no_drawdown_gate,1,audit_1e39f2e652af9fabe6937b78,trade_e049a5d43aed17e5ca9ee41c,intent_8af0bc7dc43c5828fe6ea290,fb25f2f39243ffdd76a472670bba967e0e4ff09a25afbf2acca4bdfbafb14337,2025-03-03T00:15:00Z,2025-03-03T00:18:00Z,opened_v1_holdout,buy,taker,0.00135407,0.03429968,0.03947762777961776902874895626,False,135649.1764046486731071543524604311177247,135784.9,183.862259543,1.470898076344,0.1837792487573712057955059639,2242.082590742384,0.00589756
no_drawdown_gate,1,audit_f739050856f7550064ac523d,trade_8174e90c4eaaedb37060dc50,intent_4b978d90f8bb228fe5052560,1a5f438d06fb2e9010899768b869af72dc418a2f620a9f8745d7b729b39e7e1f,2025-03-04T00:15:00Z,2025-03-04T00:17:00Z,opened_v1_holdout,sell,taker,0.00039852,0.00398525,0.0999987453735650210149927859,True,124837.8,124712.9,49.700584908,0.397604679264,0.049775148,2291.38557097112,0.00549904
no_drawdown_gate,1,audit_e75f7219856e9adfbb187d1a,trade_842081bb7d0cb467de24b2a7,intent_7382cf19b6ba5f9248fec21d,ad0f6a9a06311802b6792e06cf074585bb926a66b12387a0a80650f0d7ea302b,2025-03-05T00:15:00Z,2025-03-05T00:18:00Z,opened_v1_holdout,sell,taker,0.00031776,0.0031776,0.1,True,124903.1,124778.1,39.649489056,0.317195912448,0.03972,2330.717864114672,0.00518128
no_drawdown_gate,1,audit_5b8ec52389c90b3ff0377f1f,trade_a749ba02955b2f87112bfee7,intent_1120b9bc77d4127444e7afe0,0fbd5f16a564dcf70f5d3051bd7e7857c273ea4a5240ce2600d4f09204a559bd,2025-03-06T00:15:00Z,2025-03-06T00:18:00Z,opened_v1_holdout,sell,taker,0.00048101,0.00481013,0.0999993763162326174136665745,True,130165.7126557910077274418778702446711419,130035.5,62.548375855,0.50038700684,0.06263358956203262697681767434,2392.765852962832,0.00470027
no_drawdown_gate,1,audit_9036ecef0c3b993ab9390642,trade_d7016731cdaa1a61049c1e9c,intent_de80792e341a7ad33b61f93b,6ca4dc18b593bc1ec9516bc6625b1c29c17615aa2628d506a69777485caf654d,2025-03-07T00:15:00Z,2025-03-07T00:16:00Z,opened_v1_holdout,sell,taker,0.00219755,0.02197553,0.09999986348452119243540428832,True,127696.4153398803123292134478667863755732,127568.7,280.338596685,2.24270877348,0.2806608451539803590630123597,2670.861740874352,0.00250272
no_drawdown_gate,1,audit_49772837fc3c9f327032f3d9,trade_bc1ff3385d658ac7f2a011f3,intent_4721eed3cb6cae193ca0a64c,160ac49d0973da8b898b936b37c56819ae61bcf57a0603874683c4094983d0a2,2025-03-10T00:15:00Z,2025-03-10T00:16:00Z,opened_v1_holdout,sell,taker,0.00176203,0.01762036,0.09999965948482323857174314259,True,116366.4982873789184783965821356657866241,116250.1,204.836163703,1.638689309624,0.2050972743102757264891296206,2874.059215267728,0.00074069
no_drawdown_gate,1,audit_5170e218b5ebabedb2e8f324,trade_be2042471978cbd3f08e8396,intent_461323e0ac4c82f3afbf8382,8bfba926e4e8a6d4001e40d9483b75d8370c8013bbab1c11a0ccef5d68c636e4,2025-03-11T00:15:00Z,2025-03-11T00:17:00Z,opened_v1_holdout,sell,taker,0.00074069,0.01023265,0.07238496381680209916297342331,False,113539.6553664006879938236918100394326005,113426.1,84.013578009,0.672108624072,0.08410932433932559014527028675,2957.400684652656,0
no_drawdown_gate,1,audit_4b1502155579dcb6bdd5491c,trade_0b0170eff78a48830fef7c69,intent_5036004e0a56f14f9d23d713,ec21c1c59c1f35a9640fd5aeb64ff740b415e791b8925fdd252573c0f9864a27,2025-05-11T00:15:00Z,2025-05-11T00:16:00Z,opened_v1_holdout,buy,taker,0.00016841,0.00168411,0.09999940621455843145637755254,True,145719.9637969016275658953393780691285011,145865.7,24.565242537,0.196521940296,0.02454343396379690162756589533,2932.63892017536,0.00016841
no_drawdown_gate,1,audit_dd54f1a91823a0a8d2e061ec,trade_78ba3d0da6a5afd0717191b3,intent_47ef0099d08355e4d8419853,9f5f371be2707f632d722c134702d52f708a1328dae61702e68b461c335d9ff8,2025-05-14T00:15:00Z,2025-05-14T00:16:00Z,opened_v1_holdout,buy,taker,0.00149164,0.01491644,0.09999973183950057788587625466,True,144887.8561995355460150008983376730640823,145032.8,216.336725792,1.730693806336,0.2162039705247981421840600036,2714.571500577024,0.00166005
no_drawdown_gate,1,audit_53e352e6080c7661ff3c0963,trade_6504a95bedace659ab8ec629,intent_bc180a399c563c6cf47b02eb,9424a37dc31ed3cf75a02caced44f9f1f84b8c797776e8be8016c9cd1ba04462,2025-05-15T00:15:00Z,2025-05-15T00:17:00Z,opened_v1_holdout,buy,taker,0.0038538,0.05687718,0.0677565237939011744253143352,False,145089,145234.1,559.70317458,4.47762539664,0.55918638,2150.390700600384,0.00551385
no_drawdown_gate,1,audit_537a09c025745aec0eb1b9d6,trade_11cba4453b7dccdf3f54d542,intent_781766f1bc44252c50cc61d0,51807d4b3e1958759fd042541ce15132754ec3a1fe4fbd6165c378a4fdce0117,2025-05-19T00:15:00Z,2025-05-19T00:16:00Z,opened_v1_holdout,sell,taker,0.00013898,0.00599249,0.02319236244032113528766839828,False,148841.0185039941660311489881501679602302,148692.1,20.665228058,0.165321824464,0.02069669368510919500908637311,2170.89060683392,0.00537487
no_drawdown_gate,1,audit_3b6ffa30e6b799a83a96e56b,trade_ce1d7082863d0f6cd36afd6e,intent_aff1b75bcdbfb389152dd423,8f215d2b0bbce869e2e0dee68b4ffd103103d3e731a5c7c898642635ab82278c,2025-05-22T00:15:00Z,2025-05-22T00:16:00Z,opened_v1_holdout,sell,taker,0.00010406,0.00394391,0.02638498343014926811210194959,False,151779.4269311419378231247670459011488599,151627.6,15.778368056,0.126226944448,0.0157991104546300498743632588,2186.542747945472,0.00527081
no_drawdown_gate,1,audit_25a42baf6e37dec2819a3f7e,trade_8bf164072ef002197462b459,intent_ded09b147014cd9df79cc039,5a391d0858f24875443c0a5c6e4c33ffafe3897f56b6082eddd12c6f0c7b3865,2025-05-23T00:15:00Z,2025-05-23T00:16:00Z,opened_v1_holdout,sell,taker,0.00006038,0.0006038,0.1,True,154839.8,154684.9,9.339874262,0.074718994096,0.009352862,2195.807903213376,0.00521043
no_drawdown_gate,1,audit_749576330f692bde9fa25895,trade_b0fad7cbbc4965de1b625b3f,intent_877f1a8fea3d7fd8871e3005,3f06e85cf12a28d82b2dfdab1eb9a09b6da3ba7557977c4fbfd0c40603fda004,2025-07-11T00:15:00Z,2025-07-11T00:16:00Z,opened_v1_holdout,sell,taker,0.00012382,0.01676743,0.007384554460641851494236147102,False,157275.8199642998360512016450940901497725,157118.5,19.45441267,0.15563530136,0.01947935797960569985978769555,2215.106680582016,0.00508661
no_drawdown_gate,1,audit_c3ce0a6a5899e17c8e43aa98,trade_19ebf82f42e224372e03384a,intent_b84db9d59a05cdfbe80272ff,cd6ef5dcbaa966b26db36874dfbf137670d97117d3326edd70b3e1497925ebaf,2025-07-12T00:15:00Z,2025-07-12T00:17:00Z,opened_v1_holdout,sell,taker,0.0001052,0.01822434,0.005772499854590070202816672648,False,160597.1029432067224382337028391700330437,160436.5,16.8779198,0.1350233584,0.01689542962534720050218553868,2231.849577023616,0.00498141
no_drawdown_gate,1,audit_466811f8a38dc2d4c93b7a67,trade_ebdf7cdb7a9c2fd487d6048c,intent_67504b277e5ba2942e9a7b50,aae125855f3bfa240634ac55e775963fc8a3a4e671541cf5d125f861efeabad8,2025-07-14T00:15:00Z,2025-07-14T00:16:00Z,opened_v1_holdout,sell,taker,0.00005601,0.00144025,0.03888908175663947231383440375,False,162423.3794271827807672279118208644332581,162260.9,9.088233009,0.072705864072,0.009100472716507550772435341089,2240.865104168544,0.0049254
no_drawdown_gate,1,audit_4084616b5bf339f688eb714d,trade_7ec71fa127d839588706a3ea,intent_a0f4cb5f717290964cf50f4a,6983fb4e910b7cad69287211085df303608343f14474e465addfadf4a81e55a4,2025-08-13T00:15:00Z,2025-08-13T00:16:00Z,opened_v1_holdout,sell,taker,0.00005466,0.00619016,0.008830143324243638290448065963,False,164246.2206001137288858446308334518009228,164081.9,8.968716654,0.071749733232,0.008981764002216420900267521359,2249.762071089312,0.00487074
no_drawdown_gate,1,audit_0fc8c11b50ea4bb7ad595bd4,trade_44c20d0b64e677d9cc1950cf,intent_37e02657bd027b54b9fe4d7d,9a3f4387d5c5331eabdb5e0237de026c22ea793309a77a3b7e9e5d588d8e6e53,2025-08-14T00:15:00Z,2025-08-14T00:16:00Z,opened_v1_holdout,sell,taker,0.00016483,1.01342061,0.0001626471756874966259073811416,False,169999.2827214556056838038847463344958023,169829.2,27.992947036,0.223943576288,0.02803473497752748486139432273,2277.531074549024,0.00470591
no_drawdown_gate,1,audit_552267be449c3cec60ee4c14,trade_128a5284c98d8b423d3e0803,intent_2dd9317530fa388e01ba33af,2d2cb755d7c8c100091f7b53f912f1b6327fa1665911ce7b15c7c2ffe602e15c,2025-10-06T00:15:00Z,2025-10-06T00:16:00Z,opened_v1_holdout,sell,taker,0.00006772,0.26096663,0.0002594967793391821781964996827,False,172481.2111829815175986293726519746988341,172308.7,11.668745164,0.093349961312,0.01168245731150837177918111599,2289.106469751712,0.00463819
no_drawdown_gate,1,audit_0d2ae054c6378b37c57359a6,trade_07f0c1a8c0b09ed665ed48fd,intent_98237296c383c8de97f053b2,09f103fdad95daba3ed0cc166aa7013ee0cb62956a339342ff0ce3e7fc89cb8a,2025-10-12T00:15:00Z,2025-10-12T00:16:00Z,opened_v1_holdout,sell,taker,0.0006574,0.00657408,0.09999878309968847352024922118,True,155602.8,155447.1,102.19092354,0.81752738832,0.10235718,2390.479865903392,0.00398079
no_drawdown_gate,1,audit_f720fe26ef9ff6c93fe5bb82,trade_d92cba205df5f66f85c928a2,intent_c024bcf7131baaac16b1b783,c7ed03c021db873c1c41af3ee00b6187dfe0a664e0c674c36a533d240bbd4d17,2025-10-13T00:15:00Z,2025-10-13T00:16:00Z,opened_v1_holdout,sell,taker,0.00398079,0.5591033,0.007119954398409023878056166007,False,161830.7246963056737457997475600662704012,161668.8,643.569542352,5.148556338816,0.6445882118066629905421770898,3028.900851916576,0
mechanical_90d_trend_rearm,1,audit_b388564796932d35ad548771,trade_21a0eb64d62d77b8cd56ec1c,intent_748cf4c1d8e7f71672a72007,8e8500f943a2d58214b6a51b91dae74463f589b938b426aab08b8300e4f6cb41,2019-04-03T00:15:00Z,2019-04-03T00:17:00Z,development,buy,taker,0.06650408,1.89088813,0.0351708167949629045479279623,False,6397.359772151089657535689327110007295884,6403.8,425.878827504,3.407030620032,0.4283014280821613280739141347,570.714141875968,0.06650408
mechanical_90d_trend_rearm,1,audit_3808a79b8fc82385bbf0bdd9,trade_49c48975f8b713aab199840f,intent_6fd3bf716de84dd5bed880af,7134814980e987777d7bb26171b9056ae5588e94a4d2a94f0eacf1190f48abc0,2019-04-17T00:15:00Z,2019-04-17T00:17:00Z,development,sell,taker,0.0014088,0.014088,0.1,True,7079,7071.9,9.96289272,0.07970314176,0.01000248,580.597331454208,0.06509528
mechanical_90d_trend_rearm,1,audit_ebfe3bf53b449026076a82cf,trade_a83a096c59ee482a0fcfe61b,intent_cdd85c13e39fb728d958bbc5,592cde31cb144b399e8e48645943aae12fc8763ddea899e6614a6d66a3373f4e,2019-04-24T00:15:00Z,2019-04-24T00:17:00Z,development,sell,taker,0.0002314,0.002314,0.1,True,7506.8,7499.2,1.73531488,0.01388251904,0.00175864,582.318763815168,0.06486388
mechanical_90d_trend_rearm,1,audit_ad1947d2e8a72ebfa6585fb2,trade_e2c97d46bdcd6f8681763808,intent_8f015f6a426dd9c8906284c3,02230f81cecadcc4b9c529391a9f745a7c737da0329f19f36c7dec0438e76cb7,2019-04-25T00:15:00Z,2019-04-25T00:20:00Z,development,sell,taker,0.0078295,0.11702439,0.06690485632952241836082204744,False,7392.2,7384.8,57.8192916,0.4625543328,0.0579383,639.675501082368,0.05703438
mechanical_90d_trend_rearm,1,audit_48cc78b618dbd1da4b8166c4,trade_59607d9be25c82eeeb80aeed,intent_08ae9a09f2c73c10f651e22c,dac6d718f402fe2d7a57ce5483986a252fa605356396de2cdfd6826a67df9d1c,2019-05-03T00:15:00Z,2019-05-03T00:19:00Z,development,buy,taker,0.01555359,0.1555359,0.1,True,7279.954142998497452999596877634038186682,7287.3,113.343676407,0.906749411256,0.114254448,525.425075264112,0.07258797
mechanical_90d_trend_rearm,1,audit_e1fff39ee51e8761eef4785d,trade_a30dcde365e2695942c05d31,intent_aa3157461ee83c91a2c64490,232cce16c01aee82356f8e068619b15bc2780a3d34ee328d7def5c9b2623fe17,2019-05-04T00:15:00Z,2019-05-04T00:16:00Z,development,buy,taker,0.0002301,0.002301,0.1,True,7624,7631.7,1.75605417,0.01404843336,0.00177177,523.654972660752,0.07281807
mechanical_90d_trend_rearm,1,audit_04ddb08c24c2b9fe810aab3c,trade_cf256e217c5982b5a174a1ab,intent_9f04d1ae3a8df9e272c6ce6b,bfed0aef7a97bf8e792a901aa7893b68a6935a2e76bc55b47bf0de33fa594549,2019-05-05T00:15:00Z,2019-05-05T00:16:00Z,development,buy,taker,0.0025,0.025,0.1,True,7672.3,7680,19.2,0.1536,0.01925,504.301372660752,0.07531807
mechanical_90d_trend_rearm,1,audit_463a16cf3f9647980a37ed02,trade_686f1c883f677371e878f2e6,intent_de2944144acafc3c869cf070,b52a73c31416f23f5d1cbd3c19127515de3dae2b70c6bf5913fe1b432c739c5f,2019-05-06T00:15:00Z,2019-05-06T00:18:00Z,development,buy,taker,0.00212633,0.02126331,0.09999995297063345264683626397,True,7691.7,7699.4,16.371465202,0.130971721616,0.016372741,487.798935737136,0.0774444
mechanical_90d_trend_rearm,1,audit_1096757f73c15ad952a8deed,trade_8cd4a4668fe02065a0bfb292,intent_d8abf1de4bdd9a4c167a2a3c,46127167b0c08ce44b4bfbc6b1336ae1ad25253874631f9180b96c22a6a5b9e6,2019-05-07T00:15:00Z,2019-05-07T00:17:00Z,development,buy,taker,0.002402,0.02402,0.1,True,7678.4,7686.1,18.4620122,0.1476960976,0.0184954,469.189227439536,0.0798464
mechanical_90d_trend_rearm,1,audit_df90753461d966b34391266a,trade_c2d7a61e0c434982fcb73f0a,intent_81d2de82bb790fbd5bfeb21c,1394e9366ecbe52a5e4fbad7f6ddfcff65d9b823627f38a689c2a0a1a995c36d,2019-05-08T00:15:00Z,2019-05-08T00:19:00Z,development,buy,taker,0.003143,0.03143,0.1,True,7765,7772.8,24.4299104,0.1954392832,0.0245154,444.563877756336,0.0829894
mechanical_90d_trend_rearm,1,audit_480671d9987c0f649053e92b,trade_ae8d143bc3b3b863061c65af,intent_f46ddcc93f8c45d38697baef,bf4c7c302a52dd04126bf3500f7f26529f43cb664056c66c9c791523a1d03cd4,2019-05-09T00:15:00Z,2019-05-09T00:16:00Z,development,buy,taker,0.0004423,0.004423,0.1,True,8038.2,8046.3,3.55887849,0.02847102792,0.00358263,440.976528238416,0.0834317
mechanical_90d_trend_rearm,1,audit_15f30a5e4c89733a3825161b,trade_ae5a187f095785d6a45f4cfe,intent_86d7a3823fdab045bc0ba311,f8f47c6a774b01f431dae3cc33aa29cda8d0c5256f3bdbc3f50eb0375d35d474,2019-05-12T00:15:00Z,2019-05-12T00:19:00Z,development,sell,taker,0.02281207,0.42644398,0.0534937085991927943267014814,False,9787.350450260782201685670413262722104789,9777.5,223.045014425,1.7843601154,0.2247091608804818396076314643,662.237182548016,0.06061963
mechanical_90d_trend_rearm,1,audit_ed0174e1199ad6b49015b0d8,trade_c33cf081f52ad729fafe093e,intent_e4843a022532081aa80b46bd,c8945f3eb7b5aba5614c6eb68b70a3d2c8ad83874697269221f9d5237e8a6732,2019-05-14T00:15:00Z,2019-05-14T00:16:00Z,development,sell,taker,0.01016381,0.23649523,0.04297680760833950012437882997,False,10343,10332.6,105.018583206,0.840148665648,0.105703624,766.415617088368,0.05045582
mechanical_90d_trend_rearm,1,audit_c2b50a6c7c7f3d79eaff7661,trade_5958a2426d3c82456cc70491,intent_b2f960b6d30c7f1333aed11d,2fb246ac2f694c63b05358b995327a885f31bee7ee186666c354797e7ae74c4c,2019-05-20T00:15:00Z,2019-05-20T00:16:00Z,development,sell,taker,0.01302673,0.33729915,0.03862070212747349052021032368,False,10992.46588793063961175117103022643253029,10981.4,143.051732822,1.144413862576,0.1441523342827009495873321946,908.322936047792,0.03742909
mechanical_90d_trend_rearm,1,audit_1091bfe3c9214e2bf65ac00c,trade_8fc15d364adf694c9b96b625,intent_f1d6f1b3c452ce5e971dfee1,8c01bd35589d81b705a8b954d522aaef4db7c91a24d1562d78790b1f1cc7c72b,2019-06-20T00:15:00Z,2019-06-20T00:17:00Z,development,buy,taker,0.0033835,0.033835,0.1,True,12400,12412.4,41.9973554,0.3359788432,0.0419554,865.989601804592,0.04081259
mechanical_90d_trend_rearm,1,audit_14a9a032c0b97d8c39cadff0,trade_cbb040c30617448afa5737c0,intent_b8613ff811bccc6183422cfc,70f7482d8cfbfcfa9048f8ae8764c73d2063c4dc6c9874c725bcb0e5ee333374,2019-06-27T00:15:00Z,2019-06-27T00:16:00Z,development,sell,taker,0.00163199,0.01631994,0.09999975490105968526845074185,True,16959.75226636862635524395310276876017927,16942.7,27.650316973,0.221202535784,0.02782912819093452549457902419,893.418716241808,0.0391806
mechanical_90d_trend_rearm,1,audit_8bc178d77eb77622fb9d87a1,trade_3b1d890f4e95aeb299c3bf7c,intent_2af2e1786c10d8800c86c101,155cccc1ec9fd6c3f94ee708850c27987898747e0fcc0e6ad1c7e713973afaf1,2019-06-30T00:15:00Z,2019-06-30T00:19:00Z,development,sell,taker,0.00358049,0.03580491,0.099999972070869609782568927,True,15219.4,15204.1,54.438128009,0.435505024072,0.054781497,947.421339226736,0.03560011
mechanical_90d_trend_rearm,1,audit_d8b0a5da3d554def3b90a3c4,trade_90a9802a879376b1c3baf562,intent_402f441dde989efdca72419c,c2e95d9e19e29c64cd4e43e1b465985543563090c272a83fbfa36d25b8b6c4fc,2019-07-02T00:15:00Z,2019-07-02T00:20:00Z,development,sell,taker,0.00229797,0.02297971,0.09999995648334987691315512685,True,13056.55884434572934123189544167441625678,13043.5,29.973571695,0.23978857356,0.03000883254115565427065876809,977.155122348176,0.03330214
mechanical_90d_trend_rearm,1,audit_02685f1d22190ff9833a093b,trade_2ab6c7467332b8d6b928482c,intent_fd609f6b50865e828fa65081,914ec205afdddab31baeeb7627c2a80235b4436148bfc894ed75628180175da4,2019-07-03T00:15:00Z,2019-07-03T00:16:00Z,development,sell,taker,0.00884472,0.18372385,0.04814138175310391111442526379,False,14142.64531632120707246228510887399757843,14128.5,124.96262652,0.99970101216,0.1251113621725066179486223481,1101.118047856016,0.02445742
mechanical_90d_trend_rearm,1,audit_4644cfa59e4169239270e1f5,trade_b884cea4380c3c504175894a,intent_1aa98b855a5b661f7ae35925,33d227e57305e36140e2b6f5abcddc5041837ec18e07c39cd79d62644032c7e3,2019-07-31T00:15:00Z,2019-07-31T00:19:00Z,development,buy,taker,0.00598375,0.07,0.08548214285714285714285714286,False,12747.6,12760.4,76.3550435,0.610840348,0.076592,1024.152164008016,0.03044117
mechanical_90d_trend_rearm,1,audit_f57bffb7f1dfff52cb0d4204,trade_d1c1c145de47bb9a9066f27e,intent_f28cbc2490d7eb0267b5946e,83655c1d2cb63f2de4ec25988880dd24c8802c00c0df08d5779793858f82525c,2019-08-16T00:15:00Z,2019-08-16T00:16:00Z,development,buy,taker,0.00109,0.0109,0.1,True,13793,13806.8,15.049412,0.120395296,0.015042,1008.982356712016,0.03153117
mechanical_90d_trend_rearm,1,audit_d59752ffa7cc05a88379e420,trade_08206aec2c9242c7c1275ba1,intent_881d19725abddfc4654614b5,1d1a2d3ead85a2dc712c7c95cece6d977cfbf6c112f63982cd2d675f2b3d188b,2019-08-17T00:15:00Z,2019-08-17T00:17:00Z,development,buy,taker,0.0023111,0.02311108,0.09999965384568786919520853201,True,13699.6,13713.3,31.69280763,0.25354246104,0.03166207,977.036006620976,0.03384227
mechanical_90d_trend_rearm,1,audit_502f82adf4d11bf57b810bd2,trade_341758bdcd2d1bb23f9205e8,intent_e74b1e023623df245eecd72e,b5f737cdafe1be9ede337b5f1e0a54994c527f88ecbbe15b869fce39b20e7769,2019-08-18T00:15:00Z,2019-08-18T00:16:00Z,development,buy,taker,0.0029,0.029,0.1,True,13600,13613.6,39.47944,0.31583552,0.03944,937.240731100976,0.03674227
mechanical_90d_trend_rearm,1,audit_049e93690bd2fa6582efff3f,trade_9edbfc36cc34c57c4982873d,intent_8c1afc836be2867a66b7ed9b,553a5a89f069f63ee4ddad37503fe32d4769886238f1bf0d5ebd86cc9d820f62,2019-08-19T00:15:00Z,2019-08-19T00:20:00Z,development,buy,taker,0.00092357,0.00923578,0.09999913380353364848448100756,True,13608.6,13622.3,12.581147611,0.100649180888,0.012652909,924.558934309088,0.03766584
mechanical_90d_trend_rearm,1,audit_dc744d6a56a1f0a367079307,trade_5c09dae9e2164f93af4119d8,intent_5d1a53639871ab3b806dc323,44bceccddd92a7093afd77e1b8936c9c5223e3e01d4cebd5e49a6b791d90cd44,2019-09-11T00:15:00Z,2019-09-11T00:16:00Z,development,buy,taker,0.00666555,0.06665551,0.09999998499748932983934861499,True,13305.20823690344579165323316857076031674,13318.6,88.77579423,0.71020635384,0.08926346650823690344579165324,835.072933725248,0.04433139
mechanical_90d_trend_rearm,1,audit_eb1f3040ea502138f9e54941,trade_3faa70a8bda74755d71581df,intent_a64da4acd000679502119dd2,f3183a5176473f1155683b667911cd884cd83e6491da6146ec533013be06e577,2019-09-14T00:15:00Z,2019-09-14T00:18:00Z,development,buy,taker,0.00250694,0.02506949,0.09999964099788228639673164472,True,13717.47772116624630177957349750633140124,13731.2,34.423294528,0.275386356224,0.03440092969949049621671601615,800.374252841024,0.04683833
mechanical_90d_trend_rearm,1,audit_8916dc291e92173dda2d1833,trade_aa698793a9e94290cef4fc08,intent_ad338325e85f466edbb69343,0840f8b7c5a8cf159ca4dfa18cc49e713e3a430870a890197da43914597bc50a,2019-09-15T00:15:00Z,2019-09-15T00:18:00Z,development,buy,taker,0.0057608,0.141693,0.04065691318554903911978714545,False,13762.25376661514683153013910355486862442,13776.1,79.36135688,0.63489085504,0.07976538128346213292117465227,720.378005105984,0.05259913
mechanical_90d_trend_rearm,1,audit_63b1cbcdc4b3eaa8c4136726,trade_0e6d2cd3adca11bb1fb89249,intent_9535b493743cc1d859bf1917,3e8be9cef0fd8e9a7936923c06c26ce72605cf6ff946487123b39a40fb225dd6,2019-09-23T00:15:00Z,2019-09-23T00:18:00Z,development,sell,taker,0.03064702,0.30647025,0.09999998368520272359225732351,True,13300.38082087902496245557276766668216572,13287,407.20695474,3.25765563792,0.4100822850958956048751877222,1124.327304208064,0.02195211
mechanical_90d_trend_rearm,1,audit_75208bd64589ad774faa99bb,trade_8a6a9e2a77a0b02e467022cb,intent_136c631f06cec69ebc284ac8,6917ce6ec0d95b60d2716e98f012f4db3e5f4ae517a3f8f2d61988ee8b27cdac,2019-09-24T00:15:00Z,2019-09-24T00:16:00Z,development,sell,taker,0.02195211,0.6519291,0.03367254199881551536815889949,False,12854.02885312835398818675220971114803742,12841.1,281.889239721,2.255113917768,0.2838156060474708676142850503,1403.961430011296,0
mechanical_90d_trend_rearm,1,audit_8d7030a2085a451a98f07009,trade_3946769b0b3c3fef0bf9b65e,intent_121c73a48844ea39787c13d5,154ae4873fa7468c7277dce759e6bc5e9c07be78fbf9bbfda86749e50f541940,2019-10-28T00:15:00Z,2019-10-28T00:20:00Z,development,buy,taker,0.0006054,0.00605401,0.09999983482022659361315888147,True,12506.2,12518.8,7.57888152,0.06063105216,0.00762804,1396.321917439136,0.0006054
mechanical_90d_trend_rearm,1,audit_dde0d184e2a305a9a9bcbcef,trade_dd67ff64cef1fd14b766304f,intent_7a9bfc30ed76e2a049bd9669,07d1f26c14ef497f712239b43c258d053738180e296531359ef92d27b2e26c94,2019-10-30T00:15:00Z,2019-10-30T00:16:00Z,development,sell,taker,0.0006054,0.03988011,0.01518049975288433256578279247,False,12344,12331.6,7.46555064,0.05972440512,0.00750696,1403.727743674016,0
mechanical_90d_trend_rearm,1,audit_d53fd767a0b539e8553f8a0f,trade_fd941df8cf4143819e3f0218,intent_2a12c9f1993fede7b960bae1,20d1f6cb69f53a12596d2fb62a0c29d72c09f117155ad0e8ef3cd79c6af4ae82,2020-01-30T00:15:00Z,2020-01-30T00:20:00Z,development,buy,taker,0.000657,0.00657007,0.09999893456234104050641773984,True,12107,12119.2,7.9623144,0.0636985152,0.0080154,1395.701730758816,0.000657
mechanical_90d_trend_rearm,1,audit_8bafcdb12c7748ea7001f2c4,trade_45b4dbf37e145dc36dac12bf,intent_ae7c91cd8a218ab69204d44e,bd28825ffb958d83d9d7fd658bf6e72b3f059d1866caffad64c23f35d15e9228,2020-01-31T00:15:00Z,2020-01-31T00:16:00Z,development,buy,taker,0.00268509,0.02685097,0.09999973930178313856072983583,True,12402.1,12414.6,33.334318314,0.266674546512,0.033563625,1362.100737898304,0.00334209
mechanical_90d_trend_rearm,1,audit_8f33130ef23f0d196d6c1295,trade_05a27febe12eac8a731df068,intent_6176003128a4aaacb2648739,63941ff5620bb462676c56f38aa51385e404640dec469143c78cdcaef59b56e4,2020-02-01T00:15:00Z,2020-02-01T00:17:00Z,development,buy,taker,0.00218104,0.02181047,0.09999967905322535461179882873,True,12325.1,12337.5,26.908581,0.215268648,0.027044896,1334.976888250304,0.00552313
mechanical_90d_trend_rearm,1,audit_c5f86db2d14a585731ed9f4d,trade_5282c7ca5f001edbd5b0d90c,intent_9b77eec7ee430ecf571f2f6e,bd7fce934d3d0e983fb7079fae01baa01e827c5e6cd77f66019866a801c0ac0b,2020-02-02T00:15:00Z,2020-02-02T00:19:00Z,development,buy,taker,0.00158567,0.01585675,0.09999968467687262522269695871,True,12309.3,12321.7,19.538150039,0.156305200312,0.019662308,1315.282433010992,0.0071088
mechanical_90d_trend_rearm,1,audit_d5491b0a49c2adc65b8e7175,trade_4abb3f57b787c0089d1dbcfa,intent_9bae138cb261ae6d7cdf471e,6b3b3161473568ccc2704102f80118cac5609ecc58504490b38e203a24c8289a,2020-02-03T00:15:00Z,2020-02-03T00:20:00Z,development,sell,taker,0.00118,0.0118,0.1,True,12243.8,12231.5,14.43317,0.11546536,0.014514,1329.600137650992,0.0059288
mechanical_90d_trend_rearm,1,audit_8aac2caee32a42c716dc8b3e,trade_5229e7df2ac08461eda7c778,intent_2e233d523f98e92d680aac9f,072d6109b37562911b6fbe7f0081108e690dfaf8c79e26670071270dc10d08da,2020-02-05T00:15:00Z,2020-02-05T00:18:00Z,development,sell,taker,0.005415,0.05415,0.1,True,12121,12108.8,65.569152,0.524553216,0.066063,1394.644736434992,0.0005138
mechanical_90d_trend_rearm,1,audit_9abbf3c4f47d4447a353b608,trade_85de3ec28f72c2cac8cec2be,intent_29d2b7b58f1f634fa1b4ec0f,9985646900bedadd23b59e463da9fcdeccbef176c97370002ae64f03ff366267,2020-02-07T00:15:00Z,2020-02-07T00:17:00Z,development,buy,taker,0.005,0.05,0.1,True,12901.8,12914.8,64.574,0.516592,0.065,1329.554144434992,0.0055138
mechanical_90d_trend_rearm,1,audit_f401049412aac2b6c517f89a,trade_184f3366f53e6f2f39992d7d,intent_54e74503e343d7d7007b0da3,479f31bcc5e98d83f3574e2eabfa7faa283fb3fcd6398fc1f393dc0541f90e4d,2020-02-08T00:15:00Z,2020-02-08T00:18:00Z,development,buy,taker,0.00909688,0.09096881,0.09999998900722126627796933916,True,12992.31156916310106727789447833823483016,13005.4,118.308563152,0.946468505216,0.1190638847115691631010672779,1210.299112777776,0.01461068
mechanical_90d_trend_rearm,1,audit_1208df290b27da13095fe7ea,trade_1812507f1470ae7930399a95,intent_347e78cc3654ab44fbac919a,acef58b864676752891f053b169420647da042324f61a2c3c55e39ce4650709e,2020-02-09T00:15:00Z,2020-02-09T00:17:00Z,development,buy,taker,0.00498902,0.04989021,0.09999997995598735703858532566,True,13085.95511610394103372184643039185443397,13099.1,65.351671882,0.522813375056,0.06558008865511610394103372186,1144.42462752072,0.0195997
mechanical_90d_trend_rearm,1,audit_e92392fa73ad609389ebb3fe,trade_c2f8f133d18b54885d061a07,intent_1e9dbdae956e62b2a63a4574,cc9e4e32584168237065995d9b361a717f258e4e7a583ccf3bbfdcdf671e8648,2020-02-12T00:15:00Z,2020-02-12T00:18:00Z,development,buy,taker,0.03774331,0.61018069,0.06185595614308935276204823853,False,13599.39009966211811783162131859662750062,13613,513.79967903,4.11039743224,0.5136826875217806220645887695,626.51455105848,0.05734301
mechanical_90d_trend_rearm,1,audit_43f1535731f561e60752ac12,trade_ef863f1319b88e7a94bcd921,intent_da7f4b5d565bec46edb5b064,e0ba4037d1755c7523619052b9ad217fe99aa079831991e506b852e5f7c21dc9,2020-03-02T00:15:00Z,2020-03-02T00:18:00Z,development,sell,taker,0.00086457,0.00864579,0.09999895903092719115315083989,True,11437.9,11426.4,9.878922648,0.079031381184,0.009942555,636.314442325296,0.05647844
mechanical_90d_trend_rearm,1,audit_e831548f07906f97006aa3b0,trade_1fa3a7a21d59cc53c615d79d,intent_a4f4392b7a4bc5aa12470359,3528d28e8be5f95d1b0939d98498467aa8608f27baf3c05d1fe0caa0cf4333af,2020-03-09T00:15:00Z,2020-03-09T00:18:00Z,development,sell,taker,0.05647844,0.71982489,0.07846136023443146012914335318,False,10998.95067787389235734818783496080553702,10987.9,620.579450876,4.964635607008,0.6241250472599570709481857455,1251.929257594288,0
mechanical_90d_trend_rearm,1,audit_ef6602d40e624f190cfae0ee,trade_a8fe1a109b11166667060d73,intent_129810106e1e5118229a8122,384b14c3ff73800742a3a946fb1b216f5375b602ef508ff76c5e211cd41196df,2020-05-02T00:15:00Z,2020-05-02T00:17:00Z,development,buy,taker,0.00788314,0.07883144,0.09999994925882363686366759252,True,12580.6,12593.2,99.273958648,0.794191669184,0.099327564,1151.861107277104,0.00788314
mechanical_90d_trend_rearm,1,audit_62a4af31caca2493969779fe,trade_647cc0ffd56b43ddeb83c286,intent_f209a32de4d404ef66e6c9b3,63414db763622d4b650081b726cd0d7fef92de53f0530808c4db6476059c27bf,2020-05-03T00:15:00Z,2020-05-03T00:17:00Z,development,buy,taker,0.00454274,0.04542749,0.09999980188207624942518285734,True,12849.6,12862.5,58.43099325,0.467447946,0.058601346,1092.962666081104,0.01242588
mechanical_90d_trend_rearm,1,audit_87615d6295272dff72369c1b,trade_74c6f1b0f09b1adead2ffcec,intent_fa8b497f3f4bbd1f71ef4545,d588e42fb800b26c240372e8d47b57a840b915c517430bdd4eb62051638d74e6,2020-05-04T00:15:00Z,2020-05-04T00:18:00Z,development,buy,taker,0.00077724,0.00777244,0.09999948536109638672025773116,True,12770,12782.8,9.935303472,0.079482427776,0.009948672,1082.947880181328,0.01320312
mechanical_90d_trend_rearm,1,audit_eeb68888d55fb5155955dd3c,trade_b0709b942b275579ee0e95b9,intent_18698e6a7f05366139dcdef2,2b6f409776e8999320ed5c765ee4fd41fc19b349f11b3cab245f7f905252b714,2020-05-05T00:15:00Z,2020-05-05T00:18:00Z,development,buy,taker,0.00169552,0.01695527,0.09999958714901030770963836023,True,12680.1,12692.8,21.520896256,0.172167170048,0.021533104,1061.25481675528,0.01489864
mechanical_90d_trend_rearm,1,audit_25229ecd10d44fd62668ddaa,trade_55e0fb6de2b387aeadc19b1e,intent_bd213f8293776a4b8d87f83e,d751eedc3feed8e0bb69a70eedbbf4519b6201c1d829bb319e14c2e46c4a6092,2020-05-07T00:15:00Z,2020-05-07T00:16:00Z,development,buy,taker,0.02549898,0.5,0.05099796,False,13088.87,13102,334.08763596,2.67270108768,0.3348016074,724.4944797076,0.04039762
mechanical_90d_trend_rearm,1,audit_3f394eec751f7b438e902ab0,trade_ff865da582b762f586bf305a,intent_1d5dcb98d86d8644f5922f55,b7a54133c10accd3907af4b97be160c47938ea4b4b7b930279ed26da72085325,2020-05-10T00:15:00Z,2020-05-10T00:16:00Z,development,sell,taker,0.04039762,9.41122386,0.004292493792619231140040058509,False,12967.29380484930893993206957888684203502,12954.3,523.322888766,4.186583110128,0.5249187906565398179785726616,1243.630785363472,0
mechanical_90d_trend_rearm,1,audit_fc90152cf25881f4a7c233d4,trade_41318308c716df48ac966563,intent_e71c9c59165563421872ea6c,5fe9a4ef3830a6f4860cf0fcd72295e5bc0cfd0046422a4b8ea687be543dc32f,2020-05-15T00:15:00Z,2020-05-15T00:16:00Z,development,buy,taker,0.00029939,0.00299391,0.09999966598862357251887999305,True,13725.5,13739.3,4.113409027,0.032907272216,0.004131582,1239.484469064256,0.00029939
mechanical_90d_trend_rearm,1,audit_da36c5e46623050434f75d06,trade_57edbf167108cc93e919c831,intent_d5722b8453d4f67f42099298,0ee2b0e571649565a7a8f383d7625e043515f15d93b8b685da94035796fd2776,2020-05-16T00:15:00Z,2020-05-16T00:16:00Z,development,buy,taker,0.01854199,0.18541993,0.09999998382050947813430843168,True,13124.24870054691531811062597208401491684,13137.4,243.593539426,1.948748315408,0.243851262946101640745954332,993.942181322848,0.01884138
mechanical_90d_trend_rearm,1,audit_987ea439c073bb2a5cd8511e,trade_4965d77b9d012c4fd174ac81,intent_7967f961bb8832ad590c9feb,6ef9ae72d7fef32964ea7013d8b77fe4d826574756c83f68a6cea7988934355a,2020-05-17T00:15:00Z,2020-05-17T00:18:00Z,development,buy,taker,0.00149375,0.01493753,0.09999979916358326979092259564,True,13284.7,13298,19.8638875,0.1589111,0.019866875,973.919382722848,0.02033513
mechanical_90d_trend_rearm,1,audit_d5e486199cf8cac1478e8719,trade_598a4a52fd0bb7f815e7834f,intent_b0f1dc78f96a02144b63a79d,fb10616673e888f6ffd632d5059b62d1b736f570ddac2a35e32c3e95707be15e,2020-05-18T00:15:00Z,2020-05-18T00:19:00Z,development,buy,taker,0.00854199,0.08541999,0.09999989463824568464594762889,True,13805.06910218556569720975148791284101063,13818.9,118.040905611,0.944327244888,0.1181433908219196700912748878,854.93414986696,0.02887712
mechanical_90d_trend_rearm,1,audit_e1ba9bb20f6677f4b770f9c5,trade_c10d19df61f58cbdb69f2c3d,intent_81ec9e00574a9a6105e98631,e1be405bec6fd182c6efdeebdfe363c71a5aad06cc05cae2212f289a1e14365e,2020-05-21T00:15:00Z,2020-05-21T00:16:00Z,development,sell,taker,0.00366001,0.03660016,0.09999983606629042058832529694,True,13372.35490369441007908162150110819187676,13358.9,48.893707589,0.391149660712,0.04924508207057783353952551028,903.436707795248,0.02521711
mechanical_90d_trend_rearm,1,audit_34eacbd521186d77d99058f7,trade_29b9cba535699cab0b419673,intent_658cb26a4210bafdf926f3af,f9f9a11924d6a0edcf22ec23127edc49c53b094b51abc171f2a47e0b59d176f5,2020-05-22T00:15:00Z,2020-05-22T00:16:00Z,development,sell,taker,0.0066799,0.06679904,0.09999994011889991233406947166,True,12658.66147625774262624133520481731473985,12646,84.4740154,0.6757921232,0.08457739525409496902949503468,987.234931072048,0.01853721
mechanical_90d_trend_rearm,1,audit_8e8c2f6f3d340f26f2f42734,trade_80410ff209fd195602677bf3,intent_a06883237f007a33f1512441,ef86388f0122e7b482e37bacb648b88a4a3e0470d7b40c74bd5ef9ca4abc58da,2020-05-23T00:15:00Z,2020-05-23T00:18:00Z,development,sell,taker,0.01853721,0.22637537,0.08188704451372072854038847071,False,12957.58276089399655094986702837857316368,12944.6,239.956768566,1.919654148528,0.2406641650718018042333845772,1225.27204548952,0
mechanical_90d_trend_rearm,2,audit_8865d7c6d3bf86e01bf2a183,trade_690393585023fc913b194a90,intent_c4e93831c6466973a7b41e6d,e03970bb8ff609d6b526f94327ca66208bfa09e719ac7623355befe5fe8fa4bd,2020-08-20T00:15:00Z,2020-08-20T00:17:00Z,development,buy,taker,0.00062137,0.00621379,0.09999855160859958254141192412,True,15699.95999027968437942061125335745173236,15715.7,9.765264509,0.078122116072,0.0097803698399125171594147855,1215.428658864448,0.00062137
mechanical_90d_trend_rearm,2,audit_dc1d0ad18acedb1c0ba74336,trade_0ffa8d669cef4ff02e72b647,intent_504026bc0bdaf5d7d1e4d53b,371c6944a0bd038fae7fee479040049175523bf57ff264387c86e9d213faad72,2020-08-22T00:15:00Z,2020-08-22T00:16:00Z,development,buy,taker,0.00340991,0.0340991,0.1,True,15230.12879782750864392315339701047828242,15245.4,51.985441914,0.415883535312,0.052073425,1163.027333415136,0.00403128
mechanical_90d_trend_rearm,2,audit_2efb3071581c783d216da53a,trade_f19099720ac6870ad8c5d3c6,intent_ee9f1c980ec65ee8c847fdeb,c189ee14681f9458367720f5f14ed91c02e6f9eb8cb5148771c4c7eb65319129,2020-08-24T00:15:00Z,2020-08-24T00:17:00Z,development,buy,taker,0.02855978,0.28559789,0.09999996848716214254944250463,True,15420.12085158262198645795317325348587134,15435.6,440.837340168,3.526698721344,0.4420810733876642435978781217,718.663294525792,0.03259106
mechanical_90d_trend_rearm,2,audit_4d58a95391085693686d21e7,trade_5b78b47611490cc1c3309a33,intent_b14d8ba8beb4628429df108f,1e00c762574e8c6638e2c9c763da260f8942104d3183b0af4f1ee930740505ae,2020-08-27T00:15:00Z,2020-08-27T00:16:00Z,development,buy,taker,0.001,0.01,0.1,True,15204.5,15219.8,15.2198,0.1217584,0.0153,703.321736125792,0.03359106
mechanical_90d_trend_rearm,2,audit_c08681a14a301159bd13249b,trade_b5a71fd6ec2e768ebdef0b83,intent_102bdbebf4cac34bed8bb233,88c78166e477a1c5653445ce59e9f55b81f4f6bef23395bb91cdc41a19daa03d,2020-08-28T00:15:00Z,2020-08-28T00:17:00Z,development,buy,taker,0.00049521,0.00495214,0.0999991922683930583545699435,True,14945,14960,7.4083416,0.0592667328,0.00742815,695.854127792992,0.03408627
mechanical_90d_trend_rearm,2,audit_f68a675b22632b0eadc58073,trade_107b31ab9df2dcaf75fd9938,intent_2f2a07d76e75fe91e52b056c,c822ab9d5990c5a273561695691f742b88425b8fe452b2fe82fe5e44fb37fd85,2020-08-29T00:15:00Z,2020-08-29T00:16:00Z,development,buy,taker,0.00032166,0.00321667,0.09999782383645198295131300382,True,15159,15174.2,4.880933172,0.039047465376,0.004889232,690.934147155616,0.03440793
mechanical_90d_trend_rearm,2,audit_451be3546a7ce45a39b2354c,trade_9f9fca0882672689a82ed161,intent_b21d57cef28e4b9d1b867064,32fcdd1d6aca900e8addc05dc4cf2e9a8428c49757762796abea93f955bfec0e,2020-08-30T00:15:00Z,2020-08-30T00:17:00Z,development,buy,taker,0.00322437,0.03224379,0.09999972087648505340098046787,True,15128.1,15143.3,48.827602221,0.390620817768,0.049010424,641.715924116848,0.0376323
mechanical_90d_trend_rearm,2,audit_ac9532151abe3e67bfa577ae,trade_fc4d25aad63f8b8a07fa39ca,intent_60788c15a03fb91e23271913,7b909674bf593381ec1a640f5d73e0c81d7af60e02e9493fa598106f1938f923,2020-09-01T00:15:00Z,2020-09-01T00:17:00Z,development,buy,taker,0.00121631,0.01216319,0.09999926006253293749419354627,True,15239.9,15255.2,18.555052312,0.148440418496,0.018609543,623.012431386352,0.03884861
mechanical_90d_trend_rearm,2,audit_12e18c32c1f7c246151fbc7f,trade_76d34ebd25687d0ddb194c3f,intent_73c19f43a22fb4248491f5db,e52eba2ac833b2e66ad5a02951d537630b09546a8a8890315300658c32079cc8,2020-09-02T00:15:00Z,2020-09-02T00:20:00Z,development,buy,taker,0.01225994,1.42543598,0.008600835233582359833515637791,False,15652.95528506022417085332727464898142953,15668.7,192.097321878,1.536778575024,0.1930292604787552787884588124,429.378330933328,0.05110855
mechanical_90d_trend_rearm,2,audit_3acd78a55ae814a9ef00af31,trade_ce4060e175dab0af3248816b,intent_9dfbdeef6d9af87b11c5561b,4f817917567105e7c9140d41136ae60a8212a7db76000c863fcf04257178f5c5,2020-09-04T00:15:00Z,2020-09-04T00:16:00Z,development,sell,taker,0.00030354,0.00303546,0.09999802336383941807831432468,True,13614.9,13601.2,4.128508248,0.033028065984,0.004158498,433.473811115344,0.05080501
mechanical_90d_trend_rearm,2,audit_c55ef0ab554fa6659df85854,trade_f7d5e0a2b76a66b37ad7cce6,intent_a798d8c7e700243017c2c177,367d0349fe2a85ae8e212d100b2740a50790603d258728c43d4dfac4529e8d6b,2020-09-05T00:15:00Z,2020-09-05T00:18:00Z,development,sell,taker,0.00090124,0.0090124,0.1,True,13854.5,13840.6,12.473702344,0.099789618752,0.012527236,445.847723840592,0.04990377
mechanical_90d_trend_rearm,2,audit_90339da2ad128daa572449fc,trade_4cb80087a538ccb156623dc0,intent_3e99f9896c3bff62f6d7152a,bb55fcafaebb666223b9ecb329b53fc09d28ccb8efa73af807c6bbd69b05398b,2020-09-06T00:15:00Z,2020-09-06T00:16:00Z,development,sell,taker,0.00057556,0.00575566,0.09999895754787461385835855488,True,13424,13410.5,7.71854738,0.06174837904,0.00777006,453.504522841552,0.04932821
mechanical_90d_trend_rearm,2,audit_bfa2a1c2f4165d8939db5b95,trade_af7201fac2f4ef8ec575ecf3,intent_3fd5a5dcca73a01cae79a53d,722cccd4f0613bd97f815fa91b3dab3b989938f35f170834c2d3dd1ae70931ad,2020-09-07T00:15:00Z,2020-09-07T00:19:00Z,development,sell,taker,0.00035962,0.00359626,0.0999983316000511642650976292,True,13567.3,13553.7,4.874181594,0.038993452752,0.004890832,458.3397109828,0.04896859
mechanical_90d_trend_rearm,2,audit_04defed0bcebe7a79a9c0c27,trade_5735c71f885892104bdafdad,intent_2e151457ec13ce77b89c9c4a,7bffaade011d1daa4ab588c7bab7cdb687c9f6ac546e38961a58220d5194a40d,2020-09-08T00:15:00Z,2020-09-08T00:18:00Z,development,sell,taker,0.0003252,0.003252,0.1,True,13720,13706.2,4.45725624,0.03565804992,0.00448776,462.76130917288,0.04864339
mechanical_90d_trend_rearm,2,audit_686a200973b31ab3f32802a0,trade_f0e49826f60c3c348998e50a,intent_1ddddd194fbac2808de5b8e4,ce501fe93dae4853846c92b69b30c946cea2e672c9bf2ac0008af74a3393030a,2020-09-09T00:15:00Z,2020-09-09T00:16:00Z,development,sell,taker,0.0005432,0.00543204,0.09999926362839743448133666173,True,13472.5,13459,7.3109288,0.0584874304,0.0073332,470.01375054248,0.04810019
mechanical_90d_trend_rearm,2,audit_f1d5c26acff82da4a7a7674d,trade_9e651f2f49d522008343b42d,intent_428e2ebd2b34a669602dd93d,dcf3a2907c207a9451e00edcc349709f6d585aa46fd0aeed04abbd969f4d9a2e,2020-09-10T00:15:00Z,2020-09-10T00:16:00Z,development,sell,taker,0.00037734,0.00377345,0.09999867495262955650664511256,True,13685.2,13671.5,5.15880381,0.04127043048,0.005169558,475.131283922,0.04772285
mechanical_90d_trend_rearm,2,audit_74df7702f73a77903930695c,trade_db1218fefd9887db21ce2481,intent_f2b6247d2f550de01124c2d6,ad3e1f58453a5636079a278526cf0f256c7efb2c4eee125890fa4f8f3f271d1b,2020-09-11T00:15:00Z,2020-09-11T00:17:00Z,development,sell,taker,0.0066032,0.14224243,0.04642215406471894497302949619,False,13782.39121880862130940817026255808481337,13768.6,90.91681952,0.72733455616,0.09106617603708823028402987774,565.32076888584,0.04111965
mechanical_90d_trend_rearm,2,audit_30143898d803756b85ff2a06,trade_27d2ebf666b89bf950fc2aa1,intent_f9d2db60c2f9a41fa84228da,22596f9ec55cda9780fb29d8ccbbfbb1804ecbdbae385d59aa0643dc1e21e494,2020-10-04T00:15:00Z,2020-10-04T00:18:00Z,development,buy,taker,0.00367652,0.0367652,0.1,True,14051.8,14065.9,51.713562668,0.413708501344,0.051838932,513.193497716496,0.04479617
mechanical_90d_trend_rearm,2,audit_f5d611b5a5e7c952c0d29300,trade_11e098e4846bdb852e6ab17a,intent_bc7059932a9e38449ffc65e8,d77b38ac7e6a2194e8eae30adca227dd8e292cefe2c590eb0768a7100675d7da,2020-10-06T00:15:00Z,2020-10-06T00:16:00Z,development,buy,taker,0.00297249,0.02972499,0.09999969722445659359347135188,True,14324.1,14338.5,42.621047865,0.34096838292,0.042803856,470.231481468576,0.04776866
mechanical_90d_trend_rearm,2,audit_72b1e1e4bbbc81c6649c3032,trade_ecf7bcc5c1ed2ee06347c109,intent_053b55c1f3ab0241bda6643a,6cf89765f68be36cfa02a654ad27d161b99cfb2ac58b81d75d0d6c3ac7392e90,2020-10-07T00:15:00Z,2020-10-07T00:16:00Z,development,buy,taker,0.00029076,0.00290763,0.09999896823185893665975382012,True,14097.5,14111.6,4.103088816,0.032824710528,0.004099716,466.095567942048,0.04805942
mechanical_90d_trend_rearm,2,audit_ab3df13bc0c9161731c2ad48,trade_57ce0778dd07e727c1d1280f,intent_cff6678d781abb51e7dd1310,4bffefd9143267db6259be5ef5035522e966f8c51e44ae18decc6c99159b0e81,2020-10-08T00:15:00Z,2020-10-08T00:17:00Z,development,buy,taker,0.00345258,0.03452583,0.09999991310853352403113842593,True,14177.77103617784134371280864210940041123,14192,48.99901536,0.39199212288,0.04912663591310853352403113842,416.704560459168,0.051512
mechanical_90d_trend_rearm,2,audit_14aa725201c9de3e938baa92,trade_41798650479df884c1252f3e,intent_fd0fe57021d7822b92ca70fa,888b1552c40c16dc00854e34937b0fcece31dea736ee7562a58b143a8640b25f,2020-10-21T00:15:00Z,2020-10-21T00:16:00Z,development,sell,taker,0.00053817,0.0070556,0.07627558251601564714552979194,False,15694.33042632802313056295708373490560689,15678.6,8.437752162,0.067502017296,0.008465643536952208175066613751,425.074810603872,0.05097383
mechanical_90d_trend_rearm,2,audit_c6e05e64de4b4b3f3eccf35b,trade_819f66aef6c5954cf090b0ac,intent_40a100a6a3f04c0968ace457,cddfcbdefdafb0e7a119b738505aa475207c4c61ec621d1a7417480c2a11e4e8,2020-10-22T00:15:00Z,2020-10-22T00:16:00Z,development,sell,taker,0.00414664,0.25,0.01658656,False,17084.092650028,17067,70.77070488,0.56616563904,0.07087706631210592,495.279349844832,0.04682719
mechanical_90d_trend_rearm,2,audit_7c2126e158bc3454d757717f,trade_f923c8b71d9a68b87f389fe3,intent_5cef6db46d852bedf8c0e5c7,6ba3c001562388fecc66ab850359be7122460bcd11987717cf414cb645534880,2020-10-26T00:15:00Z,2020-10-26T00:16:00Z,development,sell,taker,0.0001669,0.322787,0.0005170592372059593478052090078,False,17145.2,17128,2.8586632,0.0228693056,0.00287068,498.115143739232,0.04666029
mechanical_90d_trend_rearm,2,audit_d552623166ae12acfc7dbd24,trade_da67ca333d9243594f8f879d,intent_95aa65aa02a56f965d2c8f08,348e223669777f6100a8e6850c35b14d3366e112ef02f94911ab7c92d5841917,2020-10-27T00:15:00Z,2020-10-27T00:16:00Z,development,sell,taker,0.00027527,0.0498361,0.005523506052841213497845938988,False,17246.95001677498841201458380571513420994,17229.7,4.742819519,0.037942556152,0.004748412117651060175254484201,502.82002070208,0.04638502
mechanical_90d_trend_rearm,2,audit_187b1564b919bac8be3d8f6a,trade_065eea7e08c177fa5e951fac,intent_b347e4ceb2d94e84ab9efd33,f98e0ae9498a5120dd45688cdf344bd3bfa02194f376735fbd693f8c01cab36e,2020-10-28T00:15:00Z,2020-10-28T00:16:00Z,development,sell,taker,0.00193711,0.06679499,0.02900082775669253038289248939,False,17998.6,17980.6,34.830400066,0.278643200528,0.03486798,537.371777567552,0.04444791
mechanical_90d_trend_rearm,2,audit_3d2bf162ca895e0648639fb0,trade_2c16e68b0e55b852d8f2cf6c,intent_a13072c8642d4935ad5d7dc9,448847756c67757544376199b9d4f21af6870bb6f12b14b842c1b25344c8a526,2020-10-31T00:15:00Z,2020-10-31T00:18:00Z,development,sell,taker,0.00030353,0.5396494,0.0005624577735099862985115891911,False,18122.35278145588598819900476123942693163,18104.2,5.495167826,0.043961342608,0.005509913755305073998043915179,542.822984050944,0.04414438
mechanical_90d_trend_rearm,2,audit_e7691e7e4bb3176cd8183342,trade_6ffea54d8167173ccdbf5f70,intent_27b1eeabc90c848b911db3ef,2eead56ceaa3963b5075f51ee90ec21929c619491f04a975135911f95e3c78bb,2020-11-01T00:15:00Z,2020-11-01T00:19:00Z,development,sell,taker,0.00072929,1.09395,0.000666657525481054892819598702,False,18426.77501221536633301339183692124868595,18408.3,13.424989107,0.107399912856,0.01347364165854451300333653275,556.140573245088,0.04341509
mechanical_90d_trend_rearm,2,audit_de173b6d22dcc1953cf114ef,trade_d5674d9817ccb086516aa3a8,intent_b58d010380719e13da9b0122,611452850449c1ebb2d58b1b4ba76aec347c48b5b2f3932be693869397dc5dcd,2020-11-02T00:15:00Z,2020-11-02T00:16:00Z,development,sell,taker,0.00018548,1.59727653,0.0001161226603636378479811507654,False,18505.83535674502147727669923253677307836,18487.3,3.429024404,0.027432195232,0.003437937969066583605282173652,559.542165453856,0.04322961
mechanical_90d_trend_rearm,2,audit_2a5e312b5cc2ef26e3cd9cce,trade_8a968f34054746d028bf9562,intent_9488807e91ddcb7fa9a7449e,2379aaa10c58602e5d577eb28bcad9f7be81a18176e5d843e4a241e599e99e2a,2020-11-05T00:15:00Z,2020-11-05T00:16:00Z,development,sell,taker,0.00042896,1.1,0.0003899636363636363636363636364,False,18691.30848465090909090909090909090909091,18672.6,8.009798496,0.064078387968,0.008025191575853963636363636363,567.487885561888,0.04280065
mechanical_90d_trend_rearm,2,audit_203e51047ce798781b68afb9,trade_aca59655621d08eb08f43864,intent_aca3eabcbc3b8586413e5b36,f0f0c196901149905c0b278fa7a04f706ffb8b9f53309908d531006ec22fa1ea,2020-11-06T00:15:00Z,2020-11-06T00:17:00Z,development,sell,taker,0.0005,0.005,0.1,True,20435,20414.5,10.20725,0.081658,0.01025,577.613477561888,0.04230065
mechanical_90d_trend_rearm,2,audit_56000da02d9903dc350a54d9,trade_11d24a6af90d07f33bbe299b,intent_981df48527242cb9527850a4,3e963e3b1ca0eb221f7d67cb7c43928eb75f5366e4ceee3f45c1cad8fe884a74,2020-11-07T00:15:00Z,2020-11-07T00:19:00Z,development,sell,taker,0.0004751,0.00475101,0.09999978951843923713063117106,True,20455.80256598070726014047539365313901676,20435.3,9.70881103,0.07767048824,0.009740769097434019292739859523,587.244618103648,0.04182555
mechanical_90d_trend_rearm,2,audit_cf9a0cf1c3633224be5405cd,trade_e0afc8b982f02df77d819907,intent_6e31ed054ac619356f0b5ef3,c7eb93157c2f78a511814e2d449e494d6e199ccf5d56c3c145ee78db78df4750,2020-11-08T00:15:00Z,2020-11-08T00:17:00Z,development,sell,taker,0.00651916,1.0150184,0.006422701302754708683113527794,False,19210.09497036309883643488630353893091987,19190.8,125.107895728,1.000863165824,0.1257869989922994105328533946,711.351650665824,0.03530639
mechanical_90d_trend_rearm,2,audit_6d129a227d1a6d2809daa567,trade_98cf5aa12a34ce9615f3637d,intent_b64a38e6e2c9841f5c0f8c04,527fcce08dad4ac0b772f73e76188c7fb5aec1523cb6cfae6d55869772874028,2020-11-13T00:15:00Z,2020-11-13T00:16:00Z,development,sell,taker,0.00116999,0.01169999,0.09999923076857330647291151531,True,21558,21536.4,25.197372636,0.201578981088,0.025271784,736.347444320736,0.0341364
mechanical_90d_trend_rearm,2,audit_a915a3e382ba917e92fa6578,trade_cbe4e8826a6df975fc9db0ed,intent_115fa54838bb2005ead649ca,f7b7eff9b5db71e2233a994ada02c21e265209f7d0f3f2caf46a3b92d7d8582c,2020-11-17T00:15:00Z,2020-11-17T00:19:00Z,development,sell,taker,0.00067323,0.00673235,0.09999925731728148417714468202,True,22006.7,21984.6,14.800692258,0.118405538064,0.014878383,751.029731040672,0.03346317
mechanical_90d_trend_rearm,2,audit_c5276838d4362d2ca9ca28ab,trade_7ee78b1bcb143873b70445b6,intent_cf7f0b311c6d2ce59e0d9c17,65cda17760b3be5829624de0abd05c54ba5018ce69f7165b9772439e22e20fb1,2020-11-18T00:15:00Z,2020-11-18T00:16:00Z,development,sell,taker,0.00499107,0.10525479,0.04741893456820349933717980911,False,23338,23314.6,116.364800622,0.930918404976,0.116791038,866.463613257696,0.0284721
mechanical_90d_trend_rearm,2,audit_23abb29297535b988fd1566c,trade_0ec3b20fe62b19b17c588356,intent_1264d552d853050d7e698c16,6b56ca321a087b7c351f8bfcec3de0a0368c793945e62619891e29c6c68bf987,2020-11-30T00:15:00Z,2020-11-30T00:17:00Z,development,sell,taker,0.00202566,0.02025664,0.09999980253388518530220214211,True,23946.51617030267606078796878455657009257,23922.5,48.45885135,0.3876708108,0.04864859553531878929575684813,914.534793796896,0.02644644
mechanical_90d_trend_rearm,2,audit_12b61f7a900d6217181e24b9,trade_f9735513fc9ca72f8ba0083e,intent_4b6224ae6c0209b29dbe7787,b101b55ce8881deaba313f5d40ec0c44fbcee4c9341b0f8e970a30b07f7ba330,2020-12-01T00:15:00Z,2020-12-01T00:16:00Z,development,sell,taker,0.00074905,0.00749052,0.09999973299584007518837143483,True,25435.5,25410,19.0333605,0.152266884,0.019100775,933.415887412896,0.02569739
mechanical_90d_trend_rearm,2,audit_726e80b071864447240a435c,trade_7a036ce374a54e4c05645881,intent_8a32ffdbdb7ffa04852eb07a,2f894131aea9222d2f63bb46fa34d7110bdbc4eb85499f16a421a572cf3d1127,2020-12-02T00:15:00Z,2020-12-02T00:16:00Z,development,sell,taker,0.00166452,0.01664526,0.09999963953702135022222542634,True,24116.1,24091.9,40.101449388,0.320811595104,0.040281384,973.196525205792,0.02403287
mechanical_90d_trend_rearm,2,audit_4c12d79e03c877615ac7cfaf,trade_c435d61f029df5444729faad,intent_2cdbebfdc600f4905a333a13,01aa86094c98e1b31ed263b8e4ff4c419bf7f7ddcca16b2fe0fda34f12297f09,2020-12-18T00:15:00Z,2020-12-18T00:16:00Z,development,sell,taker,0.0038399,0.9,0.004266555555555555555555555556,False,28880.99205270444444444444444444444444444,28852.1,110.78917879,0.88631343032,0.1109425931797962222222222222,1083.099390565472,0.02019297
mechanical_90d_trend_rearm,2,audit_99483f04fc10e00a9d778ea6,trade_1cf2e3a6252c2c26691466d2,intent_a22621926a4e8a00599a683b,9ad27268eef227290600352b6722aad0d573a5227fa3cf21273e97e0d3bc32c9,2021-01-03T00:15:00Z,2021-01-03T00:16:00Z,development,sell,taker,0.00122853,0.01228534,0.09999967440868547390629807559,True,39704.6,39664.8,48.729396744,0.389835173952,0.048895494,1131.43895213552,0.01896444
mechanical_90d_trend_rearm,2,audit_8d0c952c790ce77b971eb01b,trade_ae149a421de32064299e8170,intent_5971b18898a8857f5b79be0e,dea1657b260fcd4f1c39235f80b1ee6f5afb4310b75a565e9aaf97326b0a83e0,2021-01-07T00:15:00Z,2021-01-07T00:16:00Z,development,sell,taker,0.00151175,0.04081731,0.03703698259390439987348504838,False,42400,42357.6,64.0341018,0.5122728144,0.0640982,1194.96078112112,0.01745269
mechanical_90d_trend_rearm,2,audit_f96d55b03f2fc18433f07958,trade_7e865b76bb06d3e33f6f1ae0,intent_aec72c7fd8720756c0a4f8a9,49a9d561d8f7cb72ec6fe4640c296733f41ae92c90b30e32b716f29aa495666c,2021-01-08T00:15:00Z,2021-01-08T00:16:00Z,development,sell,taker,0.00072518,0.00725181,0.09999986210339211865727314974,True,50290,50239.7,36.432825646,0.291462605168,0.036476554,1231.102144161952,0.01672751
mechanical_90d_trend_rearm,2,audit_6a7bd0002849868b492580b3,trade_442946159cdb37276abc0d84,intent_822e844937f04fbfe4a261bb,dad19c3c38bc0f7b4806a5e9b0123b9b073e4715e492e7b16f05186628110655,2021-01-09T00:15:00Z,2021-01-09T00:16:00Z,development,sell,taker,0.00412424,0.08154699,0.05057501202680810168468511223,False,51503.97410721106934786924692131493755931,51452.4,212.202046176,1.697616369408,0.2127039959241806472562629227,1441.606573968544,0.01260327
mechanical_90d_trend_rearm,2,audit_f5c06efa6acdf6e76582ec0c,trade_5238e670bab1b402175fcbc5,intent_01693c1e91d718f06f867d62,f1c2a55c1c47b43374d95d1cb316f4d61745bec8385b0efc06e9eaf6fdfe6d35,2021-02-03T00:15:00Z,2021-02-03T00:16:00Z,development,sell,taker,0.001,0.01,0.1,True,45401.1,45355.6,45.3556,0.3628448,0.0455,1486.599329168544,0.01160327
mechanical_90d_trend_rearm,2,audit_3a549fd243be7cb2933c1e1b,trade_bce6db4f2faaaf288678513a,intent_09cc0963fdd911e65c69007b,3ee0da70d9646403ea11d3d22731448e5805747e22d7f0ef44592368e7a6ab61,2021-02-09T00:15:00Z,2021-02-09T00:16:00Z,development,sell,taker,0.00318068,0.13404108,0.02372914333426737534493156874,False,59205.51197495573745004143505856562779112,59146.3,188.125453484,1.505003627872,0.1883343445022149925977916621,1673.219779024672,0.00842259
mechanical_90d_trend_rearm,2,audit_b616b8296ff8120e87a7228e,trade_dd135b38fbe424553dc4f08c,intent_1eeafde84a6533e67bcb2fbb,abf35e69ce150b0be7da552eeea8a759bbb6d79d77c1c562e3a0ae5948fa5bf9,2021-03-11T00:15:00Z,2021-03-11T00:16:00Z,development,buy,taker,0.0010031,0.010031,0.1,True,70997.2,71068.2,71.28851142,0.57030809136,0.0712201,1601.360959513312,0.00942569
mechanical_90d_trend_rearm,2,audit_0208948a918d1997fcb1d6e0,trade_c6fefbdd1cd79cba6dfa2657,intent_847bc0a3be8be737d39edb7e,89c05de7db693dfb7c264f904931533da9d162ab743620e7de5313952b65e4a0,2021-03-25T00:15:00Z,2021-03-25T00:17:00Z,development,buy,taker,0.00173236,0.034223,0.0506197586418490488852526079,False,66486.82261344709698156210735470297752973,66553.4,115.294448024,0.922355584192,0.115336001368787073021067703,1485.14415590512,0.01115805
mechanical_90d_trend_rearm,2,audit_dbab854f456b347ab65236ae,trade_57e8d701199fbac4789f5696,intent_318d798148686475e16b17cc,eec39e5390a3eb5fed1abb715f4eed93c806486241af2954b6786a806b28eea8,2021-03-30T00:15:00Z,2021-03-30T00:17:00Z,development,sell,taker,0.00009682,0.03177756,0.003046804096979126150654738753,False,72324.72078863197803733200409345462647227,72252.3,6.995467686,0.055963741488,0.007011780755348113574484636328,1492.083659849632,0.01106123
mechanical_90d_trend_rearm,2,audit_18df7dd534d04c10074353e4,trade_a6e0f94d5ce8842e140ddb35,intent_f783204f96a16ce2394fc3a1,25e672c780fa6d600949a624af6d7e560d46669ff53cf64317c9f94df9acfff4,2021-03-31T00:15:00Z,2021-03-31T00:17:00Z,development,sell,taker,0.00030201,0.01916974,0.01575451727566466733508122698,False,74354.9,74280.5,22.433453805,0.17946763044,0.022469544,1514.337646024192,0.01075922
mechanical_90d_trend_rearm,2,audit_876bedaa51f2cdc3f1d17583,trade_0f5ca4399bbfb62e39516d09,intent_fac6ae2be8b839fa5c9373d9,10d2a46a942a2eb359e52b7385b724c6c6a8bd1684b9af191d36b2735ff44716,2021-04-11T00:15:00Z,2021-04-11T00:16:00Z,development,sell,taker,0.0000961,0.6,0.0001601666666666666666666666667,False,75025,74949.9,7.20268539,0.05762148312,0.00721711,1521.482709931072,0.01066312
mechanical_90d_trend_rearm,2,audit_2bc637c81e071be362404a0b,trade_88050ca75c5bae4c6b2b72f2,intent_237854224d109e4369b1c2ef,0724c968ce8955e2071d21d8825a3e27a52c4f054d16915a66c7647fabfaab47,2021-04-13T00:15:00Z,2021-04-13T00:18:00Z,development,sell,taker,0.00010671,0.0091091,0.01171465896740622015347290073,False,75783.4,75707.6,8.078757996,0.064630063968,0.008088618,1529.496837863104,0.01055641
mechanical_90d_trend_rearm,2,audit_dd1be57955c5605781cba128,trade_cfa2c191e7d804b64f5c9e18,intent_fcb6ccbd4461649c0d8eddea,a8f470960220c572ddad3676a63bb60fae02baf009f0afdc4afbb8f2b8fea096,2021-04-14T00:15:00Z,2021-04-14T00:16:00Z,development,sell,taker,0.00045541,0.00473998,0.09607846446609479364891834987,False,79200.1,79120.8,36.032403528,0.288259228224,0.036114013,1565.24098216288,0.010101
mechanical_90d_trend_rearm,2,audit_4bd13848b7b797ec1f2e6160,trade_0617ab3d9913ca4657c8194b,intent_b6dce3da2bb4488e785919e0,2631ff53f12969b8e66d11a906c11df9fee623d05c35dd442f90e58130c1cf84,2021-04-22T00:15:00Z,2021-04-22T00:16:00Z,development,buy,taker,0.00054687,0.00546877,0.0999987200046811257375973025,True,66692.1,66758.8,36.508384956,0.292067079648,0.036476229,1528.440530127232,0.01064787
mechanical_90d_trend_rearm,2,audit_06a3f7b3efc892fa163954e0,trade_6f34413523c1807df42b9ddf,intent_cb97e6508ce3056974038d1d,60d67fa08c7ab0bd6e5f430d6e302c2ee1730bf87cdcf6b05fe6eb1d37f0fa29,2021-04-24T00:15:00Z,2021-04-24T00:17:00Z,development,buy,taker,0.00194608,0.12059172,0.01613775804839668925859918077,False,63522.55777647918115771132545418541173474,63586.1,123.743637488,0.989949099904,0.1236582503493951326011437601,1403.706943539328,0.01259395
mechanical_90d_trend_rearm,2,audit_7a53ba5d5e70dbef7aa1611c,trade_d993ba52f02638e7fa31f9f1,intent_1eae9b3ff5151c101f7fae6f,ca9d68a29221acfc8cb8bf14e424abf6c573bb70fdedcbba21e2c045178c7bc9,2021-04-27T00:15:00Z,2021-04-27T00:16:00Z,development,sell,taker,0.00060354,0.01077112,0.05603317018100253269854945447,False,66720.0092012715483626586650227645778712,66653.2,40.227872328,0.321822978624,0.04032202533543029879901068784,1443.612992888704,0.01199041
mechanical_90d_trend_rearm,2,audit_1e5ff39ee3a7fdc3df3554bc,trade_3e75a1c08f7206bc364dd070,intent_f454ad6840673f1ff6458d29,09c168a73fffb17bae6601940c202e09416712e486949d755f7bb3036b50f1bd,2021-04-28T00:15:00Z,2021-04-28T00:16:00Z,development,sell,taker,0.0003321,0.01421314,0.02336570244154352943825220887,False,68620.6,68551.9,22.76608599,0.18212868792,0.02281527,1466.196950190784,0.01165831
mechanical_90d_trend_rearm,2,audit_2ae854e3f405031dd400b055,trade_14c7bb027a85a5cf5fe2228f,intent_f835cf15d50f840fe4c81fcf,06b2a61ce4ea5b965a9cb6b0013f3c59c1a3e518d6faffb7c3359e4877197cb1,2021-05-01T00:15:00Z,2021-05-01T00:19:00Z,development,sell,taker,0.00048643,0.08465446,0.005746064649163198253228477271,False,71608.4,71536.7,34.797596981,0.278380775848,0.034877031,1500.716166395936,0.01117188
mechanical_90d_trend_rearm,2,audit_854bb948a6cbabfb67f0afd5,trade_5cdf95149d85396f55996575,intent_2f8464dd2cf3e0199a54aa18,6054fd430b00a2593333ab7901e9edabf2cc7fdae72265f0eb3e052318c03631,2021-05-13T00:15:00Z,2021-05-13T00:16:00Z,development,sell,taker,0.01117188,1.43032897,0.007810706651631337649547851918,False,58204.29443044630495039193675843676717252,58146,649.60013448,5.19680107584,0.6512583816144653491846704329,2145.119499800096,0
mechanical_90d_trend_rearm,2,audit_74c92f6e6b6603111e6e4eae,trade_93012a11f3470841c377eee9,intent_b8a8b5f34a202b0ccca37383,8161c5c349016d0611c747aa79269d311743e6eeebad148f4c7ba4de5bfa05ff,2021-05-15T00:15:00Z,2021-05-15T00:16:00Z,development,buy,taker,0.00024294,0.00242948,0.09999670711427959892651925515,True,60823.3,60884.2,14.791207548,0.118329660384,0.014795046,2130.209962591712,0.00024294
mechanical_90d_trend_rearm,2,audit_a714b0efa7e8e1fc4ebda0aa,trade_c597b92671f17b3e7dfe7489,intent_91bdc5aef9b3f4df82db567e,c989b08771c1e1153ffff2df0f8820b1cec5e0740a13348aa20292ea5678c041,2021-05-16T00:15:00Z,2021-05-16T00:17:00Z,development,sell,taker,0.00024294,0.35,0.0006941142857142857142857142857,False,57641.73810588,57584,13.98945696,0.11191565568,0.0140268954424872,2144.087503896032,0
mechanical_90d_trend_rearm,2,audit_03772b0dae48c88f16ed5398,trade_778e9bfe8536015d655c557d,intent_fb4c4d73647fb860788d9604,119ab5cb80dfbfec216c2fa14741025509cf5120ec069bd0a5292c67a7431180,2021-08-14T00:15:00Z,2021-08-14T00:16:00Z,development,buy,taker,0.00040037,0.00400373,0.09999925069872344039183461422,True,59807.93227815062454261401243340584904576,59867.8,23.969271086,0.191754168688,0.02396923979683445187362784204,2119.926478641344,0.00040037
mechanical_90d_trend_rearm,2,audit_a647295e6a650771c67cbd2d,trade_a97cf385a679fba23fae813f,intent_ff08aeb4f7ceb32757f0a49b,541c044e03d43c8d490817c9f09ca8964fdaac8727910db605b40352b22d049f,2021-08-16T00:15:00Z,2021-08-16T00:16:00Z,development,buy,taker,0.00033196,0.00331969,0.09999728890348195162801345909,True,59394.17613331365278083194515150511041694,59453.6,19.736217056,0.157889736448,0.0197263467851998228750274875,2100.032371848896,0.00073233
mechanical_90d_trend_rearm,2,audit_6ea52fe74ec80f37d5c03303,trade_0ee5ccf747ec19c3c42d6ebe,intent_636ae331c34e5d7a89880ff6,1e43577706a4ebec0e523ed15f42c85c10104085aead505f463eec171785bc9f,2021-08-17T00:15:00Z,2021-08-17T00:17:00Z,development,buy,taker,0.0002744,0.00274405,0.09999817787576756983291120789,True,57525.6,57583.2,15.80083008,0.12640664064,0.01580544,2084.105135128256,0.00100673
mechanical_90d_trend_rearm,2,audit_6c3a6825ccca49424517a200,trade_8f17ee79cbdb947598c5be14,intent_265d5e5b4f1ed1c28a164042,18fcc4739b2769991dbfb14e94f00f08e4529d49c2bc0ac4f832bd931b8a2d5b,2021-08-18T00:15:00Z,2021-08-18T00:17:00Z,development,sell,taker,0.00100673,0.09,0.01118588888888888888888888889,False,56378.7,56322.3,56.701349079,0.453610792632,0.056779572,2140.352873414624,0
mechanical_90d_trend_rearm,2,audit_96828ac3ed8a3ea4ad5b81d1,trade_779bccc35af25946419a7ff5,intent_c300f64adde843aa02330b47,6998196fecc10d48d0fe1965d621bb3b4558b596ce0525354e60a54c6c620411,2021-08-20T00:15:00Z,2021-08-20T00:16:00Z,development,buy,taker,0.00021756,0.00217566,0.09999724221615509776343730178,True,59915.07889192245111828134910785692617413,59975,13.048161,0.104385288,0.01303643627335153470670968809,2127.200327126624,0.00021756
mechanical_90d_trend_rearm,2,audit_6a3df9cdacae2f910af4472b,trade_cef7a849100628534cb86ac5,intent_34e154b94a419f38f0861df7,2a3f133c9d7a65959a8052fb4a7981282179eb89bea9674c557eeea4c7c76b40,2021-08-21T00:15:00Z,2021-08-21T00:16:00Z,development,buy,taker,0.01098101,0.1098101,0.1,True,62917.3,62980.3,691.587304103,5.532698432824,0.69180363,1430.0803245908,0.01119857
mechanical_90d_trend_rearm,2,audit_b2d90c3b1eed48b624b3cb4d,trade_94152c0230e34b4557f37c9a,intent_56e3060c77e3938448b3c925,845f578c0bc4651867a49a6f64a2ec21274120caa7eb27d9d895fd90a8354bee,2021-08-24T00:15:00Z,2021-08-24T00:16:00Z,development,buy,taker,0.00012291,0.00122914,0.09999674569210993052052654702,True,61386.3,61447.7,7.552536807,0.060420294456,0.007546674,1422.467367489344,0.01132148
mechanical_90d_trend_rearm,2,audit_a4f353980c37c77c1503a85a,trade_946e682b878664733721398d,intent_7f8bb1a2868a5a5c14ac1a91,b5ee6511b1a33e5cbc8419a18a713ba059d9de4d53bb8bac8e48c1f55c11cbb6,2021-08-25T00:15:00Z,2021-08-25T00:16:00Z,development,buy,taker,0.00011907,0.00119078,0.09999328171450645795193066729,True,60435.80240850534943482423285577520616739,60496.3,7.203294441,0.057626355528,0.007203448219268042795478593862,1415.206446692816,0.01144055
mechanical_90d_trend_rearm,2,audit_1976930c5cb6b1af9e502fe1,trade_58c68d3435ad18682149ed98,intent_be6cf156abe2aa622f46fa89,fc11bc71fdf014c5ab806bd352730c8103d96c3972917630522a481382e87e13,2021-08-27T00:15:00Z,2021-08-27T00:17:00Z,development,buy,taker,0.00211624,0.05,0.0423248,False,59011,59070.1,125.006508424,1.000052067392,0.125069784,1289.199886201424,0.01355679
mechanical_90d_trend_rearm,2,audit_7687798093300a43b295c905,trade_6a93d847efb6af50a86247d1,intent_65c5a2c829fd04f16ea8dec8,a0063f95d26178a05c21696d9f28cb0d13b843cd1dd47dbb9c6f900a3ec7146a,2021-08-28T00:15:00Z,2021-08-28T00:19:00Z,development,sell,taker,0.00015757,0.00157575,0.09999682690782167221957797874,True,61728.6,61666.8,9.716837676,0.077734701408,0.009737826,1298.838989176016,0.01339922
mechanical_90d_trend_rearm,2,audit_e3765adc345f990b2d41733f,trade_32d5583282ad5c2862e4b7a1,intent_3bad792c75377281ecd05600,828f4264a9dc34cebc2b1c1760651d9235391a043df2c8709fb23602544ba17f,2021-08-29T00:15:00Z,2021-08-29T00:18:00Z,development,sell,taker,0.00016102,0.00161024,0.09999751589825119236883942766,True,61657.27831379173290937996820349761526232,61595.6,9.918123512,0.079344988096,0.009931442086744833068362480128,1308.67776769992,0.0132382
mechanical_90d_trend_rearm,2,audit_64deb8be270ba0938c34f75d,trade_fbfd81944a09f9a6f4731c44,intent_4f69de81f7872bf580662beb,a17b3e8f19f366e683f303c74bee69f8635dc70ed3a1405341fd8c7edb1242a6,2021-08-30T00:15:00Z,2021-08-30T00:16:00Z,development,sell,taker,0.0002114,0.002114,0.1,True,61526.7,61465.1,12.99372214,0.10394977712,0.01302224,1321.5675400628,0.0130268
mechanical_90d_trend_rearm,2,audit_66b87762044d704ac1986d71,trade_68a2db543869700221c2e2fb,intent_c5e424a11665023f2a2ad729,caaffe71301ad564974042b66bbee23725ff1a05259401de9d65d28e0fe5a064,2021-09-03T00:15:00Z,2021-09-03T00:16:00Z,development,sell,taker,0.00013297,0.0421425,0.003155247078365070890431274841,False,62045.2,61983.1,8.241892807,0.065935142456,0.008257437,1329.743497727344,0.01289383
mechanical_90d_trend_rearm,2,audit_1e0396610abd833ce049bca1,trade_2a97fdd63835aa2bd69ec170,intent_db3491caee746ab3929a7a44,1e2f124fc29d756984b2ff878f15888cb65b3f05f8f00532319547e7f78035e5,2021-09-06T00:15:00Z,2021-09-06T00:16:00Z,development,sell,taker,0.00037223,0.0398955,0.009330124951435625571806344074,False,63889.60953651414319910766878470002882531,63825.7,23.757840311,0.190062722488,0.02378904677665952300384755173,1353.311275315856,0.0125216
mechanical_90d_trend_rearm,2,audit_8b9aacaebce4d039cea75785,trade_94840f1d1304b67a2728e4f4,intent_64733d83769c6903e7eab379,cf228c23ee521b84403c3cdd7d36d00847754fe4ff078287adfe1c0434027ba9,2021-09-07T00:15:00Z,2021-09-07T00:16:00Z,development,sell,taker,0.00019952,0.00677398,0.02945388087948296274863521888,False,64924.14436564619322761508005633320440863,64859.2,12.940707584,0.103525660672,0.01295769983372847277376077284,1366.148457239184,0.01232208
mechanical_90d_trend_rearm,2,audit_21f043e0a23b38ba2f7a6ee9,trade_105fa6c3191d74eaaf384d02,intent_a8274fc51fe795bbf1af5e30,9ead49927114800cba9fbbc26504c3db94183eed6c57d3d5f3991ec925597361,2021-09-11T00:15:00Z,2021-09-11T00:20:00Z,development,sell,taker,0.00255628,0.0255628,0.1,True,57223.4,57166.1,146.132558108,1.169060464864,0.146474844,1511.11195488232,0.0097658
mechanical_90d_trend_rearm,2,audit_0ca8ff3da15418cfc29d8dbb,trade_73cd224ff276a0735568acea,intent_426c9d1dedf930eff8fd4f39,5e304668b8fe6f9fed101141ca5e97d5019f69a6c7282c422a60602b10918574,2021-09-12T00:15:00Z,2021-09-12T00:17:00Z,development,buy,taker,0.0017251,0.01725105,0.09999971016256981459099591039,True,57388.3,57445.7,99.09957707,0.79279661656,0.09902074,1411.21958119576,0.0114909
mechanical_90d_trend_rearm,2,audit_5248375fcd6f41cc6f70be4c,trade_60b612198e0a22853a0c32b4,intent_c1d0230b181e8517b981b17b,ccefb24c548bf62b3ee8fd184949507b81acf9e49c07d04d3029da27250ff552,2021-09-13T00:15:00Z,2021-09-13T00:16:00Z,development,buy,taker,0.00077362,0.00773625,0.09999935369203425432218452092,True,58481.6,58540.1,45.287792162,0.362302337296,0.04525677,1365.569486696464,0.01226452
mechanical_90d_trend_rearm,2,audit_7797ad1984109c3bec1767c7,trade_7d2346ef6544af733bdb5e41,intent_ccb1341e29f02208aaa5fff3,5a61386e99acfb35326fedb81dc1f4b3bea1a218dcf189dfd8004477855c110b,2021-09-14T00:15:00Z,2021-09-14T00:16:00Z,development,sell,taker,0.002096,0.02096,0.1,True,57217.4,57160.1,119.8075696,0.9584605568,0.1201008,1484.418595739664,0.01016852
mechanical_90d_trend_rearm,2,audit_f0dc8fe366ebb0917abf54d8,trade_d3e042b0e3c24f76ae860544,intent_107860792f1bac81f712b975,9ac6f5857abf45b088fd8ea8787a3ab7595447078ee29a00c8f142daed99c3aa,2021-09-15T00:15:00Z,2021-09-15T00:16:00Z,development,buy,taker,0.00324241,0.08172784,0.03967326188970612706759410257,False,59652.79939690073786362150278289503307563,59712.5,193.612407125,1.548899257,0.1935738324950785436150031617,1289.257289357664,0.01341093
mechanical_90d_trend_rearm,2,audit_2413744f9f74f517f7111a13,trade_6a0ab98b173a53d6f4c64494,intent_f79f59d97ebd9eedbdd01b8b,cda7df8dc5ba92c41c6bb2a7026aed664d4c4395bd858155975fb38f063d2dca,2021-09-16T00:15:00Z,2021-09-16T00:16:00Z,development,sell,taker,0.00025785,0.015,0.01719,False,60822.3,60761.4,15.66732699,0.12533861592,0.015703065,1304.799277731744,0.01315308
mechanical_90d_trend_rearm,2,audit_f171837b2ea4acc009fa7be4,trade_7fa64a33f40f1222fd7c81cd,intent_63d3b0218f301983b5a3a7e5,a163554e350e64e53624bc559931fa32def0ab4e46e7c9688b96a1c91590c508,2021-09-19T00:15:00Z,2021-09-19T00:19:00Z,development,sell,taker,0.00012038,0.00238365,0.05050238080255071004551842762,False,61384.1,61322.7,7.382026626,0.059056213008,0.007391332,1312.122248144736,0.0130327
mechanical_90d_trend_rearm,2,audit_06df28373d4a0ce36afa0bea,trade_47e109c09543d05bc964c58d,intent_9c78d40f47ba3b7dbab267a4,da3330026420c4ac19fe7f370e31952d8252c8281706249f26bf4af4e271ce4d,2021-09-21T00:15:00Z,2021-09-21T00:16:00Z,development,sell,taker,0.0130327,0.15817822,0.08239250637666803937988428495,False,54008.97480660106049998539621953009712715,53954.9,703.17802523,5.62542420184,0.7047407319896411781596733103,2009.674849172896,0
mechanical_90d_trend_rearm,2,audit_9e2f58e15fffb7336638c4b2,trade_9ee0783a6821dd101ef5b7a4,intent_9d294aed1957761fb6f24812,e18da167d1818990c4554974607f20c2779966b84dd4597f8cc661903db60a8b,2021-10-02T00:15:00Z,2021-10-02T00:18:00Z,development,buy,taker,0.00021694,0.00216947,0.09999677340548613255772147114,True,60255.4,60315.7,13.084887958,0.104679103664,0.013081482,1996.485282111232,0.00021694
mechanical_90d_trend_rearm,2,audit_c53ba946e9fb550ad9979f9b,trade_49f9583af9cee8d5f53aa15b,intent_e6f4ee40d16a50163cb72db4,36e1e881b91f4947187ff1167556e6ef7a806f0cb7cd65d794dd119f9ee27075,2021-10-03T00:15:00Z,2021-10-03T00:16:00Z,development,buy,taker,0.000947,0.00947007,0.09999926082911741940661473463,True,59796.29085624499079732251187161235344617,59856.1,56.6837267,0.4534698136,0.05663925913599371493558125759,1939.348085597632,0.00116394
mechanical_90d_trend_rearm,2,audit_c73de5b798fab2d4613a21b5,trade_5b8abac30c9eea6a6eac7297,intent_2ad2e2b0efc7cb010ac6d32a,9fc2069cf14351be6ce2870ba623ee15dc913e79632e52b7171348b2a3818e27,2021-10-04T00:15:00Z,2021-10-04T00:16:00Z,development,buy,taker,0.00010875,0.00108751,0.0999990804682255795349008285,True,59968.1,60028.1,6.528055875,0.052224447,0.006525,1932.767805275632,0.00127269
mechanical_90d_trend_rearm,2,audit_d358e130e43561ab3f395deb,trade_caaaadde7fe7eb5bf54752ab,intent_edf31bb45e20f7f5e8a5e061,c722f0c4b0221e638ae73709f66e9c10849e72e8e2c43ccc0c04a759c21d9cba,2021-10-05T00:15:00Z,2021-10-05T00:16:00Z,development,buy,taker,0.00008175,0.00081756,0.09999266108909437839424629385,True,61999.8,62061.8,5.07355215,0.0405884172,0.0050685,1927.653664708432,0.00135444
mechanical_90d_trend_rearm,2,audit_a55e1db6a4f75edfc5a0d414,trade_35ec8debfa4c551dbf324d6c,intent_2fbf1b6a42edd0afcdf4a3df,13a74d97e423d7558ffe2e48ef426efce346646f656d4db08f30f5bd4502582b,2021-10-06T00:15:00Z,2021-10-06T00:20:00Z,development,buy,taker,0.00011391,0.00113915,0.09999561076241056928411534916,True,64331.6,64396,7.33534836,0.05868278688,0.007335804,1920.259633561552,0.00146835
mechanical_90d_trend_rearm,2,audit_1ab4f765961c6025f6f5fcbe,trade_e548dc6b524f6971dacee2e8,intent_e221cc3875b917226da29047,4e98fbdf348e6872b87a6cd3134621e68b489841e69d62fc3584c53e0d6129ed,2021-10-07T00:15:00Z,2021-10-07T00:16:00Z,development,buy,taker,0.00778692,0.11225032,0.06937102718281783071976988573,False,68392.28004114375798661420297064631976105,68460.7,533.097994044,4.264783952352,0.5327807460168480588741306038,1382.8968555652,0.00925527
mechanical_90d_trend_rearm,2,audit_dc3705adfbd17c7139742d11,trade_81c7a7d06863cc71a02d6f5e,intent_e3b9bc1defc97e08dba41e63,e399e736042d0ea3cf78295392273550f4067753ba8973d5b5dff4f6be498125,2021-10-23T00:15:00Z,2021-10-23T00:18:00Z,development,buy,taker,0.00144707,0.04496274,0.03218375926378152221150223496,False,74749.99504489717486078472975623816520079,74824.8,108.276723336,0.866213786688,0.1082480063806451742042411116,1273.753918442512,0.01070234
mechanical_90d_trend_rearm,2,audit_417581d5483a5b68c24dff8e,trade_f66ea250dfcbb9033a5300d1,intent_e48a5fea5ae57f2c69eacc8d,4bd9c1b69d723234e4ce725f9621c0b7dedee9ea1170b62b1eca085eaef00366,2021-10-24T00:15:00Z,2021-10-24T00:16:00Z,development,sell,taker,0.00012325,0.03295565,0.00373987464971863701671792242,False,75620.9,75545.2,9.3109459,0.0744875672,0.009330025,1282.990376775312,0.01057909
mechanical_90d_trend_rearm,2,audit_a4673f1c44e94fd4b3b13e21,trade_3f78f363ac6e3178bc9294b6,intent_0fee86a48dd2c8c576493181,765d39c2524f20124e5235287c83f6c8b911cbc0a9a346b545078ee5db27906c,2021-10-26T00:15:00Z,2021-10-26T00:16:00Z,development,sell,taker,0.00028897,0.00703595,0.04107050220652506058172670357,False,77744.48144486529892907141182072072712285,77666.7,22.443346299,0.179546770392,0.02247650412272543153376587383,1305.25417630392,0.01029012
mechanical_90d_trend_rearm,2,audit_4082128d4828d22f465659bd,trade_f3e4633df64633942e0357aa,intent_8375f5df46045af08cba15a4,93c76fc43592fb68aac993591e8f66b33ac8533443985333158caaaac7670f2f,2021-11-08T00:15:00Z,2021-11-08T00:16:00Z,development,sell,taker,0.0001578,0.0503297,0.003135325662580941273244227563,False,78955.26823221676266697397361796315098242,78876.3,12.44668014,0.09957344112,0.01246118704380514884849303691,1317.6012830028,0.01013232
mechanical_90d_trend_rearm,2,audit_5883b3f5f6727e9136b5c763,trade_d97016b3b905eaa5da43645f,intent_9eae59e384869737c0f24911,acb49ce67b0b6eee580edd2b945856a586aefc2f34e6bf42b5665470044b8a42,2021-11-09T00:15:00Z,2021-11-09T00:16:00Z,development,sell,taker,0.00013426,0.00134267,0.09999478650748136176424586831,True,83211.6,83128.3,11.160805558,0.089286444464,0.011183858,1328.672802116336,0.00999806
mechanical_90d_trend_rearm,2,audit_01958b640be1c8ca56e263a9,trade_22fc3adebda929d6333739c4,intent_a4a8d80c3574d8a922a6e92e,a8d528edfdf6a7dd7d09c28b10263495843d827b76159b64ba98e546eddb8aa5,2021-11-10T00:15:00Z,2021-11-10T00:16:00Z,development,sell,taker,0.00037072,0.49703739,0.0007458593809210208511677562125,False,83096.68882152507681564962346192909149149,83013.5,30.77476472,0.24619811776,0.03083975991577647709762840981,1359.201368718576,0.00962734
mechanical_90d_trend_rearm,2,audit_b5196e86c9bd75adf218efbc,trade_287e66405ac7a2d1e8ca81a8,intent_e5420c23bcbf2d47280c2112,782a5e85f24af042b57b3635966143b0003a1314532e072f13389facbbf092b5,2021-11-27T00:15:00Z,2021-11-27T00:18:00Z,development,buy,taker,0.0001582,0.00158205,0.09999683954363010018646692582,True,69284.9,69354.2,10.97183444,0.08777467552,0.01096326,1348.141759603056,0.00978554
mechanical_90d_trend_rearm,2,audit_45b0346097f3c65e0c2f6184,trade_58ab06ec5b9498e1f5248c48,intent_3ac5169bbbeca3ca65098784,37e59197cdd933bf218caa8bfb084cc7395132e5ce8b8e40a2f4f471a41d74a6,2021-11-28T00:15:00Z,2021-11-28T00:18:00Z,development,buy,taker,0.00034908,0.00349087,0.09999799476921225940811316377,True,69825.7,69895.6,24.399156048,0.195193248384,0.024400692,1323.547410306672,0.01013462
mechanical_90d_trend_rearm,2,audit_20fe38f82de13d5c9464ad20,trade_85831b6b2e2a0f298421727c,intent_37eb47870bda53d19cdbface,33f9babc0b865b1fe231bafe35e6c461944a980df90e4b44ab329e8c3a6bf044,2021-12-05T00:15:00Z,2021-12-05T00:16:00Z,development,sell,taker,0.01013462,0.14686646,0.06900568039837005671682969686,False,63431.94978637055730763851733064172718536,63368.5,642.21566747,5.13772533976,0.6430394739467775011394705095,1960.625352436912,0
mechanical_90d_trend_rearm,2,audit_27922902a259aa980d417bc2,trade_b659bad4376462adaf95b3e7,intent_94cabb345c86c5f76d865390,a2a6d0e532d2aed539d75aabebef932440ecb96ef82302eae059b4cba4df584e,2021-12-07T00:15:00Z,2021-12-07T00:17:00Z,development,buy,taker,0.00504333,0.05043335,0.09999990085925285550136962942,True,64521.54117471871291516427126098107700559,64586.1,325.729015713,2.605832125704,0.3255914603058735935645758214,1632.290504598208,0.00504333
mechanical_90d_trend_rearm,2,audit_39e8effa67f99f1da182f940,trade_985bf4d839652d2dcf42afce,intent_6d14773412288a2a8da3d84c,b3b35c35b7e66bdce7f168e0faf721b58df9532d1f3bf9e675b7997fda5f2165,2021-12-08T00:15:00Z,2021-12-08T00:17:00Z,development,buy,taker,0.00005657,0.00056579,0.09998409303805298785768571378,True,63735.2,63799,3.60910943,0.02887287544,0.003609166,1628.652522292768,0.0050999
mechanical_90d_trend_rearm,2,audit_2576abe5958b545333b10fda,trade_a74c66dbe3bc302ab43580ee,intent_377094643210a54e0885b453,72c4dabdd225e3c7364c1b35241c4cccaa47d4e1706fce8e3c46659015019cfa,2021-12-09T00:15:00Z,2021-12-09T00:16:00Z,development,buy,taker,0.001,0.01,0.1,True,64133.1,64197.3,64.1973,0.5135784,0.0642,1563.941643892768,0.0060999
mechanical_90d_trend_rearm,2,audit_961abf5167b437b84003e1c6,trade_b2a9b5f1714ce0abf5c0a6a5,intent_7ac00f020de60e2e493a27d7,33be03a80920ea29ea1079bb96dd99f6b6a745ed6873f8daacb05a733aee9f66,2021-12-10T00:15:00Z,2021-12-10T00:17:00Z,development,buy,taker,0.00255513,0.0255513,0.1,True,60898.60802644092472790034166559040048843,60959.6,155.759702748,1.246077621984,0.1558424214,1406.935863522784,0.00865503
mechanical_90d_trend_rearm,2,audit_8062068ce4cba8b035148c92,trade_6fa6902640d6eae527bba289,intent_f2adad81eb83e9491eabe7b7,9d40330eb34e1c8fdb6b89c0462d6c9764d36c0c84e8bd7ea029aa0b12ec5179,2021-12-11T00:15:00Z,2021-12-11T00:16:00Z,development,buy,taker,0.00341686,0.03416868,0.09999976586745522507746860575,True,59924.38465700167521835786457071212584156,59984.4,204.958296984,1.639666375872,0.2050640248772560134017468629,1200.337900162912,0.01207189
mechanical_90d_trend_rearm,2,audit_56d997d0f646f6b25c0903e9,trade_971c8a05113bd0a0a966bb44,intent_a357fa72bf28610814f924f9,90cc3b17af33a09c57f44d48df260cbe8b0c4b51d500485553396b34672574ae,2021-12-30T00:15:00Z,2021-12-30T00:17:00Z,development,sell,taker,0.00028985,0.00289856,0.09999793000662397880326782954,True,59014.59455522742327224552881430779421506,58955.5,17.088251675,0.1367060134,0.01712855683266863546036652683,1217.289445824512,0.01178204
mechanical_90d_trend_rearm,2,audit_3c3a19fb929fbb85508ffa5c,trade_da1da930b53e6becbe09d699,intent_856c7491c0fd954a279bc362,112b2d3fd339ced7af356338c6c82584c833c1db3a1b0244021b3462c75e7dd9,2021-12-31T00:15:00Z,2021-12-31T00:19:00Z,development,sell,taker,0.00037498,0.0037498,0.1,True,60344.5,60284.1,22.605331818,0.180842654544,0.022648792,1239.713934987968,0.01140706
mechanical_90d_trend_rearm,2,audit_6edb98e2109a9e2d9857e472,trade_984a883c77e33f0e72dcaa54,intent_263243ac66606a7484dbf435,ed3665d9f1a67e4d8dcca9c0cc2758d57bcb21c13dbbd013f077b761ce33c1b1,2022-01-01T00:15:00Z,2022-01-01T00:20:00Z,development,sell,taker,0.000165,0.00165,0.1,True,58420.7,58362.2,9.629763,0.077038104,0.0096525,1249.266659883968,0.01124206
mechanical_90d_trend_rearm,2,audit_7e4046ecda6bec46c618a1a4,trade_c505a77993954841a436d816,intent_c72dcd739568c28afbbead01,e7896c5a694d8bc93c8f9087b72fb21c9894d67aba4669109548560e1d9fe23c,2022-01-02T00:15:00Z,2022-01-02T00:17:00Z,development,buy,taker,0.00166405,0.01664054,0.09999975962318530528456408266,True,60004.97587211713081426444093761380339821,60065,99.95116325,0.799609306,0.09988315000348846852325705777,1148.515887327968,0.01290611
mechanical_90d_trend_rearm,2,audit_aadd7885faa03877fae0814f,trade_60105f6ca1b18aeaf422e875,intent_b1c9ab6d38900ef84288e647,223ef3ee831bd092666c535f6c0faf96795ba5b2b3d2a69b902a820b15920ec1,2022-01-03T00:15:00Z,2022-01-03T00:16:00Z,development,sell,taker,0.00167639,0.01676395,0.09999970174093814405316169519,True,59641.1,59581.4,99.881663146,0.799053305168,0.100080483,1247.5984971688,0.01122972
mechanical_90d_trend_rearm,2,audit_1178d1df9f62aa6836241904,trade_67e4769ac7bc039190cc99ee,intent_5fb0649d029b1f574dd28398,ae177e41d03bfb36d0ccb46c3cc93edb3483823f466e9d506371c7e5f5ed7333,2022-01-04T00:15:00Z,2022-01-04T00:17:00Z,development,sell,taker,0.0050053,0.05005306,0.09999988012720900580304181203,True,58988.7,58929.7,294.96082741,2.35968661928,0.2953127,1540.19963795952,0.00622442
mechanical_90d_trend_rearm,2,audit_f91ff1a8ce4b4bddbfac43b9,trade_a0eae64aa33bd14649c5f7f7,intent_1058a0c73feb86fabd0941c3,f3e81b6d6c93c02b058c345b8d1e3fde8ec6af23d2101e434f7583faf279eb07,2022-01-05T00:15:00Z,2022-01-05T00:19:00Z,development,sell,taker,0.00015001,0.00150013,0.09999800017331831241292421323,True,57890.9,57833,8.67552833,0.06940422664,0.008685579,1548.80576206288,0.00607441
mechanical_90d_trend_rearm,2,audit_0a132cd836abfe14f1e8e82f,trade_307dd126297fa9917174f921,intent_5dce36547b2c43b6fbeb6070,ad29ff315550830bda94e4751035b0ff29a54357fd6908387e8c5fdf2093b7ed,2022-01-06T00:15:00Z,2022-01-06T00:17:00Z,development,sell,taker,0.00607441,0.11,0.05522190909090909090909090909,False,55303.42727272727272727272727272727272727,55248.1,335.599611121,2.684796888968,0.3360805387272727272727272727,1881.720576294912,0
mechanical_90d_trend_rearm,3,audit_30c7deb822ee38e32789d59e,trade_d0185868d0a42e0bcaf7fc98,intent_c56b2a3967de593d01ab076c,914b92658587832f4c24dc6c7e7ca3051c53de272f6f96b39f3c91fc42c402e8,2023-01-14T00:15:00Z,2023-01-14T00:17:00Z,development,buy,taker,0.00007397,0.00073973,0.09999594446622416287023643762,True,26838.9,26865.8,1.987263226,0.015898105808,0.001989793,1879.717414963104,0.00007397
mechanical_90d_trend_rearm,3,audit_d0270c51eb26b0dc2ad5eb5e,trade_d467c39757f14a49ba289970,intent_5ca774e0f6f134d6cf265957,aecb9688489a83099acbf70bb880e0d41146980ba9a4461cec25d98abf65337b,2023-01-15T00:15:00Z,2023-01-15T00:19:00Z,development,buy,taker,0.00313717,0.03137171,0.09999996812414752017024255292,True,27918.59836486439534217293223735652280351,27946.6,87.673235122,0.701385880976,0.08784588969836486439534217292,1791.342793960128,0.00321114
mechanical_90d_trend_rearm,3,audit_80657ebd7bcf8a693df0f9c7,trade_cacdf2e58300eadc5c5018a4,intent_032fc0119629eab3d853ebbf,be832d44db892954efc9f6eea3170ae3363b7c2421d4a116a2c343a9889e2b2f,2023-01-16T00:15:00Z,2023-01-16T00:20:00Z,development,buy,taker,0.00544504,0.05445045,0.09999990817339434293013189055,True,27827.74704458824490890341585790383734202,27855.6,151.674856224,1.213398849792,0.1516604563352229412245445171,1638.454538886336,0.00865618
mechanical_90d_trend_rearm,3,audit_cf26b36b659cb2f553711d8d,trade_65eb50c2dfabf0fdf8d61306,intent_76b53edf0033675275ab43d8,0f736b8df4c54f310532f7c18647902974a74525ff5e1eadb0676c4ff3d5d347,2023-01-17T00:15:00Z,2023-01-17T00:20:00Z,development,buy,taker,0.0025025,0.025025,0.1,True,28427.50883136863136863136863136863136863,28456,71.21114,0.56968912,0.0712991495,1566.673709766336,0.01115868
mechanical_90d_trend_rearm,3,audit_cf8855bb603b4f48c46a64a4,trade_75d1ddbfcfed82b851cc75a2,intent_c641665189af121fd6f5bc82,68526156b9fcff905188d5b0fe611b1cb1a26f23e6834ac22384ce2fd551d7df,2023-01-18T00:15:00Z,2023-01-18T00:17:00Z,development,buy,taker,0.00035104,0.00351046,0.09999829082228539849478415934,True,28251.4,28279.7,9.927305888,0.079418447104,0.009934432,1556.666985431232,0.01150972
mechanical_90d_trend_rearm,3,audit_5f9eba7cf26e638d5e8c07b6,trade_4b251ab6ef68e672b6238cc6,intent_56472a3f3064446d58b1430a,1386b2913913d5771a4e7b9d64673a5c6a1bdf847a87321b8366a39b8c600aeb,2023-01-19T00:15:00Z,2023-01-19T00:20:00Z,development,buy,taker,0.00008709,0.00087091,0.0999988517757288353561217577,True,27861.6,27889.5,2.428896555,0.01943117244,0.002429811,1554.218657703792,0.01159681
mechanical_90d_trend_rearm,3,audit_f2df83a5753c5ee20cfdaa0b,trade_036f7fdc468c5ef8275c95e2,intent_b22bdfc79cb82974b285e6a6,b850df56a34f6f87eb50e6d94695fc2855549b642e140e443954deaff65e6480,2023-01-20T00:15:00Z,2023-01-20T00:19:00Z,development,buy,taker,0.00026635,0.00266356,0.09999774737569268197450029284,True,28191.2,28219.4,7.51623719,0.06012989752,0.00751107,1546.642290616272,0.01186316
mechanical_90d_trend_rearm,3,audit_fecd3ecbbf122c33aef2a45f,trade_564665bf79d789e7544eb3bf,intent_b8ccc4719a1421eb30fa6ffb,2e1f738c11847f3bf65d91a6de1e5678027f7f15022125a48972d8bdf667c9a5,2023-01-22T00:15:00Z,2023-01-22T00:20:00Z,development,buy,taker,0.00008824,0.00088249,0.09998980158415392808983671203,True,30441.1,30471.6,2.688813984,0.021510511872,0.00269132,1543.9319661204,0.0119514
mechanical_90d_trend_rearm,3,audit_8667da15af275db48942cb37,trade_a75772ea4ec50a35cd65d666,intent_7f3572f9c93ffef3b4d74465,9a75248490bf7c778ce05dbb67932112edc7c2487c0c2e444f3b96f65e8e12dc,2023-01-23T00:15:00Z,2023-01-23T00:19:00Z,development,buy,taker,0.00309684,0.03096846,0.09999980625449247395576015081,True,30238,30268.3,93.736082172,0.749888657376,0.093834252,1449.445995291024,0.01504824
mechanical_90d_trend_rearm,3,audit_62d73214b80c88e5c303e505,trade_1d4c2fdb826e23c2fb0b898b,intent_c1f265413594096a6a640fad,036a844acf95023a9b4a9134aad06caaa4818afaa05d1a8e6b74587df46e42ea,2023-01-24T00:15:00Z,2023-01-24T00:16:00Z,development,buy,taker,0.00030887,0.00308879,0.09999708623765293205429958009,True,30611.4,30642.1,9.464425427,0.075715403416,0.009482309,1439.905854460608,0.01535711
mechanical_90d_trend_rearm,3,audit_de067a38753a6e299f1d5b78,trade_8af639b3472ca91793053d16,intent_1b73308464523f85a66f23a5,2133f5afc0d97f71954e72940ea128ec01ca9ad9e5e88f19482b4e9f8296a941,2023-01-25T00:15:00Z,2023-01-25T00:16:00Z,development,buy,taker,0.0002301,0.002301,0.1,True,30246.2,30276.5,6.96662265,0.0557329812,0.00697203,1432.883498829408,0.01558721
mechanical_90d_trend_rearm,3,audit_7f1a1950c8db7db3a3bd2fd8,trade_b21baa2537d8b3f2c79a1abf,intent_f902b28a7f70f5c7b324c1f2,700c0d4a7d88989f1e313211822c9a2fbea8d404700c6bc042e92719b70ba8f2,2023-01-26T00:15:00Z,2023-01-26T00:18:00Z,development,buy,taker,0.00676441,0.06764418,0.09999988173409744932971321406,True,30886.07536380809110259005283233531694818,30917,209.13526397,1.67308211176,0.2091869183029104647288207204,1222.075152747648,0.02235162
mechanical_90d_trend_rearm,3,audit_bc3246c722857d7a5c8a0cc4,trade_08a4ee8847c907e48f2c8b03,intent_c8dd3b57fbaf10e7eb072d69,9fe7bc62239f4e803e8afc4706d924bac4d5b3e7bc1b98f91300903135fafdb1,2023-01-28T00:15:00Z,2023-01-28T00:19:00Z,development,buy,taker,0.00015381,0.00153819,0.09999414896729272716634485987,True,30659.8,30690.5,4.720505805,0.03776404644,0.004721967,1217.316882896208,0.02250543
mechanical_90d_trend_rearm,3,audit_f8c5d03dc933cec17ba5e94d,trade_f49882c443595211b559df61,intent_b24cf4d3b19c7b15faeb0285,42b284a7231bc6ab9ede3ea77d37f5057bf172d7d07500b533f7654fe68b43b2,2023-01-31T00:15:00Z,2023-01-31T00:17:00Z,development,buy,taker,0.0001836,0.001836,0.1,True,30501,30531.6,5.60560176,0.04484481408,0.00561816,1211.666436322128,0.02268903
mechanical_90d_trend_rearm,3,audit_b6704befafce8734e153d3ac,trade_3ff7431d9f42cf7984f0cf08,intent_8ed59e49d1ac6634ca492415,205fe54801d31c52580e8b466e82e2c6ec867ff8aa1932d0699c61aea89813ec,2023-02-01T00:15:00Z,2023-02-01T00:20:00Z,development,buy,taker,0.00044692,0.00446925,0.09999888124405660905073558203,True,30684.2,30714.9,13.727103108,0.109816824864,0.013720444,1197.829516389264,0.02313595
mechanical_90d_trend_rearm,3,audit_035e97b4f8bb6e05ed78847c,trade_125fa27c0ffcf03a880402e4,intent_cc952455ce58b02362efc233,f0bd466821feb67f33f5924b74b24b49d8512bf20feff10049c920f4d35e7ebc,2023-02-10T00:15:00Z,2023-02-10T00:16:00Z,validation,buy,taker,0.00409439,0.83754306,0.004888572535004946491945142498,False,29378.98806031537053151631391943000518684,29408.4,120.409458876,0.963275671008,0.1204239517253500494649194514,1076.456781842256,0.02723034
mechanical_90d_trend_rearm,3,audit_a8ff5ae2d75a7c3eca044e51,trade_16611e0697ddcd06507a5be3,intent_860cc27535ab14242be9abc3,333c10d9a9f9aa8d0fde82a0f6f505e0061d766acb56fbef480854aa01c5493b,2023-02-15T00:15:00Z,2023-02-15T00:16:00Z,validation,sell,taker,0.00017772,0.0327827,0.005421152010054083403746488239,False,29572,29542.4,5.250275328,0.042002202624,0.005260512,1081.665054967632,0.02705262
mechanical_90d_trend_rearm,3,audit_f91c1207c115d308927ea69c,trade_7cbeaea6485e4d5ff387762e,intent_f3d6c03e019ec585f678203c,740fe0c7e9de797a29a03bf9fe5626b60c9bb81f012c05bf53eee63554c60963,2023-02-16T00:15:00Z,2023-02-16T00:17:00Z,validation,sell,taker,0.00084382,0.00843828,0.0999990519394947785567674929,True,32795.53907312864707025602373943505074494,32762.7,27.645821514,0.221166572112,0.02771026668741497082343795181,1109.08970990952,0.0262088
mechanical_90d_trend_rearm,3,audit_d4da6accc110782d0557fa84,trade_64f54a41c72da604b1805c4f,intent_883ed19e7da45c3c7df9ecfd,71929b6819e569b6dd7fb9e387457573b39ac5686bc9f92f3e000af5a797feca,2023-02-17T00:15:00Z,2023-02-17T00:17:00Z,validation,sell,taker,0.00101754,0.03140636,0.0323991701043992363330229928,False,31757.05554728405329366408587305246453266,31725.2,32.281660008,0.258253280064,0.03241429358341558843495393926,1141.113116637456,0.02519126
mechanical_90d_trend_rearm,3,audit_3c89d74154885821ed16a23d,trade_b23b4f4dc9b13c7e4837a070,intent_06fe3516edb9ddb7467604d0,ea5a99482756f4a787ce2ef83bf1b7d61dff80c217f44299efc1c195a9692cff,2023-02-19T00:15:00Z,2023-02-19T00:20:00Z,validation,sell,taker,0.00090401,0.01185,0.07628776371308016877637130802,False,32939.1,32906.1,29.747443461,0.237979547688,0.02983233,1170.622580550768,0.02428725
mechanical_90d_trend_rearm,3,audit_003a6b221ff1059ed53b485b,trade_341a48314a15c81490a336f2,intent_bf7686ae7065c925eeff8642,7d58e9438093bf92ffee9134d8ac0e20e7412a69f98dea2486fa934e20c7c6d2,2023-02-21T00:15:00Z,2023-02-21T00:19:00Z,validation,sell,taker,0.00028357,0.00866469,0.0327270796762492368451727644,False,33328.22480515748399538817891926889479023,33294.8,9.441406436,0.075531251488,0.009478271998507736572225896137,1179.98845573528,0.02400368
mechanical_90d_trend_rearm,3,audit_17ae4043b0dfb713b0f1e92a,trade_0983e6bee4aea1750193121b,intent_94173c7a03732e253ffb56c6,1b7c7b6b3fac9074af64dc4de72acc0fe697af7d3fe68102df3b6634089e89ea,2023-03-10T00:15:00Z,2023-03-10T00:16:00Z,validation,buy,taker,0.0046493,0.05157537,0.09014574204702748618187324686,False,27920.3,27948.3,129.94003119,1.03952024952,0.1301804,1049.00890429576,0.02865298
mechanical_90d_trend_rearm,3,audit_eab31a2ad2119200bce3c4ed,trade_786987130dbff230cf3af61c,intent_a2c41f335d42194cb1b1a021,2e1dbf87f38c0b06dbb749058a4ba20cc3d5909147cc4f2bb5fc77c4a7593488,2023-03-13T00:15:00Z,2023-03-13T00:17:00Z,validation,sell,taker,0.0001577,0.00157708,0.09999492733406041545134045197,True,29904,29874,4.7111298,0.0376890384,0.004731,1053.68234505736,0.02849528
mechanical_90d_trend_rearm,3,audit_c7193db6893426b719faffc0,trade_9d60aa82623b5c901829bf9f,intent_ffb95d375c19ad035da6d412,079dd11988156bb47d725862289cbcd7a675587de01affa4cb4d4ac480f69f24,2023-03-14T00:15:00Z,2023-03-14T00:18:00Z,validation,sell,taker,0.00412813,0.04128134,0.09999990310392056071823249924,True,33045.67679900894689949502608200218306867,33012.6,136.280304438,1.090242435504,0.1365453262928039642124020199,1188.872407059856,0.02436715
mechanical_90d_trend_rearm,3,audit_201b1f5db8a3411bfd38df47,trade_efca2643dd35825c80703a7a,intent_6a11f25985e211f2a737722b,45d4385edeb1211fdedfd409cd634af100635c553e7e74330b07663c20ceda5f,2023-03-15T00:15:00Z,2023-03-15T00:16:00Z,validation,sell,taker,0.0022222,0.07811358,0.02844831846139941352067079757,False,33662.08089197806578574429695835218408886,33628.4,74.72903048,0.59783224384,0.07484567815365778908097670085,1263.003605296016,0.02214495
mechanical_90d_trend_rearm,3,audit_bfd1ed8501b53943c99972b0,trade_c02727b8586106feb69ac55a,intent_e33c596490299665a1d88da1,e1a8be2db84303ad95b3b32caa5f5112717b10fa617c109d8553e90f0bc767f8,2023-03-19T00:15:00Z,2023-03-19T00:16:00Z,validation,sell,taker,0.0009276,0.009276,0.1,True,37138.91981457524795170332039672272531263,37101.7,34.41553692,0.27532429536,0.0345251,1297.143817920656,0.02121735
mechanical_90d_trend_rearm,3,audit_1427397955c08daa04e945a4,trade_0950038c3a25c1692828e612,intent_9b3aaa8519d32814999f6ec6,84e3d4da9f78d71c2e1e647b10e070b1b5fe8d7464a2126f328b94e173e16e29,2023-03-20T00:15:00Z,2023-03-20T00:19:00Z,validation,sell,taker,0.00109216,0.0694312,0.01573010404544354699328255885,False,38367.8,38329.4,41.861837504,0.334894700032,0.041938944,1338.670760724624,0.02012519
mechanical_90d_trend_rearm,3,audit_aee888c4081620b20bea4710,trade_65e5e11a177fde4c5a52473e,intent_21a960cebd210c7c2f814396,86ad3b7ee809028a237e674ca9f25e5c2d7146b228bc7693d884e1927d509f8e,2023-04-11T00:15:00Z,2023-04-11T00:16:00Z,validation,sell,taker,0.00013893,0.30139674,0.0004609538908748648044434720827,False,40027.50707997704288374187458032890468556,39987.4,5.555449482,0.044443595856,0.005572076621210567838258635445,1344.181766610768,0.01998626
mechanical_90d_trend_rearm,3,audit_6a8ed74537a48a2c5a8a1f6c,trade_6356726675573ea70059e4d2,intent_577c2c2f2fbc420fe65ff96c,47f7bf3d6c9fbc0b33cb3f505c0016486ca9d6ab3c44cc39eac8ee204899872a,2023-04-12T00:15:00Z,2023-04-12T00:18:00Z,validation,sell,taker,0.00034679,0.00842379,0.04116793034964071991348312339,False,40734.3,40693.5,14.112098865,0.11289679092,0.014149032,1358.180968684848,0.01963947
mechanical_90d_trend_rearm,3,audit_463f7c33957d02cb09521965,trade_47a6162693c1c9a71226fe84,intent_df084454e22262f21f9c955a,6e7a1802959cc16509a29c1ec065a3fd290691ba1f21c151f47b61f34578e056,2023-04-15T00:15:00Z,2023-04-15T00:17:00Z,validation,sell,taker,0.00006276,0.00463477,0.0135411250180699365880076034,False,40864.9,40824,2.56211424,0.02049691392,0.002566884,1360.722586010928,0.01957671
mechanical_90d_trend_rearm,3,audit_649b0a86ce1a7610b2d63dfa,trade_a3a402515e7c8da6c765dfb6,intent_bec63ff3917ac37396127e44,890085b303c587e9bf608a9ef801471ffe15b491874b4052282a42984d9a38ac,2023-06-06T00:15:00Z,2023-06-06T00:20:00Z,validation,buy,taker,0.00048965,0.00489653,0.09999938732122543923962479552,True,34586.4,34621,16.95217265,0.1356173812,0.01694189,1343.634795979728,0.02006636
mechanical_90d_trend_rearm,3,audit_084d9691aafa067db34c9ddb,trade_9ef0455dc7994e684be802eb,intent_3af84c683d165f8efbea2d2b,b522a112df5b2d292387b724b3042a8d92c37e747f0eeecf3e95428b88946def,2023-06-12T00:15:00Z,2023-06-12T00:17:00Z,validation,buy,taker,0.00136866,0.01368664,0.09999970774419433842053272388,True,34612.36061853018710216678454317495017039,34647,47.41996302,0.37935970416,0.04740953584247412074840866714,1295.835473255568,0.02143502
mechanical_90d_trend_rearm,3,audit_7dea09c22d500610c613552c,trade_4ed95f092d2037e90b51433d,intent_3b30ae7741bccec416132d11,76c80dd385207d4e280229b380349a2eddaaeb22dd4c29e705b11263c1aa86fe,2023-06-15T00:15:00Z,2023-06-15T00:17:00Z,validation,sell,taker,0.00161394,0.01613946,0.09999962824035004888639396857,True,33496.3,33462.8,54.006951432,0.432055611456,0.05406699,1349.410369076112,0.01982108
mechanical_90d_trend_rearm,3,audit_9001c664de5b17ac3ded0453,trade_2b236a54451359c00c0ee43a,intent_da42144ab4e83c0f698e6673,f8ae2f2d51ea1898b57511fc49e7980d321cb9a3e6f4e78620e0200071dc130e,2023-06-18T00:15:00Z,2023-06-18T00:16:00Z,validation,sell,taker,0.00118332,0.01183322,0.09999983098429675101113644469,True,34905.5,34870.5,41.26296006,0.33010368048,0.0414162,1390.343225455632,0.01863776
mechanical_90d_trend_rearm,3,audit_50a9d5a79c4af29c5a7ee1be,trade_89c8e565d2ed2821decfc41f,intent_98f217e887423063faa6ede5,d17c8ec0b11f9a4c7c2c37b2b731a89e8706fec90036290d422598907d8ad9d5,2023-06-20T00:15:00Z,2023-06-20T00:20:00Z,validation,sell,taker,0.00133865,0.0133865,0.1,True,35400.7,35365.2,47.34162498,0.37873299984,0.047522075,1437.306117435792,0.01729911
mechanical_90d_trend_rearm,3,audit_0533cbd2256c91f6eaca7a40,trade_df8642d5f0ff97518f47e38f,intent_0e49aed5dcc25f9f846bc79a,407c9f90947f9e9cfe449ea8d8e89cdb5c2957b407a4d53455fe9fe98fdaecc7,2023-06-21T00:15:00Z,2023-06-21T00:16:00Z,validation,sell,taker,0.00144444,0.01444444,0.09999972307683786979626762962,True,37399.9,37362.5,53.9678895,0.431743116,0.054022056,1490.842263819792,0.01585467
mechanical_90d_trend_rearm,3,audit_0d86b2ec892342604eb53976,trade_e043ce8a58026ddccab2844e,intent_66d69a70f7282ccffe04787b,281e6370fa3b40f3d0390fd1ab9631632983c902c900e7e6438eb07ce5d66d91,2023-06-22T00:15:00Z,2023-06-22T00:18:00Z,validation,buy,taker,0.00079904,0.00799043,0.09999962455086897701375270167,True,39342.10926958874553684845496425098524109,39381.5,31.46739376,0.25173915008,0.03147476922780876623661054537,1459.123130909712,0.01665371
mechanical_90d_trend_rearm,3,audit_7c1a7f6c040cd5dbb34016ad,trade_8df5e75c107255e12099140d,intent_6662f65dc021fced4e9b5f86,56cc09a9ca3109b0769f2df1a751a2b5f1eeaeeb968d67ae608e3737c6fa3600,2023-06-23T00:15:00Z,2023-06-23T00:16:00Z,validation,buy,taker,0.00057865,0.00578654,0.09999930874062911515344229885,True,39344.5,39383.9,22.789493735,0.18231594988,0.02279881,1436.151321224832,0.01723236
mechanical_90d_trend_rearm,3,audit_05e18a31f7d2299045ab3037,trade_f72e4dd781f7d894da71666e,intent_ea4e24215104569964408e26,9788722d754eabeb1a3a801942d31a7a56d27367ee0291157e89cd72974e8948,2023-06-27T00:15:00Z,2023-06-27T00:16:00Z,validation,buy,taker,0.00291791,0.0294585,0.09905154709167133424987694553,False,39701.7,39741.5,115.962120265,0.92769696212,0.116132818,1319.261503997712,0.02015027
mechanical_90d_trend_rearm,3,audit_465e5e35cfff007f833c83fe,trade_a02297ab0460a53bc6c854da,intent_978c14ab74b2a26a87d3e5c6,6a07d0f0bfeec25f72e738496f0abb0d736159990f38a387da1df5a02a68a522,2023-06-29T00:15:00Z,2023-06-29T00:20:00Z,validation,sell,taker,0.00009892,0.020116,0.004917478623980910717836548021,False,39897.58031293497713263074169815072579042,39857.6,3.942713792,0.031541710336,0.003954852555527937959832968781,1323.172676079376,0.02005135
mechanical_90d_trend_rearm,3,audit_f71078c6f48745e04db258ba,trade_e51e812db2c1fc6f5e7455c4,intent_d5e0375cdc5cda7922ae7800,159e2ef95ff267b194ce4d768d45d9c345431a14f15640e80af855fabf8a945c,2023-07-01T00:15:00Z,2023-07-01T00:19:00Z,validation,sell,taker,0.00010131,0.01759,0.005759522455940875497441728255,False,40100.17093894258101193860147811256395679,40060,4.0584786,0.0324678288,0.004069717824272882319499715747,1327.198686850576,0.01995004
mechanical_90d_trend_rearm,3,audit_983803d607cf97e30f7fee43,trade_8190eb9a9c102b0e5dfc6eb6,intent_851a87b0b5a2a5d2ca17870a,bb283cd5f03139521c960b5f66e11f6d42d58c29cde163edfccf549269400320,2023-07-04T00:15:00Z,2023-07-04T00:16:00Z,validation,sell,taker,0.0001299,0.001299,0.1,True,41185.3,41144.1,5.34461859,0.04275694872,0.00535188,1332.500548491856,0.01982014
mechanical_90d_trend_rearm,3,audit_3eb5d2a5663dca6fa4732e80,trade_682e2e69899a7410864d2470,intent_b38f55d2e2ff19f25f24d9ef,32a06f51a7e6aab4f361f43e402eddcbe6654a4a6ed5911ecdc11d72a126dbf3,2023-07-05T00:15:00Z,2023-07-05T00:18:00Z,validation,sell,taker,0.00006488,0.00064887,0.0999892120147333055927997904,True,40664.2,40623.5,2.63565268,0.02108522144,0.002640616,1335.115115950416,0.01975526
mechanical_90d_trend_rearm,3,audit_1a774e890a942e0ef85ae5e2,trade_7e2773fee56bbef135c6c0e5,intent_38149e7732f9b87a01c6a5a3,d7a073f5a5e7bb163e0a66e10c90ea3398e71f7c36b3f98260c22e981112a39c,2023-07-11T00:15:00Z,2023-07-11T00:18:00Z,validation,sell,taker,0.00061468,0.00614687,0.09999886120903809581136415769,True,40352,40311.6,24.778734288,0.198229874304,0.024833072,1359.695620364112,0.01914058
mechanical_90d_trend_rearm,3,audit_206e2891f7269e5462818da3,trade_e2395a72ad9d6ff6b7851b7b,intent_eabcd21f0d8662adbcd368c5,7b400a75834c1753ec0066136238542ff3006bcffa3e2867490b8768b8425e1a,2023-07-13T00:15:00Z,2023-07-13T00:17:00Z,validation,sell,taker,0.00007,0.0007,0.1,True,40072.1,40032,2.80224,0.02241792,0.002807,1362.475442444112,0.01907058
mechanical_90d_trend_rearm,3,audit_88d8d3c0bb7c5a209172af42,trade_1a364f0fb7e19295a8ebf19a,intent_36e599ef3c36a0711f74a23e,367d4e35274c53d78e57ae3b5056c912f5e7bb67ed4beef2e4a252b255fe9dd1,2023-07-18T00:15:00Z,2023-07-18T00:17:00Z,validation,sell,taker,0.00094176,0.00941764,0.09999957526514073589561716099,True,39782.6666363335188008885453255805063689,39742.8,37.428179328,0.299425434624,0.03754480343345466592479644582,1399.604196337488,0.01812882
mechanical_90d_trend_rearm,3,audit_fb35a3034f5ec9b3b24a96bf,trade_97937ede8f406734dc03476a,intent_a3d5e3664015800ed3b62477,0375d23f76bda29f0be04b23f6eb72ff9e30effaa5fbd09539411ed68919c3dc,2023-07-27T00:15:00Z,2023-07-27T00:18:00Z,validation,sell,taker,0.00755606,0.07556064,0.09999994706238591944165639677,True,38725.3,38686.5,292.31751519,2.33854012152,0.293175128,1689.583171405968,0.01057276
mechanical_90d_trend_rearm,3,audit_d0f832dff948b7fc29adb1d1,trade_3d06f1e587a1d9e1ffbb1a27,intent_791335cfb9a5fabc9304266c,f3416ca2e871e1309d94aa8f5fdb10a8014642b739417a534f9f35732d999118,2023-07-29T00:15:00Z,2023-07-29T00:16:00Z,validation,sell,taker,0.00020551,0.00205514,0.09999805366057786817443093901,True,38777.8,38739,7.96125189,0.06369001512,0.007973788,1697.480733280848,0.01036725
mechanical_90d_trend_rearm,3,audit_1fbd30d866415db2ad7fe56c,trade_29d7fb684e3f08e0aa421539,intent_1bafe068591d148aa118d37f,81e6ee03c6ef4e296dc784e40894ad1bcc0234770d1a529fe399bba6e90f3247,2023-07-30T00:15:00Z,2023-07-30T00:17:00Z,validation,sell,taker,0.0000872,0.000872,0.1,True,38834.9850573394495412844036697247706422,38796.1,3.38301992,0.02706415936,0.003390777,1700.836689041488,0.01028005
mechanical_90d_trend_rearm,3,audit_1107487ef6f5d534f2f5393c,trade_e46f0e113e77a63d0ee79d7c,intent_7d8f72393fd133cba980bc41,c248b16eeb084cba34d71d0e1a1c7f4745bfcdca73f3a22b618d0089ab0ab034,2023-08-02T00:15:00Z,2023-08-02T00:16:00Z,validation,sell,taker,0.0012572,0.012572,0.1,True,39399.42686127903277123767101495386573338,39360,49.483392,0.395867136,0.04956745,1749.924213905488,0.00902285
mechanical_90d_trend_rearm,3,audit_a65d79216fec10c2580edcae,trade_34ede5f8b9f0d6ea50a1dca1,intent_d15d062ab646d744d8c30495,3cbf465119573a643ee3a0002a3abe9002c0197abf413cb33396f445c1d63616,2023-08-03T00:15:00Z,2023-08-03T00:17:00Z,validation,sell,taker,0.00012136,0.0012136,0.1,True,38858.7,38819.8,4.711170928,0.037689367424,0.004720904,1754.597695466064,0.00890149
mechanical_90d_trend_rearm,3,audit_692d7d31974523051155f00d,trade_38afe318c7737be7030cf962,intent_32b0b7ad29ea27da458220d3,9b70864f8418e617718a16a6aa1e29c658c5c0d92270d5b36bde49adce95b552,2023-08-04T00:15:00Z,2023-08-04T00:20:00Z,validation,sell,taker,0.0016005,0.016005,0.1,True,38990.3918761012183692596063730084348641,38951.4,62.3417157,0.4987337256,0.0624064977,1816.440677440464,0.00730099
mechanical_90d_trend_rearm,3,audit_e1f570ed7baad452b411e308,trade_8197e5def8f40c6391f1e9b4,intent_b2a9d91f29d57abba9624bdb,5145dd26bac9a830dcc461c8dace433581d67a80d49f3ca7befe8dddb03c84a5,2023-08-05T00:15:00Z,2023-08-05T00:16:00Z,validation,buy,taker,0.0002941,0.00294107,0.09999761991384088103989364415,True,38758.25476442247209348978433019275297766,38797.1,11.41022711,0.09128181688,0.01142438378335095730465442849,1804.939168513584,0.00759509
mechanical_90d_trend_rearm,3,audit_94cc4091bcc5aa1bdd8a6fe4,trade_210e81cce9fe123d0bda3a8a,intent_705262c048d3a23249abec60,686e56464ca46fd35a0862296fd0d472fd9bc91bc17d33aa1f2b34a0aa5e889c,2023-08-07T00:15:00Z,2023-08-07T00:16:00Z,validation,buy,taker,0.00073217,0.00732178,0.09999890736951943379888497059,True,38818.5,38857.4,28.450222558,0.227601780464,0.028481413,1776.26134417512,0.00832726
mechanical_90d_trend_rearm,3,audit_930fe259b2d9c47da1cec260,trade_c74cb47f141e71b67e081f2e,intent_0b916f069ae6226a3d4411cb,53e71c46f434be6981855e868d0902007c55f16c063097f798a32745c9f08a1f,2023-08-08T00:15:00Z,2023-08-08T00:18:00Z,validation,buy,taker,0.00629777,0.06297778,0.09999987297107011393542293806,True,39008.82034404832942666445212898898627421,39047.9,245.914693183,1.967317545464,0.2461146848627523866354133156,1528.379333446656,0.01462503
mechanical_90d_trend_rearm,3,audit_bf86cc965c226edbe1105069,trade_21273c07eed32e7b321a16a9,intent_eb0d59ca9fa8b0c983dafec0,be59ae95146fbb567a6dcdca81c90892b90205e1e01373635a1696a91a9a15b1,2023-08-09T00:15:00Z,2023-08-09T00:16:00Z,validation,buy,taker,0.001558,0.01558,0.1,True,40012.1,40052.2,62.4013276,0.4992106208,0.0624758,1465.478795225856,0.01618303
mechanical_90d_trend_rearm,3,audit_2b05295a1805fb7a7bdfd04b,trade_a9592cf07403cbc1a10ca77e,intent_4f005356d1f9928fc0f5469f,dafe3a39f5f4def9fa24380def94fa09825926af26caf9c89ec268e083d3672a,2023-08-10T00:15:00Z,2023-08-10T00:16:00Z,validation,buy,taker,0.00009995,0.00099956,0.09999399735883788867101524671,True,39716.2,39756,3.9736122,0.0317888976,0.00397801,1461.473394128256,0.01628298
mechanical_90d_trend_rearm,3,audit_6683d5330d7901f2107cb008,trade_fee703803b461f31866c38fc,intent_0b603b3e2fe3d50a8cdef688,242896abc4e0e9f972d32e8d89850038c1c72cb2c3a4ccd2172c71fa69d41024,2023-08-14T00:15:00Z,2023-08-14T00:17:00Z,validation,buy,taker,0.00093963,0.00939638,0.09999914860829383230563259468,True,39347.62961810825019848069150034374940137,39387,37.00920681,0.29607365448,0.03699359193694486600158784554,1424.168113663776,0.01722261
mechanical_90d_trend_rearm,3,audit_ee2f8c404f6be9cab38f93c2,trade_5d9a031d614fe184eb8cbbaf,intent_68813490dda98099763d53e8,ad7c54385170745224940b1cd6596a6ec938ccc27697f532936b37e935b3b7ba,2023-08-15T00:15:00Z,2023-08-15T00:16:00Z,validation,buy,taker,0.00065467,0.00654675,0.09999923626226753732768167411,True,39481.6,39521.1,25.873278537,0.206986228296,0.025859465,1398.08784889848,0.01787728
mechanical_90d_trend_rearm,3,audit_0a44f2d114879599cf86b35e,trade_6c0a166c7f108ca33623b29e,intent_445bae31ea28f006980cd367,845b7cc26508cbbcdd9cf6cb44cdcd348d4665eb6e0c6fc121b7c78df2ca3997,2023-08-17T00:15:00Z,2023-08-17T00:19:00Z,validation,buy,taker,0.00106742,0.01067424,0.09999962526606109662139880685,True,38790.1,38828.9,41.446744438,0.331573955504,0.041415896,1356.309530504976,0.0189447
mechanical_90d_trend_rearm,3,audit_802ca2c80ae75cb509c09110,trade_843540c53c8aaad038306e36,intent_a0dc78c8c9d470f05503bd9d,a6eff3b2b1ea357f329f96364ec6c6195ac7e94b234a3b9db82b84e81fe4185e,2023-08-18T00:15:00Z,2023-08-18T00:17:00Z,validation,sell,taker,0.00130559,0.01305592,0.09999984681278684305663637645,True,36303.97911889778736389316111005582142047,36267.6,47.350615884,0.378804927072,0.04749621384176220442527221368,1403.281341461904,0.01763911
mechanical_90d_trend_rearm,3,audit_171e12a8ca5b096bddf12cec,trade_a238ec2dc7c20a947f3dc7d9,intent_f19fdadfef589936676a2d82,407db7bf1cef626bf22e1ceeff22106de36210cb46765f8f99dbe0e61144e8ba,2023-08-23T00:15:00Z,2023-08-23T00:18:00Z,validation,sell,taker,0.000998,0.00998,0.1,True,35387.8,35352.4,35.2816952,0.2822535616,0.0353292,1438.280783100304,0.01664111
mechanical_90d_trend_rearm,3,audit_ed430f71a48bb28c39f8c532,trade_e642bc3bf3331737216134ef,intent_5ba8fa5ef1b683574547aadd,8fa2521f0a9f2f0205a6aa2f82538d37b1264a39a86f7963045151b59262ac0d,2023-08-24T00:15:00Z,2023-08-24T00:16:00Z,validation,sell,taker,0.00026395,0.00263959,0.09999659037956652358889069893,True,35831.8,35795.9,9.448327805,0.07558662244,0.009475805,1447.653524282864,0.01637716
mechanical_90d_trend_rearm,3,audit_beebbd6887f7a3ff0e7466f7,trade_828be225143c8e94f342db84,intent_2c79f4a465b21980452e972b,f85277c4f16912c524087b87531680267f0c9c7a107681f3bbbb751881f99489,2023-08-26T00:15:00Z,2023-08-26T00:16:00Z,validation,sell,taker,0.00148606,0.01486061,0.09999993270801131312913803673,True,35380.69554109824563056294458975775556993,35345.3,52.525236518,0.420201892144,0.05259989780445890175436943706,1499.75855890872,0.0148911
mechanical_90d_trend_rearm,3,audit_2ab5b7c93b613fb4f2c0e690,trade_1b0bde8a3598b5756ca72a62,intent_5497352a90bb36bb8c97035b,8737685da0e97f58c5822b6ce6b66b5a755c72eb4bd3e976fd368122f531aab4,2023-08-27T00:15:00Z,2023-08-27T00:18:00Z,validation,sell,taker,0.0001168,0.001168,0.1,True,35331.7,35296.3,4.12260784,0.03298086272,0.00413472,1503.848185886,0.0147743
mechanical_90d_trend_rearm,3,audit_e0c09e451b6770fb1f425430,trade_53ec67a0d02f8ef5fc5a8060,intent_81c9c3ea246e73cf99213af9,f45414b777847f9c75390328d49738544e432502624bb0f57e89bf07fba1e587,2023-08-29T00:15:00Z,2023-08-29T00:19:00Z,validation,sell,taker,0.00401328,0.04013284,0.09999990033100074652080440856,True,35437.19927877020415201117090143632994824,35401.7,142.076934576,1.136615476608,0.1424685455028849191833919553,1644.788504985392,0.01076102
mechanical_90d_trend_rearm,3,audit_d9976b10b2ac2340ffe1def9,trade_ffb9b77d52d1d435a7db247d,intent_77365d8564a591d2f7825841,d55f8b0191090471eb3a956c8403b050306bf4d98414d006140cfb54cd66d2bd,2023-08-30T00:15:00Z,2023-08-30T00:16:00Z,validation,buy,taker,0.0014226,0.014226,0.1,True,37596.6,37634.2,53.53841292,0.42830730336,0.05348976,1590.821784762032,0.01218362
mechanical_90d_trend_rearm,3,audit_71985d476c408dcf081112a5,trade_41276811a14b77bcfe00255b,intent_f4dd57e14d814e6ed263461a,0b60276de01d835364a78eebb919a03993d76cfccfc8f5fe47f8f1d03c8fb2a5,2023-08-31T00:15:00Z,2023-08-31T00:16:00Z,validation,sell,taker,0.00066232,0.00662323,0.09999954704879643316025564566,True,36814.40398929223354767990844346338568946,36777.5,24.3584738,0.1948677904,0.02444225018803212329935696027,1614.985390771632,0.0115213
mechanical_90d_trend_rearm,3,audit_4af502017da499bdfa188901,trade_104799bad30a93f045c915c1,intent_73e54b2dece15aad077d2f1c,9f47da699800dbf843e849f16454d7083329826c6292a1b3450023bc12574475,2023-09-01T00:15:00Z,2023-09-01T00:16:00Z,validation,sell,taker,0.00956711,0.09567115,0.09999994773764086665624903641,True,35120.0997909505634666249961456510139159,35084.9,335.661097639,2.685288781112,0.336760272001045247182666875,1947.96119962952,0.00195419
mechanical_90d_trend_rearm,3,audit_c5004402978e006cbf2f297e,trade_4de0c8fe9789fe8621e5009b,intent_bcbe292ea2f4bcbc12bbbf0e,3c515ee7f4d513573001a5ef13f0c3ac0d3b028a572e6fc8a4b5211208781871,2023-09-05T00:15:00Z,2023-09-05T00:17:00Z,validation,sell,taker,0.0002112,0.002112,0.1,True,35037.3,35002.2,7.39246464,0.05913971712,0.00741312,1955.2945245524,0.00174299
mechanical_90d_trend_rearm,3,audit_7a851c6183530aca91a18754,trade_1b63b73451039839ded83ad6,intent_5e2f9662db51cd5b150577ea,58e748cfdef5ef4e733e456e09ee2238b65e47742983ba602db073c9bf233511,2023-09-06T00:15:00Z,2023-09-06T00:17:00Z,validation,sell,taker,0.00174299,0.0499,0.03492965931863727454909819639,False,35112.3,35077.1,61.139034529,0.489112276232,0.061353248,2015.944446805168,0
mechanical_90d_trend_rearm,3,audit_34afb8a35ad30db39d18b0f5,trade_d1e63655155e183253c165c0,intent_1ced30c373d4826230290948,d016707baae713063ac71e75169dcff5290530a28b718ae42a115e4d5c23a3af,2023-10-21T00:15:00Z,2023-10-21T00:16:00Z,validation,buy,taker,0.0004386,0.004386,0.1,True,40820.4,40861.3,17.92176618,0.14337412944,0.01793874,1997.879306495728,0.0004386
mechanical_90d_trend_rearm,3,audit_4dd0516924a62a4f13684ef0,trade_cdc98b38280838f6ca3a5475,intent_d8616b015daa799e1607931b,53d8ebf6efd779b52d2ea033e4e929affc28155b301c9f88c61a0b0296d0a4e8,2023-10-22T00:15:00Z,2023-10-22T00:16:00Z,validation,buy,taker,0.00264766,0.02647669,0.09999966007835571591464038745,True,41113.0426144657810322967108048626924287,41154.2,108.962329172,0.871698633376,0.1089707633835301920292906704,1888.045278690352,0.00308626
mechanical_90d_trend_rearm,3,audit_8d0a8d04416d2dc4a9aa4070,trade_ac09213ffa5a7c00c98f6fb8,intent_8423788f9aa2191e072cc584,1fe2cf98349969b858516346a8f482ccef9c898fa6e5ed8f5c6d9cc1cd3328f5,2023-10-23T00:15:00Z,2023-10-23T00:20:00Z,validation,buy,taker,0.0011924,0.011924,0.1,True,41046.2,41087.3,48.99249652,0.39193997216,0.04900764,1838.660842198192,0.00427866
mechanical_90d_trend_rearm,3,audit_f725993556f3b84d7f4aed77,trade_19b3bdce683d041227f961ac,intent_3b42731d686242e70c0c3797,8301e43b8b5d0c9c896239d77595bfaf7b171249c4f6c8699b83b0a54d0cdc8e,2023-10-24T00:15:00Z,2023-10-24T00:16:00Z,validation,buy,taker,0.00007841,0.00078417,0.09999107336419398854840149457,True,45123.24570182485940548605531963732353954,45168.4,3.541654244,0.028333233952,0.003540548519912774015838402387,1835.09085472024,0.00435707
mechanical_90d_trend_rearm,3,audit_8a1709990835d522dded0278,trade_cb90f4ccc8ef958ad49285cc,intent_afd5b9f2f567510cad269842,33eda11989e2ac2cfdc5693c7014b1204802ef3d91dfc46aeaef2f8a18d0ba36,2023-10-25T00:15:00Z,2023-10-25T00:16:00Z,validation,buy,taker,0.01285769,0.48876617,0.02630642378542688418881364068,False,46471.73321620029471352323750230094689246,46518.3,598.117880727,4.784943045816,0.5987412703936326648794043991,1232.188030947424,0.01721476
mechanical_90d_trend_rearm,3,audit_97d3f4bb4f0a0e69b66fa83b,trade_911ee808c3ac51fc7b61694f,intent_fbf777cdcd700de45a4e31b8,145d91c59bf43aafc55f50d4644462f0f7e0e87caac32e2af0c145c9c34949e2,2023-10-26T00:15:00Z,2023-10-26T00:16:00Z,validation,sell,taker,0.00043908,0.00612436,0.07169402190596241893030455427,False,47688.08975370487691775140586118386247706,47640.4,20.917946832,0.167343574656,0.02093961705673735704628728553,1252.938634204768,0.01677568
mechanical_90d_trend_rearm,3,audit_d626750826735b449775094a,trade_0c1484cc09377f7d71729956,intent_2b287e2efad7ecb33ca89094,97c7f7afc87f8ecf71444fc71a1ab1d236684d59a098ecc9b7f3fa151a99ca35,2023-11-02T00:15:00Z,2023-11-02T00:17:00Z,validation,sell,taker,0.00054576,0.03978151,0.01371893625958391222454854026,False,49291.70720043055178146832536019874559814,49242.4,26.874532224,0.214996257792,0.02690989770697794025415324858,1279.598170170976,0.01622992
mechanical_90d_trend_rearm,3,audit_2893464b04493061cfd81e04,trade_cc4bf77a1db761406885d36d,intent_7f162f298610694b9624befb,e500d423fbb4ba8e46d6c626a77bf88e4f149a9cb3776948382b4503fd9ea491,2023-11-10T00:15:00Z,2023-11-10T00:16:00Z,validation,sell,taker,0.0001731,0.001731,0.1,True,50766.2,50715.4,8.77883574,0.07023068592,0.00879348,1288.306775225056,0.01605682
mechanical_90d_trend_rearm,3,audit_982a3574c3241e78c14bd899,trade_28e5eff7a46e351a77f687f1,intent_9f151d65efa5f7fe0c10c103,5945d9456597dd44ba8f0eb45c70403a35a3f9d59354b6b8c4e9aa105e1c3c13,2023-11-11T00:15:00Z,2023-11-11T00:17:00Z,validation,sell,taker,0.00052965,0.03783957,0.01399725208293857461910904379,False,51522.59516773050010874859307333566422663,51471,27.26161515,0.2180929212,0.02732738058845938259869232129,1315.350297453856,0.01552717
mechanical_90d_trend_rearm,3,audit_4fb4a3272b8ba5d6f8081cbe,trade_39a8cfb8980c18872723922e,intent_2ec1c64615d46687ccb42468,b4f0a06391e0a5169ed5a1407548e85234e4115224a5de6c59361e4187ae4e1f,2023-11-16T00:15:00Z,2023-11-16T00:16:00Z,validation,sell,taker,0.00010218,0.04173075,0.002448554123757660717815998994,False,51863.90418185630500290553129287156353528,51812,5.29415016,0.04235320128,0.005303569302077245196887187505,1320.602094412576,0.01542499
mechanical_90d_trend_rearm,3,audit_47a70e1053068ac9f44c009d,trade_0d0a80128236c1937b616ead,intent_264ac64a6e6bdb95f2feb404,ccc25686aa857683b2440fab5e4e81489f2f94aed203bb926466e6ab54959de5,2023-12-02T00:15:00Z,2023-12-02T00:16:00Z,validation,sell,taker,0.00006565,0.0037645,0.01743923495816177447204143977,False,52085.6,52033.5,3.415999275,0.0273279942,0.003420365,1323.990765693376,0.01535934
mechanical_90d_trend_rearm,3,audit_4e2747c731bc456e760a6ded,trade_03ddcf052ffb01d934eef723,intent_0bb3ccb83026c00d158f46ad,364963d4a4731ed43ec48da3bfd1061dceaf6f672b0bb0b351efa519030ee361,2023-12-04T00:15:00Z,2023-12-04T00:16:00Z,validation,sell,taker,0.00054436,0.11738486,0.004637395316568082118937655163,False,53999.40481952272209550703557511590506646,53945.4,29.365717944,0.234925743552,0.02939806355538899991020988567,1353.121557893824,0.01481498
mechanical_90d_trend_rearm,3,audit_c8b2ff66547837420653e1fb,trade_96476cd75aafb75243a81636,intent_45330eefdc9e774d721f797a,c11b0520931639f27452ece452fb9b87f5cfd2e666494232cdd8d21514c916d4,2023-12-05T00:15:00Z,2023-12-05T00:16:00Z,validation,sell,taker,0.00027228,0.0027228,0.1,True,56623.1,56566.4,15.401899392,0.123215195136,0.015438276,1368.400242090688,0.0145427
mechanical_90d_trend_rearm,3,audit_fc82566a624f7d1e25a4fddb,trade_cbe12796357c8a09143e28df,intent_c90b07113405c79767fab19c,a5f9f977d53df485c48f6b6dcc75c11a9b5c0c69a0cd7b113ca6ae4ad698f1e7,2023-12-06T00:15:00Z,2023-12-06T00:16:00Z,validation,sell,taker,0.00119867,0.0181022,0.06621681342599242081073018749,False,59951.91184226226646484957629459402724531,59891.9,71.790623773,0.574324990184,0.07193439496451094342124161704,1439.616540873504,0.01334403
mechanical_90d_trend_rearm,3,audit_ddb50ff967a9fade8879d4b4,trade_0b0f6f6070b1ebcc2957c63a,intent_6160386ffb7615208f3a6af7,f8400990098e0eb1f136fb8fcf24c40daa7f75808f4a178b0bab83413b121c9b,2024-01-09T00:15:00Z,2024-01-09T00:16:00Z,validation,sell,taker,0.00062745,0.03503096,0.01791129903376898606261432744,False,62909.99857269112807642154254408100720049,62847,39.43335015,0.3154668012,0.03952845443504831155069686928,1478.734424222304,0.01271658
mechanical_90d_trend_rearm,3,audit_1baeaa709b80ad29543975f5,trade_0ff9e85136647dd6cf29cd4b,intent_14a87c8793666af2bc1d1420,199c8c60a2716a8d2918c9357e21838f71258c760650baff35b2ab040302ef6b,2024-01-23T00:15:00Z,2024-01-23T00:16:00Z,validation,buy,taker,0.0002673,0.002673,0.1,True,53555.5,53609.1,14.32971243,0.11463769944,0.01432728,1464.290074092864,0.01298388
mechanical_90d_trend_rearm,3,audit_9fbcb8df07541de28940a7e0,trade_da11b610a6c3718ed579aae8,intent_3cc6152a0b4b073afd3a8794,d94c6074662be841591b54718a3ae5b87896c40971c3d04c5e979998a360b331,2024-02-10T00:15:00Z,2024-02-10T00:16:00Z,validation,sell,taker,0.00015112,0.00151122,0.09999867656595333571551461733,True,63406.6,63343.1,9.572409272,0.076579274176,0.00959612,1473.785904090688,0.01283276
mechanical_90d_trend_rearm,3,audit_2abddc70bcb33e53c322012c,trade_8cdef873d1fa0401be6e8975,intent_d562bbc6d853f30bf5a7f542,d6084d7a3b5a5d344dea87aff13e333bfc3d1529e76b1d209fddf73d0e290518,2024-02-11T00:15:00Z,2024-02-11T00:18:00Z,validation,sell,taker,0.00035284,0.00562604,0.0627155157090955627759489801,False,64103.00321807168096920747097425542655225,64038.9,22.595485476,0.180763883808,0.02261817946441191317516405856,1496.20062568288,0.01247992
mechanical_90d_trend_rearm,3,audit_af3c10cf7d6b409981229d70,trade_019c4ddccf078c5b0d25df93,intent_9b73f9f3eb85a6b3a88c0ab6,d52b0c37f0ceef45f339c390ed541b8b45c5982f7524099c77aef3988a610cbd,2024-02-13T00:15:00Z,2024-02-13T00:17:00Z,validation,sell,taker,0.00057737,0.01434217,0.04025680911605426514955547173,False,67212.5,67145.2,38.767624124,0.310140992992,0.038857001,1534.658108813888,0.01190255
mechanical_90d_trend_rearm,3,audit_6cc00ffdf07336e234c19f36,trade_9672a08494c173b93dab5405,intent_aeda523568f33cc8d56da0f4,3c0b8eeb87d7c5c7beb7c20fbcf85aa0f6b8d0c5f8503a994aff2be286ac1098,2024-02-15T00:15:00Z,2024-02-15T00:17:00Z,validation,sell,taker,0.00051502,0.00532049,0.09679935494663085542872930877,False,70252.3,70182,36.14513364,0.28916106912,0.036205906,1570.514081384768,0.01138753
mechanical_90d_trend_rearm,3,audit_3f84005e7e9a9efd614d1af6,trade_2737e989da9b1b29710458d4,intent_26745d0f73e8f02180ba43fe,f382bc950dbdb28100c47c9817ea9545465f645c16c17eb33a2fc0520d466aff,2024-02-19T00:15:00Z,2024-02-19T00:16:00Z,validation,sell,taker,0.00006351,0.04747791,0.001337674720728018566950398617,False,70646.32381282158376390199147350841686165,70575.6,4.482256356,0.035858050848,0.004491669352298784845415478483,1574.96047968992,0.01132402
mechanical_90d_trend_rearm,3,audit_7e74c41a2c8cdea5e6eeb27e,trade_a7e5ad5ef14888a06fed5fcf,intent_6acf3c7946aca91ea64873fd,db291ae054516a255d715931026a4f4597b6cbbe1fb740f43a91c07ec1dcfa03,2024-02-27T00:15:00Z,2024-02-27T00:16:00Z,validation,sell,taker,0.00046432,0.00484,0.09593388429752066115702479339,False,73666.9,73593.2,34.170794624,0.273366356992,0.034220384,1608.857907956928,0.0108597
mechanical_90d_trend_rearm,3,audit_9df60140aa9145c1cec6de5a,trade_2f266da6ed0a981a90a43294,intent_e295e7ddb9dfb71dc884a82f,2ff2892240ea9790aa2aa96023de01433c2efd807e4f89173f22de905084426b,2024-02-28T00:15:00Z,2024-02-28T00:16:00Z,validation,sell,taker,0.0004777,0.01059444,0.04508968855361869055844386301,False,77056.47424875689512612275873005085686454,76979.4,36.77305938,0.29418447504,0.03681836863116880174884184534,1645.336782861888,0.010382
mechanical_90d_trend_rearm,3,audit_3804ac764f63ed69e9e16e9d,trade_1f0627d398aec405914284bb,intent_e6afa97ba91440e713620d80,073580f8d78c25128af6b24eb362802c92bcb2cc5ed64621790bb32d8fb0f8ec,2024-02-29T00:15:00Z,2024-02-29T00:16:00Z,validation,sell,taker,0.00011905,0.0011905,0.1,True,83904.6,83820.6,9.97884243,0.07983073944,0.0100002,1655.235794552448,0.01026295
mechanical_90d_trend_rearm,3,audit_ac43a5dc8748f3faa95c8e83,trade_bf7b65007c8fcf18d0d10b64,intent_5579b397a981d4ec747d4256,2b605a3de028302811954c90b069a33078c9073f7552d449da07f00b9eb8a37a,2024-03-01T00:15:00Z,2024-03-01T00:17:00Z,validation,sell,taker,0.00063277,0.07900336,0.008009406182218072750323530544,False,83072.19963615471544501398421535489123501,82989.1,52.513012807,0.420104102456,0.05258295676961929214149879195,1707.328703256992,0.00963018
mechanical_90d_trend_rearm,3,audit_43fa2d3e93b09f04b9ad3fe9,trade_1e9a0c21c3704fecbb04954a,intent_4d433cea888c48a5c3466838,bd5105fa24635ac146b4fb2789abb82470affc6fba86c695d7921caf9b01526e,2024-03-02T00:15:00Z,2024-03-02T00:16:00Z,validation,sell,taker,0.00005507,0.00796297,0.006915761330257429074830119918,False,83550,83466.4,4.596494648,0.036771957184,0.004603852,1711.888425947808,0.00957511
mechanical_90d_trend_rearm,3,audit_2f3be0d36b2baacbde756d63,trade_e03cebb9f9dd05b2c7789620,intent_1f0d8c5366b8528113c448d7,f51745adb079a343c0e58ec95f656994295115d91379a4942ed59c566d1b132d,2024-03-05T00:15:00Z,2024-03-05T00:17:00Z,validation,sell,taker,0.00093326,0.01063407,0.08776131810304051035962712301,False,92572.82737446716073902090168674834752827,92480.2,86.308071452,0.690464571616,0.08644542349522243129864670818,1797.506032828192,0.00864185
mechanical_90d_trend_rearm,3,audit_9eeabfd8a0ecc03e896b1aa7,trade_fbf9a4e113b44bb9c72b726a,intent_c136bb2ca5f35ba5c067713e,b29a8f4e2cf12d0b239dc3da7dbcbce36b35bb873a9a36213f82c7e97c507c51,2024-03-12T00:15:00Z,2024-03-12T00:16:00Z,validation,sell,taker,0.00041608,0.00757427,0.05493334671196036053639492651,False,97255.35892303812776676828261997525834173,97158.1,40.425542248,0.323404337984,0.04046749269770420119694703252,1837.608170738208,0.00822577
mechanical_90d_trend_rearm,3,audit_bb91a45a12a993d30a127091,trade_9be63f6ab606cad971662d2f,intent_c178ba2f19d2fcad86a6b9a4,df9d42d51ddd75d4bb3a55cf642ab31649272d8689b737ba0809247a973ed8f0,2024-03-14T00:15:00Z,2024-03-14T00:17:00Z,validation,sell,taker,0.00009245,0.00168,0.0550297619047619047619047619,False,98360.9,98262.5,9.084368125,0.072674945,0.00909708,1846.619863918208,0.00813332
mechanical_90d_trend_rearm,3,audit_faaa65f452238eb4f3fec982,trade_7e40267b2ab7ad287a6bc724,intent_30ab566542e0a326c70b50fb,032996b2f714c65e8627f0e91a068cec1eaba5f1a64f88a101a620776ea8d99d,2024-05-02T00:15:00Z,2024-05-02T00:16:00Z,validation,buy,taker,0.00033192,0.00331925,0.09999849363561045416886344807,True,79878.70113549747683964751073284627551405,79958.6,26.539858512,0.212318868096,0.02652003110567748738419823755,1819.867686538112,0.00846524
mechanical_90d_trend_rearm,3,audit_ebf5788bf066b7cdd6e482e4,trade_be0cccbc8556c97193ae29c8,intent_b1b8a91ff576bd2824cadf0d,cc20ba69eecd15407d938b2b70af4e95e06d3a02db52f3d7c67490fed5da64b0,2024-05-21T00:15:00Z,2024-05-21T00:16:00Z,validation,sell,taker,0.00006393,0.00063936,0.09999061561561561561561561562,True,96662.2,96565.5,6.173432415,0.04938745932,0.006182031,1825.991731493792,0.00840131
mechanical_90d_trend_rearm,3,audit_3d76880b9c53b39760372b7d,trade_954cbbabff0fd8cdd8c9cca9,intent_d25697011454041a9e282169,5d0c4125543b927d83f2a24d835fded6b61b49413bae4a15e8ced5e7f28785b7,2024-06-05T00:15:00Z,2024-06-05T00:16:00Z,validation,sell,taker,0.00006646,0.00304121,0.02185314397887682863070948734,False,95982.54131085982224180507100792118926348,95886.5,6.37261679,0.05098093432,0.006382905519743786190365019186,1832.313367349472,0.00833485
mechanical_90d_trend_rearm,3,audit_408f70c5250c5191ad60fc19,trade_cc3e0ebddb66ed0c0cf097b1,intent_0b644d104b132f4284b83dd3,5ea4f8d1e15c50a7b22053f670d7440f702caed6fb7b77506a16c2352ddf77a6,2024-06-06T00:15:00Z,2024-06-06T00:17:00Z,validation,sell,taker,0.00010304,0.00498223,0.02068150205831525240705467231,False,97184,97086.8,10.003823872,0.080030590976,0.010015488,1842.237160630496,0.00823181
mechanical_90d_trend_rearm,3,audit_51733ef0407897a4aeb98221,trade_a1d4da705d548b6197911fdd,intent_05654d17b413fd0ae7a637b2,7406d019bf3341f828e49e51dc07990773e7238cb91f47604167e6ed75bd3cd4,2024-06-10T00:15:00Z,2024-06-10T00:16:00Z,validation,sell,taker,0.00285876,0.02858761,0.09999996501981103002314639104,True,95375.76751802616588095332208603657318678,95280.3,272.383510428,2.179068083424,0.2729187218324819738341190467,2112.441602975072,0.00537305
mechanical_90d_trend_rearm,3,audit_4debd972ef2e35476a3ecc1c,trade_01541bd3b9e82f30d8eecbe1,intent_dacea123cbe25dc8515369ee,798cea2407b2f6817926fc5384a9d931edc71ddabc21da8597a4fc058fb06ab9,2024-06-11T00:15:00Z,2024-06-11T00:19:00Z,validation,sell,taker,0.00101519,0.01015197,0.0999993104786558667923565574,True,95620,95524.3,96.975314117,0.775802512936,0.097153683,2208.641114579136,0.00435786
mechanical_90d_trend_rearm,3,audit_f4100cd16fd62a30f682ec61,trade_92cb2535369bc9d86dea48a2,intent_012266ad01d5e944f938c1a4,0926650bdd506b72a20ced0c86d4f5689f825800953594e2630e4dd7609f7302,2024-06-12T00:15:00Z,2024-06-12T00:17:00Z,validation,sell,taker,0.00083429,0.00834291,0.09999988013774570263852780385,True,92790.37763741907799556749383608357275819,92697.5,77.336597275,0.6186927782,0.0774868841223625809220044325,2285.359019075936,0.00352357
mechanical_90d_trend_rearm,3,audit_cbdce71480151632bac39a30,trade_473782854ed398e9bc24b8bc,intent_860df8c31adcb8ec789aaee0,657823ecaf8da654f66e309363ee8ca5654fb6fe6a378758090f462689be5c2b,2024-06-13T00:15:00Z,2024-06-13T00:19:00Z,validation,sell,taker,0.00098926,0.00989268,0.09999919132125975974154627462,True,93399.9,93306.5,92.30438819,0.73843510552,0.092396884,2376.924972160416,0.00253431
mechanical_90d_trend_rearm,3,audit_222989a785c8e9c935f6e599,trade_c701c3f4d57a35a6182fc265,intent_2b4743d5bf693951fd5c34f5,bb3fa33482ed0786fef5e21f2585f0656bb83640045ef9c920b1e449cd20d152,2024-06-14T00:15:00Z,2024-06-14T00:16:00Z,validation,sell,taker,0.00033456,0.00334561,0.09999970110084558570783803253,True,91817.32305349398166552586822731878491516,91725.5,30.68768328,0.24550146624,0.03072032077694650601833447413,2407.367153974176,0.00219975
mechanical_90d_trend_rearm,3,audit_930bc164aa7da6bd5d63424c,trade_037c9aa6652544eaa768cbad,intent_786a083486f92005392a2b8a,eb10b352da1379eb62ba9b41f2b2565772c9b24eeafe76fbe2c937c2a91953fb,2024-06-15T00:15:00Z,2024-06-15T00:20:00Z,validation,buy,taker,0.00213643,0.02136435,0.0999997659652645645666729856,True,90875.80494857086688806352638858659402228,90966.7,194.343986881,1.554751895048,0.1941909147247428543344403176,2211.468415198128,0.00433618
mechanical_90d_trend_rearm,3,audit_60380e529f114ea37521bc53,trade_4b16e720236f224ff2b40c9b,intent_4f3dd30d8514d4ee7109c291,b36a444ba937b750239301f48b2bcb2a1bf3f0eb5e400aea09f5cfb658f06e1f,2024-06-17T00:15:00Z,2024-06-17T00:17:00Z,validation,buy,taker,0.0008744,0.008744,0.1,True,91440,91531.5,80.0351436,0.6402811488,0.0800076,2130.792990449328,0.00521058
mechanical_90d_trend_rearm,3,audit_8eb728361d92471dc4c90d52,trade_105bb2c57a7cf45a3426d7ae,intent_b8fdb6d40f07cbd48debbc82,af600178dd8d9d4614d9180ce0ebfd3c9cba66c0693213d86295b41593fc258c,2024-06-18T00:15:00Z,2024-06-18T00:20:00Z,validation,buy,taker,0.00357512,0.05344074,0.06689877423104545333765962073,False,91057.01169501021131069667074220903378209,91148.1,325.865395272,2.606923162176,0.3256516209350933389021184961,1802.320672015152,0.0087857
mechanical_90d_trend_rearm,3,audit_6c356c52c15441ebf4390fe2,trade_88a25882bcade7a46d225b7c,intent_df71e64fad46513bb28723cd,0f40425cf3d8567b868b1a7b81b896c4238192c415ab2632641025859d2672f0,2024-06-19T00:15:00Z,2024-06-19T00:17:00Z,validation,sell,taker,0.0087857,0.92959666,0.009451088174090470591837109225,False,89185.6586029891716693560409306978361992,89096.4,782.77424148,6.26219393184,0.7841993082819655354613688049,2578.832719563312,0
mechanical_90d_trend_rearm,3,audit_522bf60534b4c64c090eb518,trade_7ebae0804f5a515739e651e9,intent_5c5b3b714da88e482699d44f,f23b02384b3da4aa45149e75c383a9965d4363afca62cc35d85663fbb9223575,2024-06-20T00:15:00Z,2024-06-20T00:16:00Z,validation,buy,taker,0.00054667,0.00546677,0.09999871953639900709193911579,True,89168.77394439495351002511537891661803954,89258,48.79467086,0.39035736688,0.04877720781761076467457017581,2529.647691336432,0.00054667
mechanical_90d_trend_rearm,3,audit_06ff4d948aeada216b93fafc,trade_7b2b89de4e350a1f72164fa2,intent_b90034149049a98fbf1a3baa,e48e4914e35ddeef7d1d578745db33d8524c6bd5eec11b2fa202c05cdf26be35,2024-06-21T00:15:00Z,2024-06-21T00:17:00Z,validation,buy,taker,0.00010173,0.00101739,0.09999115383481260873411376168,True,88673.6,88762.3,9.029788779,0.072238310232,0.009023451,2520.5456642472,0.0006484
mechanical_90d_trend_rearm,3,audit_160f226d43baf606dd53a991,trade_104dac70a677ac86e80f4629,intent_615a4540e84997d30e34bb9b,e8e81166f53b70dec8f05c2f8308cd2de9e51a3046e72565acf59ceb5fe02a96,2024-06-22T00:15:00Z,2024-06-22T00:16:00Z,validation,buy,taker,0.0001413,0.00141303,0.09999787690282584233880384705,True,87854.13441894368838595075829954070331132,87942,12.4262046,0.0994096368,0.01241540660325683106515785227,2508.0200500104,0.0007897
mechanical_90d_trend_rearm,3,audit_b5dc2498000550ef4f4251e6,trade_ce619a8c32fe9d4c166db68a,intent_f28cca3720d27b5ba88d7975,e460bc2e5783da253104409f7c9e75ef584795c8c7b89ddd68e30731bec31e96,2024-06-23T00:15:00Z,2024-06-23T00:18:00Z,validation,sell,taker,0.00014561,0.00145613,0.09999793974439095410437254915,True,88019.8,87931.7,12.803734837,0.102429878696,0.012828241,2520.721354968704,0.00064409
mechanical_90d_trend_rearm,3,audit_ea616e3d16e4d18ce2fd2018,trade_35b1036f9c4856897bfbe19e,intent_e6a43bd878b3a3b13ab91d7b,6f3205f3b0cfe53b85be2f44132973317ebe8d1262ece93112cb578ccc7ee5e7,2024-06-24T00:15:00Z,2024-06-24T00:17:00Z,validation,sell,taker,0.00064409,0.00675633,0.09533134112750561325453315631,False,86303.46689238092277908272686502879521871,86217.1,55.531571939,0.444252575512,0.0556280517136285527793935465,2575.808674332192,0
mechanical_90d_trend_rearm,3,audit_6adb9cf0868293bef98e7f96,trade_234cf2a4d885ee12e405bed9,intent_de289d77e21e6146a308194d,9bb5b854cd6725959d37c3e5aef5e1e0ef7fb4da39a944e2ea8dbd244309554c,2024-07-16T00:15:00Z,2024-07-16T00:16:00Z,validation,buy,taker,0.00014096,0.00140963,0.09999787178195696743116988146,True,88675.4,88764.1,12.512187536,0.100097500288,0.012503152,2563.196389295904,0.00014096
mechanical_90d_trend_rearm,3,audit_2edbbae174899479b031134c,trade_e8df10273a1e8d0370bb1cc6,intent_0b65e86e8ed461bc895d41af,dee189185c007485cef9907a47f8851044888269c05b0dc4311c7d2e97626721,2024-07-17T00:15:00Z,2024-07-17T00:16:00Z,validation,buy,taker,0.00044783,0.00447838,0.09999821363975366092202984115,True,89352.27043573792308825959387099799481062,89441.7,40.054676511,0.320437412088,0.04004924176348590338470607675,2522.821275372816,0.00058879
mechanical_90d_trend_rearm,3,audit_bb96dfee6b1ae8452ccfe88e,trade_338edcd038ed3d55023d2ebe,intent_7460f17876cb24d87b403f47,1fa3942aab75e1f7d18303e9d1c933aa2d10224e87b24ebc4a63613ec0786ac9,2024-07-18T00:15:00Z,2024-07-18T00:16:00Z,opened_v1_holdout,buy,taker,0.00854335,0.14439737,0.05916555128393266442456673553,False,87602.6,87690.3,749.168924505,5.99335139604,0.749251795,1767.658999471776,0.00913214
mechanical_90d_trend_rearm,3,audit_20d93c6a7113d8dfc5c79d4d,trade_9da147b2ad0385dd566af281,intent_d2fcb8e78b026bf7518167af,284c8a07945e0c53ef1c38ac90504b0f61c2021f379029e71fda3e43c5ae967d,2024-07-20T00:15:00Z,2024-07-20T00:16:00Z,opened_v1_holdout,sell,taker,0.00033861,0.00338613,0.09999911403283394317406596912,True,91789.7257045653888066908240380611494538,91697.9,31.049825919,0.248398607352,0.03109310182288630383357992753,1798.460426783424,0.00879353
mechanical_90d_trend_rearm,3,audit_7fe7652b534487b3e9e5d600,trade_4645b2bdf8d6828ce889ffaf,intent_a36545910913ea8c01eaae83,bd97a469e240c4f62ed727c285acb9406f750f82090ea3cf2df3d3faa2bbc200,2024-07-23T00:15:00Z,2024-07-23T00:18:00Z,opened_v1_holdout,sell,taker,0.00017807,0.0450716,0.003950824909699234107508941329,False,92856.4,92763.5,16.518396445,0.13214717156,0.016542703,1814.846676056864,0.00861546
mechanical_90d_trend_rearm,3,audit_ec27db9e2bf5c98654283828,trade_706431a6f82ed367aa6e59bb,intent_86581256094e52e976f8200f,bf0361a41f66a6f135bbdb2d544ae35257d3ace148301433f8a58f14194b0a90,2024-07-28T00:15:00Z,2024-07-28T00:18:00Z,opened_v1_holdout,sell,taker,0.00005392,0.00577389,0.009338591486848554440766969928,False,93441.18617361951821042659281697434485243,93347.7,5.033307984,0.040266463872,0.005040774481564421906201884691,1819.839717576992,0.00856154
mechanical_90d_trend_rearm,3,audit_6f74471261929ebd56c02901,trade_408f74b373810dcd436779fa,intent_1e7156ab90902a2a34341c46,5842d0a5af733c759851754d2f7452076b5ae64a269e2e4debaf8174fcd01e56,2024-08-03T00:15:00Z,2024-08-03T00:16:00Z,opened_v1_holdout,sell,taker,0.00033926,0.00339261,0.09999970524168707867983646809,True,85638.3,85552.6,29.024575076,0.232196600608,0.029074582,1848.632096052384,0.00822228
mechanical_90d_trend_rearm,3,audit_b43760d706c8fb42b7b10dd3,trade_1f957b93b38ec9aa43a63b50,intent_edff1036545b7830cca36e43,cabb8ebbd2f533b21cc30a93d72c9e8790dd8d26f5343ca976f52f8b7b2a9453,2024-08-04T00:15:00Z,2024-08-04T00:16:00Z,opened_v1_holdout,sell,taker,0.0035458,0.03545806,0.09999983078600464887249894664,True,84290.99461459538395501615147585626511998,84206.7,298.58011686,2.38864093488,0.2988918444323124276962699031,2144.823571977504,0.00467648
mechanical_90d_trend_rearm,3,audit_6a0f4edf031546e4efc29267,trade_93dba5d0ceeea30c99b6c7c3,intent_6c7bf6f01b612bc516c508fb,3ab4eccdfcc845c6c9b1f9d8365990a9138c4c1cee8ef89f6168ee909f08c75e,2024-08-05T00:15:00Z,2024-08-05T00:16:00Z,opened_v1_holdout,sell,taker,0.00467648,0.0856428,0.05460447346420247820015226032,False,80053.05547651407940889368399912193435992,79973,373.99213504,2.99193708032,0.3743778348085620741031353482,2515.823769937184,0
mechanical_90d_trend_rearm,3,audit_3e18db6dc55397f1ceab287b,trade_35346b9b155b3c9dd05c3867,intent_c9e808b2f207b5e4eb90eb7e,ca4aff391a81413526fb10881fccb0ea7dff5a03e66c8188d2dfe28244b33f68,2024-08-09T00:15:00Z,2024-08-09T00:16:00Z,opened_v1_holdout,buy,taker,0.00122819,0.01228194,0.09999967431855228082859873929,True,84579.4,84664,103.98347816,0.83186782528,0.103904874,2411.008423951904,0.00122819
mechanical_90d_trend_rearm,3,audit_29e36165cdd63dc0355f464a,trade_6acfb29412bac11d669537a7,intent_06774be70e0ecd8469c3a9b4,0889f8368c38089f6758011356ea8c569ba86d3e56667f9bcf6fdc58a6a1958f,2024-08-10T00:15:00Z,2024-08-10T00:16:00Z,opened_v1_holdout,sell,taker,0.00122819,0.0282574,0.04346436685611556618797200025,False,83866.98961334022238422501716364562910954,83783.1,102.901565589,0.823212524712,0.1030323842083277300813238302,2513.086777016192,0
mechanical_90d_trend_rearm,3,audit_bdd4123f17e87141dbe97796,trade_0e69f39ae59671fccc0f7b05,intent_b9a367bafc7ff9bcea23bb77,7071bbe2dcd3929898fc56a947046b9253dfc2608306977688fbaa7b47dfa6b5,2024-09-27T00:15:00Z,2024-09-27T00:18:00Z,opened_v1_holdout,buy,taker,0.00016846,0.00168461,0.09999940639079668291177186411,True,87937.63362855497711636521212624880536148,88025.6,14.828792576,0.118630340608,0.01481881493362855497711636521,2498.139354099584,0.00016846
mechanical_90d_trend_rearm,3,audit_297535330bbf07468c1d412e,trade_d3abbb2b522593910013f76e,intent_fbae66788ce20a053cedf77f,ebfe864ad11ee77c148fc039017c229cf77be7cd5ab56bf1180498d4b8e063cb,2024-09-28T00:15:00Z,2024-09-28T00:18:00Z,opened_v1_holdout,buy,taker,0.00010836,0.00108369,0.09999169504194003820280707582,True,89302.04018123264033072188541003423488267,89391.4,9.686452104,0.077491616832,0.009683029961631093762976496969,2488.375410378752,0.00027682
mechanical_90d_trend_rearm,3,audit_a8b3711a0b1d86723b4f0423,trade_691df4e404683b200105a61c,intent_9235cac44f08b94ef47af5f1,b0aa4cb19d18d89159d3698a287cbd9e4e37a64b772ddb4777c0eda0f865a3ce,2024-09-30T00:15:00Z,2024-09-30T00:16:00Z,opened_v1_holdout,buy,taker,0.00008113,0.0008113,0.1,True,88611.6,88700.3,7.196255339,0.057570042712,0.007196231,2481.12158499704,0.00035795
mechanical_90d_trend_rearm,3,audit_42251f6ce0cd40c5179aad23,trade_ad1a43e66d2fbf85e9820e85,intent_2f96676e78693d27ef88b43d,086848eff4c0d84b5ac7fe0cc97ea2da87f0cf3cb6e3ab920b4780f05885c8a6,2024-10-02T00:15:00Z,2024-10-02T00:16:00Z,opened_v1_holdout,sell,taker,0.00012999,0.00129993,0.09999769218342526136022708915,True,82143.4,82061.2,10.667135388,0.085337083104,0.010685178,2491.703383301936,0.00022796
mechanical_90d_trend_rearm,3,audit_42ebfa6d94e53abf0ccdbfc3,trade_6a1186a7e9cf2d65f95a411f,intent_4b4a8d3633a81260ea5bd7b5,e418215e12f9dadb643b155dfee2715312fb52f88552ea61d839d14dc6fa9446,2024-10-05T00:15:00Z,2024-10-05T00:16:00Z,opened_v1_holdout,sell,taker,0.00022796,0.00571969,0.03985530684355271002449433448,False,84448.2,84363.7,19.231549052,0.153852392416,0.01926262,2510.78107996152,0
mechanical_90d_trend_rearm,3,audit_51bdb6f524f2dd12f22f2cb0,trade_9b2f6113c233fbfbfb076c5f,intent_8b8d5ada23a2d597ff6973ad,feab8c5e6a41b7d45a1c8daec4cfbd5d99e78de11ea83246f89bacc178e49d49,2024-10-13T00:15:00Z,2024-10-13T00:17:00Z,opened_v1_holdout,buy,taker,0.00479679,0.0479679,0.1,True,86923.3,87010.3,417.370136937,3.338961095496,0.41732073,2090.071981929024,0.00479679
mechanical_90d_trend_rearm,3,audit_ce4f3174ea87603894f2c4b4,trade_6f9c5ff960af9077886e1b4a,intent_dba4b4d6c6dd3abfe1ddb4e0,cbdc70ec7cb4587edfd7c148a48a39a4bdf62bf64ebc02d400c31415ce54ca4e,2024-10-14T00:15:00Z,2024-10-14T00:18:00Z,opened_v1_holdout,sell,taker,0.00113495,0.01134952,0.09999982378109382599440328754,True,86253.16164375233490050680557415644009615,86166.9,97.795123155,0.78236098524,0.09790265257671249533019898639,2187.084744098784,0.00366184
mechanical_90d_trend_rearm,3,audit_1c3c7596e9e6a281cf296753,trade_6945ca82de68367012f13533,intent_2b5bfaa5f773bf3657e25086,932d5e593a9f1cad1badadb92557ebe6566a532ce4043a085598ddc0950dfb57,2024-10-15T00:15:00Z,2024-10-15T00:16:00Z,opened_v1_holdout,buy,taker,0.00005367,0.00053676,0.09998882181980773530069304717,True,90218.3,90308.6,4.846862562,0.038774900496,0.004846401,2182.199106636288,0.00371551
mechanical_90d_trend_rearm,3,audit_f0e0df84c22a8849918d9bb7,trade_7f02474dfa8ece924a691706,intent_5a0b509ce855f340cf61315b,c00278a3c0351fd7c17c7aaf413f02c02ff48ba8c1ec4551031a6bf6ac981663,2024-10-16T00:15:00Z,2024-10-16T00:16:00Z,opened_v1_holdout,buy,taker,0.00032878,0.00328787,0.0999978709620514193079410074,True,91895.8,91987.7,30.243716006,0.241949728048,0.030214882,2151.71344090224,0.00404429
mechanical_90d_trend_rearm,3,audit_05f1576b19a9d6f22fb1b0aa,trade_d01ca840a8ee51043b26874b,intent_a00f581ddd7fd06b149c5302,bcb7ca55fa79d6af6b6ed965fe55a46da6535c3f1df4ba64efaad2bf99710320,2024-10-17T00:15:00Z,2024-10-17T00:17:00Z,opened_v1_holdout,buy,taker,0.00343012,0.03430125,0.09999985423271746656462956889,True,92810.21056888597354323822018148026675413,92903.1,318.668781372,2.549350250976,0.3186218954528444298677161911,1830.495309279264,0.00747441
mechanical_90d_trend_rearm,3,audit_ae9f4729bb78071b9ec485d1,trade_c73e91bc728d56b7275abaa0,intent_ac2d93daab6a23c34d96e12a,43f1c5466782b355bf8f75af7f4a8d536b1cf4fb8400a046308fa67fba3247d3,2024-10-26T00:15:00Z,2024-10-26T00:16:00Z,opened_v1_holdout,sell,taker,0.00161854,0.01618542,0.09999987643199867535102579976,True,92214.5,92122.2,149.103465588,1.192827724704,0.149391242,1978.40594714256,0.00585587
mechanical_90d_trend_rearm,3,audit_6aa48ec16f156c88ecab6c9e,trade_50887fd7db23d29ff78d06b2,intent_e1008229d562ada8a925f8ba,717345e3248603505af8c0db5707cf7eec982ad75c3e0b3de46203ab1b57b267,2024-10-30T00:15:00Z,2024-10-30T00:17:00Z,opened_v1_holdout,buy,taker,0.00011383,0.00113836,0.09999472925963667029762113918,True,100728.3672107241997259215011068554762992,100829.1,11.477376453,0.091819011624,0.011466413403264345198355529,1966.836751677936,0.0059697
mechanical_90d_trend_rearm,3,audit_62497c3ee89db684999fc628,trade_8448249c3041cacb598e822a,intent_7b21adeb77aec1bac64e8d68,2a857a0c49ef5d9a751a594302bf816be966d0e086c5bfae949c276a6d1fc43f,2024-11-01T00:15:00Z,2024-11-01T00:18:00Z,opened_v1_holdout,buy,taker,0.0019104,0.01910405,0.09999973827539186716952688043,True,97890.30038661959113381717489223489260131,97988.2,187.19665728,1.49757325824,0.1870274214019330979556690859,1778.142521139696,0.0078801
mechanical_90d_trend_rearm,3,audit_ec5fa8749bd8943bd08beac5,trade_8b299958c810e42d5b6c5f16,intent_1ad6cab365aafeade4539bf1,483b171d81a9df50d48c5b8c0bdfc95d00d113a1b72fce6bdf5d1a9afc93ee25,2024-11-07T00:15:00Z,2024-11-07T00:16:00Z,opened_v1_holdout,sell,taker,0.00023068,0.01180904,0.01953418736832121832087959733,False,104583.0992186494414448591926185363077778,104478.5,24.10110038,0.19280880304,0.02412894775805315250011855324,1802.050812716656,0.00764942
mechanical_90d_trend_rearm,3,audit_df480566b96b345cd92d4dea,trade_659d31c5b14cb872fd3f06e2,intent_3e75a5ab0e64e38bee551fde,b4c511fa3cd940f2e6c1143cb15f39e19aef56616610e8c932e45fce87c028aa,2024-11-09T00:15:00Z,2024-11-09T00:16:00Z,opened_v1_holdout,sell,taker,0.00011783,0.02,0.0058915,False,106219.319173,106113,12.50329479,0.10002635832,0.01252758815459,1814.454081148336,0.00753159
mechanical_90d_trend_rearm,3,audit_83699c6e7552767fdf1b3ac0,trade_08ff181a63b437ced9ea4aef,intent_9ab47d23c0ace3fda7888012,59e175e4f628ba88ae0e0d465858eb2c5f6e373662f1f0d64ec568ec2a2fa8b4,2024-11-11T00:15:00Z,2024-11-11T00:16:00Z,opened_v1_holdout,sell,taker,0.00034373,0.00447004,0.07689640361160079104437544183,False,111298.9,111187.6,38.218513748,0.305748109984,0.038257149,1852.366846786352,0.00718786
mechanical_90d_trend_rearm,3,audit_e5f9b76aaf194bdc810d3c4b,trade_3cf729252631896bdbd39489,intent_2cce385ab77675123917363e,22040b22a3ccca070598079fac323b0971b9b6fa859b3905130e34b7cac048bd,2024-11-12T00:15:00Z,2024-11-12T00:16:00Z,opened_v1_holdout,sell,taker,0.00044163,0.01127535,0.03916774202131197701180007716,False,118584.8949464096458203071301556049257894,118466.3,52.318272069,0.418546176552,0.05237508618289188362223789062,1904.2665726788,0.00674623
mechanical_90d_trend_rearm,3,audit_b3246a5b838ae07e07496e40,trade_6039af97299406d60903984d,intent_53e0e88de7e24d0f66938b39,10dec770219009c545d2c89514d69f673f761ccfd677ac532428e1d9cb223ee6,2024-11-14T00:15:00Z,2024-11-14T00:16:00Z,opened_v1_holdout,sell,taker,0.00037088,0.00377205,0.09832319295873596585411115971,False,125483.4,125357.9,46.492737952,0.371941903616,0.04654544,1950.387368727184,0.00637535
mechanical_90d_trend_rearm,3,audit_b99d4d92d0d2240dad7fbf04,trade_9b7b6b1d6ca41166ac56beba,intent_95fa7d27b2a3f3ba50888b2a,7f983172c77b2049fc64203720ad3d2edfc27100cf6143b4f6cee47a0691ce3e,2024-11-16T00:15:00Z,2024-11-16T00:16:00Z,opened_v1_holdout,sell,taker,0.00007552,0.004618,0.01635339974014724989172802079,False,126987.7483607622347336509311390212213079,126860.7,9.580520064,0.076644160512,0.009594692204763967085318319617,1959.891244630672,0.00629983
mechanical_90d_trend_rearm,3,audit_4643296c1fd02e201cacf750,trade_778b25eac830e8fa78a7a1d4,intent_661de343f0db75ff895ab7e5,786269b12fcec240a51faca42c51bba23944451da1ada77d2304391698f6b545,2024-11-20T00:15:00Z,2024-11-20T00:16:00Z,opened_v1_holdout,sell,taker,0.00010292,0.00154148,0.06676700313983963463684251499,False,129096.6,128967.5,13.2733351,0.1061866808,0.013286972,1973.058393049872,0.00619691
mechanical_90d_trend_rearm,3,audit_4b87876db0a47fc7f5256a02,trade_be3db37205175c4098bf2f53,intent_503faa0caa4a84ea4d8e281f,8b6fd8d1dd8eacf4f7973c52f4ba6f6786eac0956736da10d0ac8b82c01ae767,2024-11-21T00:15:00Z,2024-11-21T00:18:00Z,opened_v1_holdout,sell,taker,0.00013354,0.0016038,0.08326474622770919067215363512,False,131939.8289038533482977927422371866816311,131807.8,17.601613612,0.140812908896,0.01763113982057613168724279836,1990.519193752976,0.00606337
mechanical_90d_trend_rearm,3,audit_b699cbbc6c4d9eca061d6f6f,trade_8e72bc8ed3f5897b34c4813c,intent_322166c9d3c954316f243da2,c9fff1ab37383f3e67de33babc189d43e93d1ccbe0f10764e5aa8e5f0c5719aa,2024-11-22T00:15:00Z,2024-11-22T00:16:00Z,opened_v1_holdout,sell,taker,0.00019916,0.00711651,0.02798562778665385139626024554,False,136420.9,136284.4,27.142401104,0.217139208832,0.02718534,2017.444455648144,0.00586421
mechanical_90d_trend_rearm,3,audit_0abf946c44b5a5e04d03cf52,trade_3cf59303667c9d7bec441da4,intent_e03b42ff3c1df79fa2fc86eb,452ab8b639b3b4647ee911d84382185d4b2116aef8c5981d4cd84a2568273492,2024-12-05T00:15:00Z,2024-12-05T00:17:00Z,opened_v1_holdout,sell,taker,0.00009699,0.01159318,0.008366125601431186266408353877,False,138715.0273212354159945761214783174245548,138576.3,13.440515337,0.107524122696,0.01345516288662299731393802218,2030.777446862448,0.00576722
mechanical_90d_trend_rearm,3,audit_dff4eaf6e98098a393b3b2f6,trade_17c418193bb1562ec48d83b9,intent_ad018363ea2c7940bcd82a31,f424238810245fe3bc94c412b6af78211aff8cce2a92bd54e2b659d3ba36010e,2024-12-07T00:15:00Z,2024-12-07T00:17:00Z,opened_v1_holdout,sell,taker,0.0001134,0.0015625,0.072576,False,141497.3,141355.8,16.02974772,0.12823798176,0.0160461,2046.678956600688,0.00565382
mechanical_90d_trend_rearm,3,audit_9fcc73be5a2cc963547a3545,trade_4526199077c3fb7db3b45076,intent_b39405f32d015877bc92b273,582e9090d836f02f6df0d3e49e119460d06448048486bf27a81327765d942022,2024-12-15T00:15:00Z,2024-12-15T00:18:00Z,opened_v1_holdout,sell,taker,0.00011657,0.00184084,0.06332435192629451772017122618,False,144476.2616609808565654809760761391538645,144331.7,16.824746269,0.134597970152,0.01685155282053844983811738119,2063.369104899536,0.00553725
mechanical_90d_trend_rearm,3,audit_7d204830c0487e756a3db0f3,trade_b1d4fdfaff599dfbde1fd846,intent_dc1a49ca840921d8f4ecfc3f,95ae21782369ca969b9f42cfa5a823cc21652f441aab105b8e2fc8b5af5542af,2024-12-17T00:15:00Z,2024-12-17T00:17:00Z,opened_v1_holdout,sell,taker,0.00020746,0.01314296,0.0157848764661841776890441727,False,150100,149949.9,31.108606254,0.248868850032,0.031139746,2094.228842303504,0.00532979
mechanical_90d_trend_rearm,3,audit_b903f6f435174edd4467bc91,trade_4029730960f512b17d3e33ef,intent_a0ec7ecc0c9c5e13c9007b3f,e665655a3260ad06ee05b248dcb5496c887bb32e2a64adc75556cf9b9cb1dd3a,2025-01-22T00:15:00Z,2025-01-22T00:16:00Z,opened_v1_holdout,sell,taker,0.00005204,0.00772349,0.006737886628972135653700593902,False,151579.9733739540026594195111277414743853,151428.3,7.880328732,0.063042629856,0.007893082380566298396191359086,2102.046128405648,0.00527775
mechanical_90d_trend_rearm,3,audit_670e03c95a031053f251b5f6,trade_bb9a3d700b022f4d6699266b,intent_ba78c443be4a0d054eaac8d7,5e4bef7acd6c73e32f17afcdcb4bea8c191a5f9300ec2531eeaff5e9527534d4,2025-02-27T00:15:00Z,2025-02-27T00:16:00Z,opened_v1_holdout,sell,taker,0.00027938,0.00279382,0.09999928413426777673579543421,True,121042.2858523455340716295251662598163089,120921.2,33.782964856,0.270263718848,0.03382896542829530893185674096,2135.5588295428,0.00499837
mechanical_90d_trend_rearm,3,audit_91e958e3633c3c5441eab840,trade_871e43e3a4972336d2471277,intent_01b07004ab2790dae67e5fee,4bc647f60845e5576012440f7121e628a8c399ea14a5a05013982db7b4aaed91,2025-02-28T00:15:00Z,2025-02-28T00:17:00Z,opened_v1_holdout,sell,taker,0.00017446,0.00174463,0.09999828043768592767520907012,True,121978.6750577486343809289075620618698521,121856.6,21.259102436,0.170072819488,0.02129721457482675409685721328,2156.647859159312,0.00482391
mechanical_90d_trend_rearm,3,audit_9a45d907f73facffad863cbe,trade_468fd94dbb62c0b9039e158a,intent_f90a27bf9a743959a2cff5ff,0d436994ae7b0a9a8bdae26cc63427bf9d95c33de73b62a5cdb18133a224e5e2,2025-03-01T00:15:00Z,2025-03-01T00:16:00Z,opened_v1_holdout,sell,taker,0.00028042,0.00280421,0.09999964339332646271142318157,True,122331.2790607693432374893463756280735038,122208.9,34.269819738,0.274158557904,0.03431753622093923065676251065,2190.643520339408,0.00454349
mechanical_90d_trend_rearm,3,audit_0e034650cc9f67269f400451,trade_ae8ab48e5061e2c3f77e943b,intent_32d62c2cfa3059286ae15962,fb25f2f39243ffdd76a472670bba967e0e4ff09a25afbf2acca4bdfbafb14337,2025-03-03T00:15:00Z,2025-03-03T00:18:00Z,opened_v1_holdout,buy,taker,0.00135407,0.03429968,0.03947762777961776902874895626,False,135649.1764046486731071543524604311177247,135784.9,183.862259543,1.470898076344,0.1837792487573712057955059639,2005.310362720064,0.00589756
mechanical_90d_trend_rearm,3,audit_f33a359c98dfe5079a5952f5,trade_dcfda86b60ce14217d398e8f,intent_7d118db04052c73532ea15ca,1a5f438d06fb2e9010899768b869af72dc418a2f620a9f8745d7b729b39e7e1f,2025-03-04T00:15:00Z,2025-03-04T00:17:00Z,opened_v1_holdout,sell,taker,0.00039852,0.00398525,0.0999987453735650210149927859,True,124837.8,124712.9,49.700584908,0.397604679264,0.049775148,2054.6133429488,0.00549904
mechanical_90d_trend_rearm,3,audit_ddc2ceffd065973262f8ae59,trade_2edfb722d2fbb89f29b85053,intent_944c520c37af54614d867eed,ad0f6a9a06311802b6792e06cf074585bb926a66b12387a0a80650f0d7ea302b,2025-03-05T00:15:00Z,2025-03-05T00:18:00Z,opened_v1_holdout,sell,taker,0.00031776,0.0031776,0.1,True,124903.1,124778.1,39.649489056,0.317195912448,0.03972,2093.945636092352,0.00518128
mechanical_90d_trend_rearm,3,audit_56caf41ade588018d8f9404f,trade_45d505b3244d69d3617bcf8a,intent_c1dfe76c2b91bb98273a6c93,0fbd5f16a564dcf70f5d3051bd7e7857c273ea4a5240ce2600d4f09204a559bd,2025-03-06T00:15:00Z,2025-03-06T00:18:00Z,opened_v1_holdout,sell,taker,0.00048101,0.00481013,0.0999993763162326174136665745,True,130165.7126557910077274418778702446711419,130035.5,62.548375855,0.50038700684,0.06263358956203262697681767434,2155.993624940512,0.00470027
mechanical_90d_trend_rearm,3,audit_37badebb139f46d0d2788daa,trade_721269ee1c128b4c69cef256,intent_c460953fc08874643723e54c,6ca4dc18b593bc1ec9516bc6625b1c29c17615aa2628d506a69777485caf654d,2025-03-07T00:15:00Z,2025-03-07T00:16:00Z,opened_v1_holdout,sell,taker,0.00219755,0.02197553,0.09999986348452119243540428832,True,127696.4153398803123292134478667863755732,127568.7,280.338596685,2.24270877348,0.2806608451539803590630123597,2434.089512852032,0.00250272
mechanical_90d_trend_rearm,3,audit_a63069ddd9c410b1384180a6,trade_6653d01bdaeec66db0014fc6,intent_b50c0f4bddba838661bb2ffd,160ac49d0973da8b898b936b37c56819ae61bcf57a0603874683c4094983d0a2,2025-03-10T00:15:00Z,2025-03-10T00:16:00Z,opened_v1_holdout,sell,taker,0.00176203,0.01762036,0.09999965948482323857174314259,True,116366.4982873789184783965821356657866241,116250.1,204.836163703,1.638689309624,0.2050972743102757264891296206,2637.286987245408,0.00074069
mechanical_90d_trend_rearm,3,audit_67f84d46ec8c149975a51b4a,trade_df12f8a8abc93bcbe0cb2296,intent_b6e5b624be156932bf830682,8bfba926e4e8a6d4001e40d9483b75d8370c8013bbab1c11a0ccef5d68c636e4,2025-03-11T00:15:00Z,2025-03-11T00:17:00Z,opened_v1_holdout,sell,taker,0.00074069,0.01023265,0.07238496381680209916297342331,False,113539.6553664006879938236918100394326005,113426.1,84.013578009,0.672108624072,0.08410932433932559014527028675,2720.628456630336,0
mechanical_90d_trend_rearm,3,audit_e68ad978cd574a5aebc17145,trade_edf790d1f8f661c6515e20ae,intent_e2a21442dcf037678efc5a03,ec21c1c59c1f35a9640fd5aeb64ff740b415e791b8925fdd252573c0f9864a27,2025-05-11T00:15:00Z,2025-05-11T00:16:00Z,opened_v1_holdout,buy,taker,0.00016841,0.00168411,0.09999940621455843145637755254,True,145719.9637969016275658953393780691285011,145865.7,24.565242537,0.196521940296,0.02454343396379690162756589533,2695.86669215304,0.00016841
mechanical_90d_trend_rearm,3,audit_632c63d76368b62fbabdee11,trade_a68c3f326847ef90f470e88d,intent_3e9be7d0928c202bad042b4e,9f5f371be2707f632d722c134702d52f708a1328dae61702e68b461c335d9ff8,2025-05-14T00:15:00Z,2025-05-14T00:16:00Z,opened_v1_holdout,buy,taker,0.00149164,0.01491644,0.09999973183950057788587625466,True,144887.8561995355460150008983376730640823,145032.8,216.336725792,1.730693806336,0.2162039705247981421840600036,2477.799272554704,0.00166005
mechanical_90d_trend_rearm,3,audit_a21822427ece8a00b0465b40,trade_d6ecaa8bb9f0c26bac9b76bd,intent_ad678b8a3e59f028056a7bd2,9424a37dc31ed3cf75a02caced44f9f1f84b8c797776e8be8016c9cd1ba04462,2025-05-15T00:15:00Z,2025-05-15T00:17:00Z,opened_v1_holdout,buy,taker,0.0038538,0.05687718,0.0677565237939011744253143352,False,145089,145234.1,559.70317458,4.47762539664,0.55918638,1913.618472578064,0.00551385
mechanical_90d_trend_rearm,3,audit_a21f935ac59bb5a7761e1ea0,trade_02ed7e08ce948c7e91aa5c81,intent_7c1164789ee12f135cf31c74,51807d4b3e1958759fd042541ce15132754ec3a1fe4fbd6165c378a4fdce0117,2025-05-19T00:15:00Z,2025-05-19T00:16:00Z,opened_v1_holdout,sell,taker,0.00013898,0.00599249,0.02319236244032113528766839828,False,148841.0185039941660311489881501679602302,148692.1,20.665228058,0.165321824464,0.02069669368510919500908637311,1934.1183788116,0.00537487
mechanical_90d_trend_rearm,3,audit_fdfc85362ece11c3898a5328,trade_6534e4ef7986bc130104210f,intent_eedda2fe2ea3abb1c767403b,8f215d2b0bbce869e2e0dee68b4ffd103103d3e731a5c7c898642635ab82278c,2025-05-22T00:15:00Z,2025-05-22T00:16:00Z,opened_v1_holdout,sell,taker,0.00010406,0.00394391,0.02638498343014926811210194959,False,151779.4269311419378231247670459011488599,151627.6,15.778368056,0.126226944448,0.0157991104546300498743632588,1949.770519923152,0.00527081
mechanical_90d_trend_rearm,3,audit_d5e985015be7ba3fca628431,trade_52a1ef894e7d0dbf4d95b990,intent_e9cf6109062b07113a8a5d31,5a391d0858f24875443c0a5c6e4c33ffafe3897f56b6082eddd12c6f0c7b3865,2025-05-23T00:15:00Z,2025-05-23T00:16:00Z,opened_v1_holdout,sell,taker,0.00006038,0.0006038,0.1,True,154839.8,154684.9,9.339874262,0.074718994096,0.009352862,1959.035675191056,0.00521043
mechanical_90d_trend_rearm,3,audit_40f32d6809492f99effc5ca8,trade_b991874288dc6db2a2244235,intent_0cff8da456080f19842dd249,3f06e85cf12a28d82b2dfdab1eb9a09b6da3ba7557977c4fbfd0c40603fda004,2025-07-11T00:15:00Z,2025-07-11T00:16:00Z,opened_v1_holdout,sell,taker,0.00012382,0.01676743,0.007384554460641851494236147102,False,157275.8199642998360512016450940901497725,157118.5,19.45441267,0.15563530136,0.01947935797960569985978769555,1978.334452559696,0.00508661
mechanical_90d_trend_rearm,3,audit_52180910c06d479ee448b2bc,trade_ac080c15663162f95b31ce88,intent_454014c385d16069b754615c,cd6ef5dcbaa966b26db36874dfbf137670d97117d3326edd70b3e1497925ebaf,2025-07-12T00:15:00Z,2025-07-12T00:17:00Z,opened_v1_holdout,sell,taker,0.0001052,0.01822434,0.005772499854590070202816672648,False,160597.1029432067224382337028391700330437,160436.5,16.8779198,0.1350233584,0.01689542962534720050218553868,1995.077349001296,0.00498141
mechanical_90d_trend_rearm,3,audit_3d9b8a33a2761d66b745840d,trade_62e54374df8f03cd4c6908a3,intent_a0819af39877df927204f20f,aae125855f3bfa240634ac55e775963fc8a3a4e671541cf5d125f861efeabad8,2025-07-14T00:15:00Z,2025-07-14T00:16:00Z,opened_v1_holdout,sell,taker,0.00005601,0.00144025,0.03888908175663947231383440375,False,162423.3794271827807672279118208644332581,162260.9,9.088233009,0.072705864072,0.009100472716507550772435341089,2004.092876146224,0.0049254
mechanical_90d_trend_rearm,3,audit_67b486159ac0d78afe64dd8d,trade_8ebe40c0245a1a4bdaefd99c,intent_54879b7d0c518adc3f71ed6f,6983fb4e910b7cad69287211085df303608343f14474e465addfadf4a81e55a4,2025-08-13T00:15:00Z,2025-08-13T00:16:00Z,opened_v1_holdout,sell,taker,0.00005466,0.00619016,0.008830143324243638290448065963,False,164246.2206001137288858446308334518009228,164081.9,8.968716654,0.071749733232,0.008981764002216420900267521359,2012.989843066992,0.00487074
mechanical_90d_trend_rearm,3,audit_fb227e5c66450d8c9725b701,trade_1f24f9ae3595c11875bbbd7e,intent_731cc8b9494e38eebc8397e5,9a3f4387d5c5331eabdb5e0237de026c22ea793309a77a3b7e9e5d588d8e6e53,2025-08-14T00:15:00Z,2025-08-14T00:16:00Z,opened_v1_holdout,sell,taker,0.00016483,1.01342061,0.0001626471756874966259073811416,False,169999.2827214556056838038847463344958023,169829.2,27.992947036,0.223943576288,0.02803473497752748486139432273,2040.758846526704,0.00470591
mechanical_90d_trend_rearm,3,audit_299793ad16c0461013e89d75,trade_52ef8b2651607787f96981bd,intent_9e726197cbf7c823ce6520b3,2d2cb755d7c8c100091f7b53f912f1b6327fa1665911ce7b15c7c2ffe602e15c,2025-10-06T00:15:00Z,2025-10-06T00:16:00Z,opened_v1_holdout,sell,taker,0.00006772,0.26096663,0.0002594967793391821781964996827,False,172481.2111829815175986293726519746988341,172308.7,11.668745164,0.093349961312,0.01168245731150837177918111599,2052.334241729392,0.00463819
mechanical_90d_trend_rearm,3,audit_1e7c902850547d558bfa86e2,trade_d510cdbf51a160b9758edc96,intent_5c1dc6e0be9a80a4def4c532,09f103fdad95daba3ed0cc166aa7013ee0cb62956a339342ff0ce3e7fc89cb8a,2025-10-12T00:15:00Z,2025-10-12T00:16:00Z,opened_v1_holdout,sell,taker,0.0006574,0.00657408,0.09999878309968847352024922118,True,155602.8,155447.1,102.19092354,0.81752738832,0.10235718,2153.707637881072,0.00398079
mechanical_90d_trend_rearm,3,audit_7b07cb168c682663f86df679,trade_453ede6ba25a2df6cb11f137,intent_e2e3d4472d966474cebfcda9,c7ed03c021db873c1c41af3ee00b6187dfe0a664e0c674c36a533d240bbd4d17,2025-10-13T00:15:00Z,2025-10-13T00:16:00Z,opened_v1_holdout,sell,taker,0.00398079,0.5591033,0.007119954398409023878056166007,False,161830.7246963056737457997475600662704012,161668.8,643.569542352,5.148556338816,0.6445882118066629905421770898,2792.128623894256,0
